item_id,question_id,correct,judge_verdict,human_label,p_correct_bayesian,p_correct_logreg
0000c89e3064e231,139,True,B,B,0.9307111144065857,0.9310110579794187
002417ebbbf5d6ed,100,True,B,B,0.9067543089389801,0.9080388250321375
00343d30968973ef,138,True,A,A,0.43110981285572053,0.4299747557649522
00354c3a0163c165,85,True,A,A,0.9065252602100372,0.9077693292743134
0036197ad8caedd9,89,False,A,B,0.4189589321613312,0.4196415483274259
003a725089f2dc63,142,True,A,A,0.8052534401416779,0.8065431198127223
00535b66b93d6b1d,131,True,B,B,0.7550842702388764,0.7557874061357588
0055bcd17568b6e5,151,True,A,A,0.8673189282417297,0.8711576263035244
00afc0a7fdc55647,110,True,B,B,0.9051443219184876,0.9064500560786477
00b4bcbc3f27436d,93,False,A,B,0.34738350510597227,0.3527401906539403
00bd51fd8d75086e,81,True,A,A,0.8653978645801544,0.8693602314744814
00cfd9fa61f81584,85,False,A,B,0.4273995339870453,0.4351622306636595
011597f9936f5d49,98,False,A,B,0.42782395482063296,0.4339570251332899
01805e49662d2235,152,False,A,B,0.4194102197885513,0.4267292756441938
01d69da35c17751c,90,True,A,A,0.4502341717481613,0.44437621299560676
020abd92a8e68184,99,False,A,B,0.35970193445682525,0.36078249923325056
0240d5945e44aabd,120,True,A,A,0.9064073503017426,0.9076196249353619
024fda917e530aa9,133,True,B,B,0.8406529784202575,0.8512621684055027
024ff8474fe9abc8,129,True,A,A,0.9323217988014221,0.9325808762977615
02504297008c88fb,108,False,A,B,0.5828209698200226,0.583107841827116
025fbef5e3544acd,146,True,A,A,0.9051434576511384,0.9064971627332488
0266e7ef16f1e967,96,True,B,B,0.9076018095016479,0.9091304552471934
02b5d99fe3ae987d,83,True,B,B,0.9050345659255982,0.9062739978140195
02bc773a50cd75c3,118,True,A,A,0.8524223864078522,0.8526822939703338
02c2a72b0d9c7966,81,True,B,B,0.9063980519771576,0.9077066038329413
02e6a33cc5e92612,91,True,B,B,0.9066595494747162,0.9079458795492605
0321f640646865e3,93,True,A,A,0.9043322026729583,0.9057933405008886
03282903e4925c91,93,True,A,A,0.903790807723999,0.905256370649211
03283ae65e163af7,113,True,A,A,0.469734188914299,0.4640400637016266
037b826f3de28bfc,101,True,B,B,0.9329218208789826,0.9333231411243382
037d5d52095973e1,144,True,A,A,0.9053172051906586,0.9066938410779652
03acda5e560c59d0,97,True,B,B,0.9085803031921387,0.9097516465960391
03c24b709bacfa46,159,True,B,B,0.9073648691177368,0.9087537071566907
03d97f51c3b7f7b1,123,True,A,A,0.9070916116237641,0.9084377307712522
04023690fa73c0d5,140,True,B,B,0.7422626733779907,0.7425501838080765
0404b7fedc3a4b34,142,True,A,A,0.5040187269449234,0.5094914785514859
0408364bdeab5338,129,True,B,B,0.9323217868804932,0.9325808698389879
041efbb47e37f88f,155,True,A,A,0.906199038028717,0.9075578469289448
044e7bf0c61c6b6e,88,True,A,A,0.7307543337345124,0.7353224090759517
045ea2274b643e6d,104,True,B,B,0.9331424236297607,0.9336493858128982
048c9afa99a3965f,140,True,A,A,0.9337338030338287,0.9341269623059691
0493f7837c112dff,121,True,A,A,0.5203803360462189,0.5212466439397463
04c0836af4a99172,101,True,B,B,0.3551840275526047,0.3558737652561666
04cec1bb0939d0c9,151,True,B,B,0.829493373632431,0.8335682949761969
04e829f94b3a52fe,133,True,A,A,0.933002370595932,0.933483088311372
0510ac619020668f,128,True,A,A,0.2743992507457733,0.26982582107741104
0596e01b37d97076,138,True,A,A,0.8135592401027679,0.8146759806804098
059aa9abeddb4beb,86,True,A,A,0.7383445680141449,0.7422592825707899
05a0db92076e90fb,99,False,A,B,0.7186416149139404,0.7223562717914422
05b9f0a047651e12,124,True,A,A,0.8708128690719604,0.872375241543254
05f04fce28dff1ca,115,True,A,A,0.3742354243993759,0.37224525831961663
05fcc8cd86692538,151,True,A,A,0.5197850197553635,0.520327070504826
06011b0368555b19,127,True,B,B,0.9293082177639007,0.9297080099897151
0607b9a2a6f8cde6,134,False,B,A,0.8870939075946808,0.8881570961595541
0608cd3939c77f00,123,False,B,A,0.9070914566516877,0.9084375998260933
06150936ba71d62e,155,False,A,B,0.41673206984996797,0.4241731444526561
061c814e53604559,106,False,A,B,0.9374854564666748,0.9375945893283133
06cbbde192b507be,150,True,A,A,0.5094299048185349,0.5132863298793927
0701af8aa4e13c0c,98,True,A,A,0.3499396204948425,0.35427064189684276
070f1cb8b5c05367,86,True,B,B,0.9051843523979187,0.9066303817342044
072f347b7c436504,136,True,A,A,0.9309877455234528,0.9315591190179857
0766fe95dfcc2e48,111,True,B,B,0.8589527547359467,0.8631069938362007
076b6a128571d159,99,True,B,B,0.9038982391357422,0.9051694999699571
07725d3f29137512,85,True,B,B,0.9065252780914307,0.9077693344722129
0773b398f28dd61a,120,True,B,B,0.9064073622226715,0.907619649878009
07c8bcbe1d20812f,91,False,B,A,0.8725367903709411,0.8762824201584907
08324b93903060d2,134,False,A,B,0.4764446347951889,0.4705870506843303
084963b8f3b2b060,121,True,A,A,0.3805970311164856,0.37416138131571564
08602e94ce0ff95c,106,False,B,A,0.9374854505062103,0.9375945553711936
087dd20931386168,149,True,B,B,0.9076426684856415,0.9087757067103723
088febd342517c63,137,True,B,B,0.9089176893234253,0.9102567291671326
0899fbc1d9b08586,122,False,A,B,0.2882478624582291,0.2833718786164002
08beaa209dc90d56,147,True,A,A,0.9041035830974579,0.9053163446839954
08bef96eea8aa26b,127,True,B,B,0.9293081581592559,0.9297079377572615
09457c1ad8de74c5,114,True,B,B,0.931789082288742,0.9322762850740289
0947895a6b23d0f1,92,True,B,B,0.9051029264926911,0.9064076019062238
094fe76bd2fc76de,116,True,B,B,0.6975577652454377,0.6975790785993382
0997dec561ecb774,85,True,A,A,0.4273983359336853,0.43516047126083357
09bd86fa12b67c5e,123,True,B,B,0.9338333487510682,0.934208147026719
09d7975f564efe8b,103,True,B,B,0.9284456193447113,0.9290050504650544
09db9f9f5c3d03db,133,True,A,A,0.5213095784187317,0.5221023248523209
0a1a9cd6dda8c9e2,149,True,A,A,0.42935327887535096,0.4351990730916784
0a68160d346a67b2,146,False,A,B,0.5285500586032867,0.5333757489423945
0aa19a1becf6eb25,86,False,A,B,0.3472453892230988,0.3527299575714819
0ae6959340bd204d,100,False,B,A,0.6009745001792908,0.5999868650551448
0b445579982ae268,138,True,B,B,0.9082268714904785,0.9094780192518244
0b625cc6bc96c302,120,True,A,A,0.9318753540515899,0.9323284520013988
0b77014063d264e9,150,True,B,B,0.9066491186618805,0.9078630862198575
0b8c8bbc8a18dc77,100,False,B,A,0.4040829300880432,0.4044514073193176
0bb29084d74987dd,87,True,A,A,0.741255271434784,0.7442907678306508
0bcf9e623eb5f39d,97,True,B,B,0.8720682203769684,0.8755744847603634
0bdc983c217f8184,146,False,A,B,0.4341795116662979,0.441269907866278
0be82af610fb85ad,97,False,A,B,0.4181420922279358,0.42492306421388876
0bfa8eab85db0a65,110,True,A,A,0.9051442801952362,0.90645000449612
0c0b784f6b73e480,117,True,A,A,0.7116229295730591,0.7146226572614356
0c14d4259efbf763,103,True,A,A,0.520334529876709,0.5244472588087656
0c3401245aee3cdd,95,True,B,B,0.9037420928478241,0.9050103640894932
0c3794b8d6844d63,116,True,B,B,0.9320961236953735,0.9324946504913523
0c3f7d5e11fe0d31,135,True,B,B,0.527255529165268,0.5279536849220625
0c60b18e67829d3e,103,False,A,B,0.5203341782093048,0.5244471271012221
0c71b1d1171a6fff,107,True,B,B,0.85291668176651,0.8533839083924409
0c75181bb66064f3,103,True,B,B,0.9045119166374207,0.9058289075205035
0c80a52eaec9662d,127,False,B,A,0.629174554347992,0.6305229496826983
0cadd0d108b96fc5,112,True,A,A,0.9344835758209229,0.934868733238923
0cdacf03d9370911,155,True,B,B,0.7558551371097565,0.756323235591724
0ce70eb45c9ec537,149,True,A,A,0.9076426684856415,0.9087757067103723
0cebd861e86463ab,104,True,A,A,0.933142465353012,0.9336494355965941
0d04c459a91a8f5a,143,True,B,B,0.9058788359165192,0.9072386585734616
0d2f6c6031b1ddb1,94,False,A,B,0.363503098487854,0.36520355503971846
0d3f49b7c4e5a097,103,True,A,A,0.9045119881629944,0.9058289721076458
0d4039a3d6341249,97,False,B,A,0.7754117548465729,0.7800937521511299
0d403c0d08656a2e,86,True,A,A,0.9051841974258423,0.9066302168864983
0d695e575d44c8f3,91,True,A,A,0.9066595256328582,0.907945867052687
0d719aa0eee143bf,155,False,B,A,0.8718049943447113,0.875787647688373
0d8dd0dd72a1a7fe,95,True,A,A,0.5215389013290406,0.5225843990752046
0d90db6d5a4df603,126,True,B,B,0.9325025379657745,0.9330111481434551
0dc1bc868ae2ccfb,93,True,A,A,0.7502762198448181,0.7540379149824574
0deca9dc05d71296,106,True,B,B,0.8776926040649414,0.8789540806090528
0def2923a39e810b,121,False,A,B,0.4387414574623108,0.4412531456385957
0e3270ed59e2f1dc,124,False,A,B,0.8204538643360137,0.819874769092524
0e34791c10afb4e9,92,True,B,B,0.8743044316768647,0.8758939944227448
0e6fa7671586ec56,100,False,B,A,0.8293993175029755,0.8335728848010617
0e75ddc50efa3146,93,True,A,A,0.4239715039730072,0.4311107751074698
0ecd9ac87932f226,120,True,A,A,0.5287081152200699,0.526134259173878
0ed560e72cfc8e85,133,False,A,B,0.6177755355834961,0.6201862072576204
0f24ef4055ef1e79,132,True,B,B,0.904885983467102,0.9062553476312939
0f329ba6e886a630,84,True,B,B,0.7537250697612763,0.7575156460920507
0f45b694efbd3cc6,128,True,A,A,0.9329257726669311,0.9333036516906942
1051bef33eebd058,96,True,A,A,0.35051089227199556,0.35276966423594747
108c4f519e5d8ffe,82,True,A,A,0.673669695854187,0.6774514997555489
11091bd25e1e3328,151,True,A,A,0.9300041496753693,0.9304288154656305
11377cdba1c60680,142,False,A,B,0.4432187467813492,0.4425207805644805
11764d8b522ae6e3,122,True,A,A,0.9075326442718505,0.9090298413327481
11a41dbe181333fd,98,True,B,B,0.22051407098770143,0.21978077970691606
11e6e28288e2e2e2,157,False,B,A,0.8735702991485595,0.8751397782564485
11e800685cf86c70,100,True,A,A,0.86863214969635,0.8724529832568036
11e93f3aa55db86a,103,True,A,A,0.441355362534523,0.44735108724007633
11faffee7e828688,133,True,B,B,0.9330023765563965,0.9334830936814456
1253235e51dfc9ee,110,True,A,A,0.9332150757312775,0.9336881254459909
1262e6d4e116b7dc,156,True,B,B,0.9065984785556793,0.9080589016537729
127018bf060ccedf,142,False,A,B,0.5192665249109268,0.5201843302126379
1272fe458f6cc5c2,158,False,B,A,0.7483664333820343,0.7515314801813606
127a5e21f6f4e1d3,148,True,A,A,0.9055657744407654,0.9070135472681088
12ba9bc6c6c5cc15,88,True,B,B,0.9060200333595276,0.9073967752324437
12d01e8141e9bc7a,155,True,A,A,0.9061990439891815,0.9075578583043844
12d389ae5f8f9c19,109,True,A,A,0.6085287749767303,0.6115253072451813
12ed87462f048d28,84,True,B,B,0.7537289321422577,0.7575193992400557
13362e58b674388d,146,True,A,A,0.90514235496521,0.9064960983660232
133f32197d06b310,128,True,A,A,0.9329257607460022,0.933303624894911
135e134018392d22,140,False,A,B,0.6083060085773468,0.6117392069670327
135f75f47ddf39d5,126,True,A,A,0.9055117487907409,0.90684757564467
136f99b2b18572ef,121,True,B,B,0.9338720202445984,0.9343697715607586
137fdbab8a8a8fbf,92,False,B,A,0.5653537511825562,0.5932831791545629
13840ab99d9d8d28,150,True,A,A,0.90664923787117,0.9078631733853584
13ac240c5870ec04,120,False,A,B,0.36513219475746156,0.3662312791838575
13ae1259444bc4ca,118,False,A,B,0.4333746671676636,0.436655452729301
13afc009db1a5f03,155,False,A,B,0.35342825055122373,0.351610538297045
13bb40f139abc5e5,113,True,A,A,0.5125764936208725,0.5181300529765727
13c2becf8412d32d,90,True,B,B,0.9324397146701813,0.9329702108499873
143c2de33362e02b,85,True,A,A,0.8689937233924866,0.8730381344709743
144cad9d00e2ab99,103,True,A,A,0.9284456253051758,0.9290050588046667
14b84ac0e8b326c7,113,True,A,A,0.9056173443794251,0.9070269625699734
14e52df889abdf15,103,True,A,A,0.9284456253051758,0.9290050582026778
14ee7d923c1dc05c,94,True,A,A,0.9045666098594666,0.9060984929252196
14f9eb8019278082,135,True,B,B,0.9044020056724549,0.9057393888080147
151fc0d8d58bd158,157,True,A,A,0.5085345268249511,0.5134387572979839
15940af92ff4d084,89,True,A,A,0.5054905325174331,0.5111250413763192
15ac6e436f95d5bc,138,True,B,B,0.27213444113731383,0.2743433327221291
15cecda2986ffaab,112,True,A,A,0.907307368516922,0.9087360182761255
15e01ed90bda6d91,143,True,A,A,0.9058788359165192,0.9072386598082407
15f98dee64dfcb73,94,True,A,A,0.9045666098594666,0.9060984849925854
161f7df2027286ce,121,True,A,A,0.9338719546794891,0.934369687291656
162a2d5f83cfe1b1,90,True,B,B,0.9324397206306457,0.9329702163272515
163f3c08554b98bb,93,True,B,B,0.931813907623291,0.9323708927224562
166e2a836b446986,87,True,A,A,0.9040847539901733,0.9053063518895437
16872fcf8e2cd40c,123,True,A,A,0.9070916116237641,0.9084377294340736
16c8cbe690ecfa69,112,True,A,A,0.9344854712486267,0.9348705990907907
16d1a52ad2c32883,160,True,A,A,0.9047504901885987,0.905963544777889
173ed61d2bd95f27,146,True,B,B,0.8661960124969482,0.8701329424914495
1742de5ff1c363ca,153,True,B,B,0.8653126120567322,0.8686843472217205
174a19f3485163a4,156,False,B,A,0.35881886184215545,0.3548637788080294
174b3dff2d8f4df4,158,True,A,A,0.521103310585022,0.5245092191423467
17a364a15e9fb647,93,True,A,A,0.8023127496242524,0.8037580497092159
17d8d901f4d6a2b7,100,False,A,B,0.9067510306835175,0.9080356143328856
181c1850682bb8d2,89,True,A,A,0.42048790752887727,0.4247448325958323
18204ed34a4127f6,129,True,A,A,0.9039341926574707,0.9051848605157818
18316eaf03c4da86,128,True,B,B,0.9329257905483246,0.9333036621829681
1846b5da156d00ab,97,True,A,A,0.7400660812854767,0.7437526949054132
184b0b6436667124,157,False,A,B,0.5085345029830932,0.5134387109316801
1869064114e7bf96,87,True,B,B,0.8049933314323425,0.8059875959578164
189418597956cb59,140,False,A,B,0.9337339520454406,0.9341271179459876
18a35a469ccbfa6f,119,False,A,B,0.5265280395746231,0.5210377582143535
18c05218107d5f97,91,True,A,A,0.9066666483879089,0.9079529143258407
18d070c37b8b994e,143,True,A,A,0.9058785021305085,0.9072383177159307
18e021eb056302b0,126,False,A,B,0.42254760265350344,0.42891802657149736
1908387cab1febd9,98,True,A,A,0.8741864621639251,0.8776793181827539
19119e9f9b2e6dd6,103,True,A,A,0.9284456193447113,0.9290050504876615
192ab99bf9bb0393,147,True,B,B,0.9041399359703064,0.9053522606338713
19579ba8c77042a1,115,False,A,B,0.5208646178245544,0.5213871245647534
197ead87ce17e3fe,111,True,B,B,0.909957081079483,0.9107858743285672
19952f6709f5f8d5,158,True,B,B,0.8102318346500397,0.8110504200314622
19abbeae5cb44f74,127,True,A,A,0.6608896970748901,0.6596123061176952
19dd8bef42e5ebed,137,True,A,A,0.3494159460067749,0.34346547357500234
19fdde0e2e803189,94,True,B,B,0.86783726811409,0.8718230012524076
1a04722957031ea1,152,True,A,A,0.4182619333267212,0.4182011870854952
1a1c4042e3fcb9d6,84,False,A,B,0.5078042417764663,0.5066198202975037
1a65ddf629ed530a,143,True,B,B,0.8325777471065521,0.8351584616143501
1a77668d83e32182,148,False,B,A,0.4291362643241882,0.4359856169928363
1a9db434d1fc93d8,140,False,A,B,0.6033097088336945,0.6041114577568025
1aac806ebb66b34a,140,True,A,A,0.9337339520454406,0.934127106440649
1ab1a00d0f65a227,88,True,A,A,0.8650157690048218,0.8691987738474569
1b17f65a480e6cf0,100,True,B,B,0.9339946627616882,0.934368335535248
1b260b5ee4791bc3,86,False,A,B,0.5164344549179077,0.5214586956266818
1b3074c191e2c03d,116,True,B,B,0.5091243863105774,0.519655387317836
1b33fb9cc465f779,113,True,B,B,0.9056172668933868,0.9070268923953503
1b49223fba1c0bbb,84,False,A,B,0.22393620610237122,0.2231397055337155
1be016b783c5b956,137,True,B,B,0.9089176774024963,0.9102567072335251
1c00e59d60a77b61,106,True,A,A,0.8557941138744354,0.8560631962064955
1c0459ad110c5e2e,111,False,A,B,0.6732575237751007,0.672596249849204
1c447fc0437aebbf,145,True,A,A,0.5205216437578202,0.524316846366397
1c4a1f4dbb985753,137,True,B,B,0.9344595432281494,0.9347913635945841
1c593d4df3f8d74c,142,False,A,B,0.5961349427700042,0.5959136876693066
1c829efa936c716a,96,True,B,B,0.9076018095016479,0.9091304706019804
1ce0940ea07f21a8,98,True,B,B,0.9092705488204956,0.9104772649332042
1ce6d48967c7eb49,85,True,A,A,0.9065244734287262,0.90776860726719
1cebada58afe4b84,159,False,B,A,0.9073648631572724,0.9087537045933788
1cf6173b00ed6189,119,True,B,B,0.9061419188976287,0.9075678296808232
1d17cd75706f00cd,141,True,A,A,0.9053890585899353,0.9065776487501134
1d49c1b06534cd58,113,True,A,A,0.9056172728538513,0.9070268944183072
1d7f3a3a6e9d8d17,101,False,B,A,0.6351061433553695,0.7236835382891027
1d81ce3e6296832f,134,True,A,A,0.9349963188171386,0.935317533516937
1dbeeb3e0c47a9e9,99,True,B,B,0.8349870443344116,0.8392274264359167
1dd73438207bf9e5,94,True,A,A,0.9045666337013245,0.9060985171186291
1e05b58de4c6a489,112,True,B,B,0.907307243347168,0.9087358981251903
1e072892fd06d9d6,98,False,B,A,0.6147006034851075,0.6160859773979319
1e20e69b8c7d68b2,155,True,A,A,0.4167520463466644,0.4242350287091495
1e2c1e17d5ee41d4,141,True,A,A,0.9053890168666839,0.9065776149740776
1e2ead171b751693,142,True,A,A,0.8697732508182525,0.873653941390819
1e4ce124f85cbb62,159,True,B,B,0.9073645353317261,0.9087533798393045
1e508a0f70de4391,106,False,A,B,0.523306530714035,0.5231685116244881
1e5935ef90088b3e,149,True,A,A,0.9076426565647125,0.9087756876825303
1e7259cf170d4322,141,False,A,B,0.528090363740921,0.5321523338975542
1e8fbbb2fc7a0b1b,140,True,A,A,0.53401500582695,0.5293664740927586
1ea875ec2151c17f,154,False,A,B,0.41325500011444094,0.4204861128040164
1eba53f7b554eb17,153,True,A,A,0.7375598132610321,0.7404013995753805
1ebf357bf03bb8bb,119,True,A,A,0.8048961460590363,0.8077820703038487
1ec424f14d1ced8e,114,True,A,A,0.9317891478538514,0.9322763369529821
1ee775c59fc48d0f,141,False,A,B,0.8702512919902802,0.8737025939109613
1efc8a8cf56855de,142,True,A,A,0.932046502828598,0.9325360301179204
1f1236e95ee66190,90,True,B,B,0.9324389457702636,0.9329694318773678
1f71bc51b3b2439d,90,True,A,A,0.932437801361084,0.9329683935285302
1f750bfd8dcd9e31,113,False,A,B,0.519266101717949,0.5205966315125365
1f7df7f560b6f57c,99,True,B,B,0.8671131730079651,0.8707789165764448
1f944862c565d841,98,True,A,A,0.7547743618488312,0.7579464587988658
1f9a04dc43f698d2,146,True,B,B,0.9051435351371765,0.906497227534464
1fc95d55dc959e37,83,True,A,A,0.30118884742259977,0.29637055641755633
1fdfdb65b85e35a1,98,False,B,A,0.7554366528987885,0.7586084543117853
1fe21eacdbe12125,142,True,B,B,0.9058274745941162,0.9072227662641325
1feb73eb8d5691b9,149,True,B,B,0.9076426148414611,0.9087756556030225
2024e1524c9cb56e,142,True,B,B,0.9058277249336243,0.9072230108761701
2030e28ab01861aa,114,True,A,A,0.9056101202964782,0.9069598384529665
203e9b253cf2ac02,97,True,A,A,0.9085801780223847,0.9097515276968773
204a57cafb2fb295,125,True,B,B,0.9070036888122559,0.9082817384093689
204ff52b8be0c12b,134,True,B,B,0.7172947525978088,0.7146984371960793
206b2c3aafa77d20,95,True,B,B,0.9037399053573608,0.9050081841048719
2085f6a491d212f5,95,True,B,B,0.9305989682674408,0.9310175202389335
20860cf0a4701470,144,False,A,B,0.8072680771350861,0.8085269486361384
20936821df72e178,142,True,A,A,0.9058277487754822,0.9072230320305683
20ad87dbad76a36d,113,True,A,A,0.9321222484111786,0.9326613049728703
20ae60883fd39f43,150,True,A,A,0.4134859383106232,0.41920420396491503
20d361c0424f39d2,133,True,A,A,0.9330024182796478,0.9334831414527033
211ac383a1b471f3,139,True,A,A,0.9028954148292542,0.9039981640220066
213135aa78491ed8,85,True,A,A,0.8147282123565673,0.8157345990252374
2131884998fa3999,121,True,B,B,0.9074150800704956,0.9086860194868152
21433c048bbb8662,154,True,A,A,0.4132536858320236,0.4204845077501248
21536241fe9be96a,129,True,A,A,0.9323217868804932,0.9325808674101548
21703ddd54699ad0,155,True,A,A,0.9061987340450287,0.907557512540839
2192f3beae452d1f,149,True,A,A,0.934201180934906,0.9344846322148321
219db8e924ec1d3b,127,True,B,B,0.5370677649974823,0.5377485142141303
21d64a29b15cebda,96,True,A,A,0.2796681642532349,0.2798953064516822
21e277636ca292c8,125,True,A,A,0.9349127352237702,0.9351482998486864
21e7123af73bbdb1,97,True,B,B,0.9085803031921387,0.9097516373973026
222380e5d841a97c,152,True,A,A,0.49354407787322996,0.49552819585104874
22a25fd15e1e564d,124,False,B,A,0.86748908162117,0.8676572496884638
2321056a55a4b86e,139,True,A,A,0.5830673098564148,0.5832302749237079
233ed4ae4478775c,86,True,A,A,0.9051843583583832,0.9066303889399109
23634488673b076f,152,False,B,A,0.7533144414424896,0.7538761006434357
23a616cc55bc8a40,100,False,B,A,0.22336453348398208,0.22099670448703077
23e48df684bc9f96,126,False,A,B,0.34833581149578097,0.35289088434110105
23fac03cc9b3bf46,135,True,A,A,0.9325525462627411,0.9329371002592574
2406e175dd4bed0b,126,True,A,A,0.9325025379657745,0.9330111421535034
248fb027db381509,149,False,A,B,0.5216827273368836,0.5252189198954275
24a6a7f27e6cc631,86,True,A,A,0.9051843047142029,0.906630341689359
24aa9a1d4a048994,95,True,A,A,0.5215392529964447,0.5225846430468695
2508a07f9e87e4b1,96,True,A,A,0.8014865934848785,0.8030006427867626
25146f759839ef07,122,True,A,A,0.907529640197754,0.9090270119998136
2544cc38d3aa0e95,92,True,A,A,0.90510293841362,0.9064076184943684
255f052db7a8a02c,87,True,B,B,0.8287039577960968,0.8299500230072665
25854c2f645ce43a,157,False,A,B,0.809218043088913,0.8103913391784028
25d77f2f5cb05019,99,True,A,A,0.5027438461780548,0.5046327385514974
25d8883d14eebeed,83,True,B,B,0.9050345420837402,0.9062739747645759
25e36e26d36f4e66,137,True,B,B,0.4306125283241272,0.4282486492661512
262265b2ecebdf96,129,True,A,A,0.5065585434436798,0.5112382953484225
265121082d6076b9,132,True,B,B,0.8761064946651459,0.8778802008826563
2682901828eb3ff5,82,False,A,B,0.43087599277496336,0.4386360311488839
26923a99c3b0e4c5,136,True,A,A,0.9309878170490264,0.9315591837154736
2692f49ac76914c2,143,True,A,A,0.9058740913867951,0.9072339669961895
269bca0887539e65,130,True,B,B,0.9341748118400574,0.9344109008654675
26bfc72339b95cac,122,False,A,B,0.4313342601060867,0.43543931558275384
26e6f03ed96663b8,148,True,B,B,0.905565720796585,0.9070134948582673
273395ec9d14f6c8,87,True,A,A,0.9040802299976349,0.9053018986382811
277f9da1094345ed,85,True,A,A,0.5192329168319703,0.5242254551990166
27fa8bc890f17629,139,True,B,B,0.9028957307338714,0.9039984303173462
2835e66046039bf1,145,True,B,B,0.6053289771080017,0.6062794791306639
284a14e82df3e2a4,108,True,A,A,0.5201017111539841,0.5208946190646967
286e2eebebc2d8ea,153,False,A,B,0.18939898908138275,0.18475393732352033
28dd3ab078779a1e,141,True,A,A,0.9053890466690063,0.906577643454804
28df4efee33e719a,85,False,B,A,0.9065252840518951,0.9077693427750756
29505feef5c6cf0b,99,True,B,B,0.9038991928100586,0.9051704185583457
2994bf6c3d04b962,91,True,A,A,0.8048190593719482,0.8060959193620072
29b8410d50d9cec8,125,True,B,B,0.9070038497447968,0.9082818873684136
29c3b93d7ab4051e,121,True,B,B,0.9074150621891022,0.9086860037893292
2a5c4094c1669479,93,False,A,B,0.2649000033736229,0.2703784480947666
2a6f8b0bef79a309,130,True,B,B,0.934169203042984,0.934405291094822
2a753f97526d46f2,89,True,A,A,0.5054905503988266,0.5111250237646585
2a877ae6a7930ef4,103,True,A,A,0.9284456193447113,0.9290050509634884
2acdbf826151af85,94,True,A,A,0.9045665621757507,0.9060984370941705
2b052606e0a20369,83,True,B,B,0.9050345659255982,0.9062739988671357
2b255b0d5b61c658,132,True,B,B,0.9048874080181122,0.906256643879186
2b3309510857636d,119,True,A,A,0.8503094613552094,0.8507274056500428
2b337b92bec4d27d,115,True,A,A,0.4436184257268906,0.4430457776314851
2b35d5ffef685854,89,True,A,A,0.41010198891162875,0.4184886896954111
2b494055d992bdf9,126,True,A,A,0.5137379765510559,0.5182375476737491
2b93b6f1c19d895d,139,True,A,A,0.5830842137336731,0.5832513312887082
2b9f615f5a780ce6,130,True,A,A,0.9341748118400574,0.9344109037425199
2ba00a6a42bc5e1c,110,False,B,A,0.9051442265510559,0.9064499643130807
2ba058b90288d9d6,128,True,A,A,0.3411895751953125,0.3464806490644635
2c024659e23deb48,147,True,A,A,0.9041434824466705,0.9053558024607679
2ca7de6e3d727f52,142,True,B,B,0.9058277368545532,0.9072230133132478
2cce4be06cda4cc7,103,False,A,B,0.8723257899284362,0.8757909754202895
2cd939abe87eeca0,148,True,A,A,0.7374998211860657,0.7415192482456726
2ce3019feb38b687,143,True,A,A,0.9058787941932678,0.9072386048004846
2cf3496aa3cc1d93,101,False,A,B,0.5243967533111572,0.5257874619855966
2d3faf07fd292328,116,False,B,A,0.7606312274932862,0.7610130357670573
2d4ebe1c3809b5a5,89,True,A,A,0.4101018697023392,0.41848880625503015
2d814ccb43b21d62,133,False,A,B,0.5247140645980835,0.5287723513481605
2d984eed97aaca2b,124,True,B,B,0.9033168911933899,0.904792617198142
2dadbead2654addc,122,True,B,B,0.9075322628021241,0.9090294420720838
2dbafcac9729f62f,131,False,A,B,0.4388849824666977,0.44234737501972815
2dc6840ed0ac6efc,140,True,B,B,0.8310231328010559,0.833363824560992
2e265d092068c121,112,True,A,A,0.7581394851207733,0.7587412420688485
2e3a143050912df9,150,True,A,A,0.4134860008955002,0.41920467368462083
2e41ae0310498564,98,False,B,A,0.704940789937973,0.7098774051078206
2e43e7e84b9b8af5,140,True,B,B,0.795411080121994,0.7963853584929426
2e7b552f3d215252,84,True,A,A,0.9062074482440948,0.907532746634085
2ed046430ea0da40,153,True,A,A,0.8028282821178436,0.8034838160090374
2ef326c9bec6b083,85,False,B,A,0.8689966797828674,0.8730409881558294
2f241e95e271e503,149,True,A,A,0.9076426684856415,0.9087757084291624
2f28d818e79fb059,122,True,A,A,0.3531757384538651,0.3553342373566024
2f4bfb545c341d04,157,True,A,A,0.8091772854328155,0.8103500167922466
2f5594c7307764e4,143,True,A,A,0.9058788537979126,0.9072386766729157
2faadad89a6d8d64,109,False,A,B,0.5209531903266906,0.5252994409642662
3012e85d13ec8935,123,True,A,A,0.9070904076099395,0.9084365778970405
301e6ab9f2297ce9,133,True,A,A,0.6147714197635651,0.6139108011169787
305ab93c47b54c23,91,True,B,B,0.8725365996360779,0.8762822731813819
306a3175f280be9c,158,True,A,A,0.9052261054515839,0.9064580733079779
309e05d882f96a68,92,False,A,B,0.3971857339143753,0.39319098130501906
30a6ee24fced23f1,107,True,A,A,0.9037133514881134,0.9049799952457939
30af2a8c1b374c3e,158,True,A,A,0.905226194858551,0.9064581455700693
30c810af731708e4,117,True,B,B,0.1435350075364113,0.13498157612585948
30dbe42025717b7e,141,True,A,A,0.9053890466690063,0.9065776377733636
313e06252bfcca71,153,True,B,B,0.8653350234031677,0.8687042681964714
31668f9dd940cf78,85,True,B,B,0.9065252184867859,0.9077692820344003
318854c059399224,141,True,A,A,0.43896216750144956,0.44151507733147743
31a3eed78dccc091,83,True,A,A,0.5188425958156586,0.519637411486125
31a98bbd9d57247f,133,True,B,B,0.8730573236942292,0.8746501300432351
31b2c74782c47ecb,129,True,B,B,0.8733604848384857,0.8747907733071024
31cbfd06075f11a4,95,True,B,B,0.5897353112697601,0.5900380178743215
32098281e5c6774d,139,False,B,A,0.9307112455368042,0.9310112109263512
32605c51faf2dd0c,160,True,B,B,0.8643720090389252,0.8683565830843909
32d2913e57d11429,160,True,A,A,0.8643720030784607,0.8683566254283761
331fbf2c23abc50b,142,True,A,A,0.9320499956607818,0.9325391156482745
3321ca5addb449a2,89,False,B,A,0.8686986327171325,0.8730780118978677
33596313ffad8f71,93,True,B,B,0.9043319225311279,0.9057930510217723
3366a10d7b487fbe,82,False,B,A,0.9071157276630402,0.9085702725684621
33882f9bc00c28a1,133,False,A,B,0.5373745739459992,0.5349209489766462
33aa643c15c0fd30,96,True,A,A,0.9076017141342163,0.9091303631687943
33bff7a37180eec5,112,True,B,B,0.9073073267936707,0.908735965678153
33d30beacba06d2d,155,True,A,A,0.42572389245033265,0.4292652523164354
33e0f68cf8261839,157,False,A,B,0.4234026074409485,0.43041935435067824
3405167caf1a3581,92,True,A,A,0.29010523557662965,0.29256267364030497
342e366f4bcc6194,134,True,A,A,0.7165448307991028,0.7139038947809342
345b1e5237306570,134,True,B,B,0.9349963366985321,0.9353175655037669
34911eae511b2367,127,True,B,B,0.9293081164360046,0.9297079129527219
34941acbed59aaab,85,True,A,A,0.9065252363681793,0.9077693169722852
34aeac55fa168c0f,92,True,A,A,0.9050702214241028,0.9063753130206649
34d698d63d59f878,95,False,A,B,0.5015925139188766,0.5037773347126133
34d93952cd8f94ae,132,True,A,A,0.5176044076681137,0.5219692098990261
34e5d97f3774ee9b,147,True,B,B,0.9041434824466705,0.9053557904016071
350a1759537792a0,92,True,B,B,0.9051028668880463,0.9064075610406206
352de5137183eb87,94,True,A,A,0.9045663118362427,0.9060982108726628
35340a30778b7d2c,115,True,A,A,0.9067287266254425,0.9080064171331234
35538d47c2dcf040,146,False,A,B,0.23487583547830582,0.23217993277462554
355e16e736ea8382,92,True,A,A,0.8743069171905518,0.8779949273182514
35bbe8be590c54fa,156,True,A,A,0.9065985262393952,0.9080589421130274
35c3773eae0951a7,133,True,B,B,0.9330023884773254,0.9334830976150308
35df27d977ae0c7c,141,True,A,A,0.9053890466690063,0.9065776380347967
35f2ec62427b06dd,102,True,A,A,0.9361490845680237,0.9365219131771558
35f5fee55567b179,148,True,B,B,0.666063004732132,0.6723904599491425
3674eaf80c9b9d44,152,True,A,A,0.9057045042514801,0.9069745240441598
367ad0a89a8a1e45,140,False,A,B,0.5226562976837158,0.5215433069677573
367e82235fb0a014,117,True,A,A,0.5134501814842224,0.5184575701739916
36ad5831e61c897b,132,False,A,B,0.37524019181728363,0.3767969789476112
36ef03ce2c701912,158,True,B,B,0.9052261471748352,0.9064580963220233
37166d0c8fc8056b,99,True,B,B,0.7409893155097962,0.7408032677284293
372acecb853c6061,135,True,A,A,0.932552695274353,0.9329372149114217
3753dd477087d08f,133,True,A,A,0.9330024182796478,0.9334831426544712
376a5cc8852fb82c,140,True,A,A,0.44093775749206543,0.4377670616699632
37c3847e78e5a1dc,139,True,A,A,0.9307107090950012,0.9310106640947022
37f43693b1e3ea47,82,False,A,B,0.43087645769119265,0.4386356831254064
3825498a2812ba90,155,True,A,A,0.9061989605426788,0.9075577446645727
382a125454c6c97d,90,False,A,B,0.9064485132694244,0.9078550543090177
383cf125a96a2fac,136,True,A,A,0.9309830665588379,0.9315547359747895
38705262e50459bc,111,True,A,A,0.9340360999107361,0.9345762894976776
388f10c877433def,92,True,B,B,0.8742803871631623,0.8779716401128059
38b817ef5ad7f751,92,True,A,A,0.5155431479215622,0.5160559222402386
38c52bb3756f7471,158,False,B,A,0.7483675420284271,0.7515325048313924
38d30a21bc8fb481,158,True,B,B,0.9052262306213379,0.9064581758203001
38f1d2c1aa629e21,134,True,A,A,0.9349961280822754,0.93531734594762
394524c3825fb1df,116,True,A,A,0.9320956110954285,0.9324941219593261
3954bafa13444229,136,True,B,B,0.8552251160144806,0.8555554644681035
39ba69ddc067384d,81,True,A,A,0.906399405002594,0.9077079486446463
39ce5d19f211f702,97,True,A,A,0.4257880926132202,0.42892751505669846
3a037a33471556ae,127,True,A,A,0.9293079316616059,0.9297077746137534
3a0dae40cbb7090d,135,True,A,A,0.8732575953006745,0.8747849793374787
3a4f568e7c55a4d7,101,True,A,A,0.9329218387603759,0.9333231541512209
3a5cfe0d8b15ab59,156,True,A,A,0.9065984427928925,0.90805885345397
3a98737071e6fe65,152,True,A,A,0.9057039797306061,0.906974013792228
3a99cd8f76a661f2,126,True,A,A,0.9055117487907409,0.9068475736458392
3a9ae2889a60706f,126,True,B,B,0.9325025141239166,0.93301112788375
3aacb282a1e8c0ee,149,False,A,B,0.35133194327354433,0.3555489572114596
3aeac61571360c2c,110,True,B,B,0.9051413655281066,0.9064471508767614
3aeb53c006c4dd64,102,True,B,B,0.8069222390651702,0.8078167111966099
3b00dbcbd74f269b,82,False,A,B,0.9071118056774139,0.9085664436536686
3b14e9ef054ef578,84,True,B,B,0.8310016691684723,0.8351208080495194
3b37ae993f9736c6,117,True,A,A,0.898491907119751,0.8992076645718298
3b430a648677c259,129,True,B,B,0.9323217988014221,0.9325808754142633
3b703d50b3131ad4,117,False,A,B,0.5134501814842224,0.518457570174
3b7a2b8a5146b658,153,True,A,A,0.7375398516654968,0.7403811283487295
3bdc3dfbc54ce3e7,150,True,A,A,0.8670667886734009,0.8706456581124795
3bdfe101544f8930,108,True,A,A,0.5828205645084381,0.5831077586041078
3bfb71b59052f7ec,102,True,B,B,0.9361815452575684,0.9365495789274011
3c0b8e49a4d3db7e,92,False,A,B,0.3251800149679184,0.3164292951729028
3c33b3a0002283ed,134,True,B,B,0.934994125366211,0.935315431161426
3c7d347a32b49554,91,True,B,B,0.9066666424274444,0.9079528918847147
3cae2837128ab35a,115,True,A,A,0.8082131087779999,0.8092125042009931
3cb9ade10508a391,108,True,B,B,0.9058903574943542,0.9072471855414472
3cd05dc6e045c8f4,103,True,A,A,0.9284456312656403,0.9290050610368079
3cf9a69ecf8fe34a,95,True,B,B,0.9305975258350372,0.9310161007691853
3d2778e1923b1c3e,137,True,A,A,0.8747504949569702,0.8762956200064543
3d39dab767a630d3,147,True,B,B,0.9041434288024902,0.9053557096620054
3d59089b56617a09,89,True,B,B,0.9076739132404328,0.9091094906230985
3d746a62f8bb066e,90,True,B,B,0.9324397146701813,0.9329702049696819
3db5e7179f16ae1c,115,False,A,B,0.5203584104776382,0.5245228043483255
3de4a00f20347c4e,132,False,A,B,0.9048835337162018,0.9062530069185708
3de7a7e9638fdd08,147,True,A,A,0.9041435539722442,0.9053558313921878
3de919ce8088716b,119,True,B,B,0.906138026714325,0.9075643333085692
3e41bfdc52144376,111,True,A,A,0.9340360999107361,0.9345762962611033
3e47f7cfdd71aad1,141,True,B,B,0.9053890407085419,0.9065776310974858
3e61d3d6c6da7930,128,True,A,A,0.905987536907196,0.9074125284568888
3e61fd91b4dd0a10,147,True,A,A,0.9041434824466705,0.9053557786390882
3e97edad466dc83a,152,True,B,B,0.6781219422817231,0.6813042819460645
3eb00fd2bc29dcf7,160,True,B,B,0.90475013256073,0.905963194153449
3eca1de5884d3552,109,True,A,A,0.9043541491031647,0.9056980283479392
3ed0296143ecaaf3,123,True,B,B,0.9070914268493653,0.908437562845746
3ee6cf144d7c2aad,103,True,A,A,0.9045118808746337,0.9058288699103212
3ef43189cd68aa52,160,True,A,A,0.9047485530376435,0.9059616160710858
3f006bae4f7eaaf6,156,True,B,B,0.9065985262393952,0.9080589405248294
3f19522ffb36efe6,109,False,B,A,0.8100586831569672,0.8111565750665081
3f1eac63c35915fa,90,True,B,B,0.9324390172958374,0.9329694796811638
3f5517c5ebfd2c6c,85,False,A,B,0.519232788681984,0.5242252776692342
3f600398f8b95fec,125,True,A,A,0.9349127411842346,0.9351483040218422
3fb0ec1847cafea4,127,False,A,B,0.9064379334449768,0.9076679927662786
3ffbcd8bd388fd6d,130,True,A,A,0.4378922998905182,0.4407938366314017
3fffee7c139b877b,119,False,A,B,0.7454239010810852,0.7462613221821858
401532102fb5ea90,112,True,A,A,0.8145240783691406,0.8158562623835863
402ae867d22c83c0,112,True,B,B,0.9073076128959656,0.9087362443869775
406ced6c116bfb9e,123,True,B,B,0.9070916116237641,0.9084377298196367
406dde7451921bb0,97,True,A,A,0.2719106450676918,0.27416269575379293
4079c67bed0fb546,148,True,A,A,0.743472570180893,0.7474606116230226
4084e2f6cd6bc070,121,True,A,A,0.9338720202445984,0.934369760920284
40c25c1a507d007b,160,False,A,B,0.348185783624649,0.35271535045020946
40e8fb3c24f9a492,127,True,A,A,0.9293082177639007,0.9297080051307065
40f1ba620d8eefdf,133,True,A,A,0.9329877614974975,0.9334685246269171
411b6761383f9d4a,88,True,A,A,0.9060200333595276,0.9073967773019721
41497958eafcd1ad,155,True,B,B,0.9061990439891815,0.9075578495059998
4151a632ea13db1b,151,True,B,B,0.9035449326038361,0.9048896417281546
41557be454dcb2b9,146,True,A,A,0.9051435053348541,0.9064971766042553
41b45e24fd60394a,138,False,A,B,0.42763867080211637,0.4300835799284003
41bf5432f7cfffc7,107,False,A,B,0.5233071625232697,0.5241947587869971
422b23b1badee118,140,False,A,B,0.6033082664012909,0.6041100710606582
422d2b3305993ccf,128,True,A,A,0.9329258382320404,0.9333036884744367
42770490d934f3cc,146,True,A,A,0.9051435053348541,0.9064971809838827
42974a5dd64eea6b,145,True,B,B,0.9076151430606842,0.908668360944722
42eb1f242fb88a97,151,False,A,B,0.4231068521738052,0.4300434223899675
431db32c5a348d26,87,True,A,A,0.9040841639041901,0.9053058151730488
433cd110595b0e33,81,True,A,A,0.42489999532699585,0.43168717180665483
435fd33f5df94835,120,True,B,B,0.9318754255771637,0.9323285169403872
43c0a875a679093c,117,True,A,A,0.9299822151660919,0.9305504628766179
43f5804a5db72d83,103,True,A,A,0.9284456253051758,0.9290050590735588
440f97f9cd4b593f,146,True,B,B,0.9051435172557831,0.9064972145369575
4451d47b45406254,98,False,A,B,0.8330402493476867,0.8369700790277548
445d3e32a52ffb8e,149,True,B,B,0.9076425909996033,0.9087756257892405
447261890df756b0,159,True,B,B,0.9073648393154145,0.9087536814002763
44965b542932fedb,142,True,A,A,0.5192456156015396,0.5201623710254688
44b71bf0463ce884,149,True,A,A,0.5216827273368836,0.525218919891605
44de136606c7e285,95,True,A,A,0.9037421405315399,0.9050103818539906
453639d6e1968334,144,True,A,A,0.5218452394008637,0.5271939956841327
45376a9e91840925,151,True,A,A,0.93000408411026,0.9304287310988931
455341c7f0e3cab0,82,True,B,B,0.9071154534816742,0.9085699899379709
45bb4663d8c50783,110,True,A,A,0.8109698832035065,0.812042426420793
45d6c81dba499ef5,156,True,A,A,0.5175770103931427,0.5227564110278026
45eb398d78b0c142,131,True,A,A,0.5158422410488128,0.5175660226371657
45ece7db1566541a,85,True,A,A,0.427398157119751,0.43516020734999766
461e62d7b29ebf62,116,True,B,B,0.9084507286548614,0.9090528985758104
466bc73ae9c1e033,124,False,A,B,0.628190690279007,0.6205123095599085
466c9a53abf551ed,89,True,B,B,0.8686253726482391,0.8730149594682342
46868d475419c0dd,95,True,A,A,0.9037416934967041,0.9050099776895065
468aa80a01a6a2f7,126,True,A,A,0.9325025379657745,0.9330111442371243
468bb4efb419531c,126,True,A,A,0.4292209804058075,0.432104439985513
46935200e8a19e68,121,True,A,A,0.9338720083236695,0.9343697390649481
46cd7958e01a40a9,106,True,B,B,0.6785858154296875,0.6783065108838607
46d315160abe4b1a,89,False,A,B,0.8687240064144135,0.8731033682977805
46e8c2a73656d4a8,92,True,B,B,0.8130369246006012,0.8140911872439535
4714101ef177e9d2,153,True,A,A,0.4247351586818695,0.4300508747055944
47464cdb794c693a,110,True,A,A,0.41723659336566926,0.4238504038796111
4761ea8b620862a1,112,True,B,B,0.8145243942737579,0.8158569205657002
4768aee3cd36edb3,139,True,A,A,0.9307113111019134,0.9310112620853527
479562a4567af26a,108,True,A,A,0.9058903098106384,0.9072471516614906
47b1eb02d9db1ed1,157,True,B,B,0.8091779232025147,0.8103506877028919
47cbc09f26275707,118,True,B,B,0.9060898900032044,0.9074808364966488
47d7811a3be4bb5a,82,True,B,B,0.5289363175630569,0.5300273429206077
4828d8d2aa499d0e,118,False,A,B,0.44320754110813143,0.44245905959030746
48454ef9b335a233,88,True,B,B,0.4149263322353363,0.4187772824952517
487ed96a03d12d65,85,True,A,A,0.5192329227924347,0.5242254593688045
4880c954ab388b0f,126,True,A,A,0.9325025200843811,0.9330111295260561
489b814aa499ed3d,85,True,A,A,0.9065252840518951,0.9077693372916237
4903069304894a8d,154,True,A,A,0.9336339116096497,0.9339832898983433
490364c88eb837f4,136,True,A,A,0.8709216475486755,0.8745761084293079
49244c36272f9c11,132,True,B,B,0.910289853811264,0.911093032005142
4977489abbb1858d,130,True,A,A,0.906913697719574,0.9081636836432374
49c02342f66e3351,153,True,B,B,0.8653355658054351,0.8687048147567428
49e0c93a898a0c7a,130,True,A,A,0.9341747879981994,0.9344108810548036
49e6505e44634aef,82,True,A,A,0.9071139097213745,0.9085684930476742
4a32e95f367daf6e,87,False,A,B,0.43400324285030367,0.4366717619269214
4a7b1548e3ccfe17,113,True,A,A,0.9321226000785827,0.9326616553191555
4aafe4b3c728ffee,152,True,A,A,0.86791712641716,0.8717512636454557
4af810860a0266a2,146,True,A,A,0.9051434516906738,0.906497161862456
4b1b20390ad951c8,135,False,A,B,0.3056755423545837,0.3007267818218061
4b2ad52e88e2e7de,155,True,B,B,0.9061989784240723,0.907557771476133
4b85cf9607ea7343,110,True,B,B,0.90514435172081,0.9064500870784571
4be0ddbc209cedfb,157,False,A,B,0.42857121825218203,0.43184476347802486
4bf60c4b7670e0fa,143,True,A,A,0.5155700266361236,0.5141978919412945
4c40f0e3f65c0811,89,False,A,B,0.2728427827358246,0.276137472254515
4c500b0621110243,160,True,A,A,0.7470864713191986,0.7509472249167755
4c50ed3e2082f0a5,130,True,A,A,0.7484491109848023,0.7520484765708518
4c737f54a78f0355,150,True,A,A,0.9345583915710449,0.9349876635966661
4c98703dc53d4d3d,109,True,B,B,0.904504919052124,0.9058468602492203
4cc7ef8f9aef03b1,132,False,A,B,0.44497554898262026,0.44822704276383396
4cc9abdd96e501eb,159,True,B,B,0.8669937968254089,0.8712548024407145
4cd1c75b2ade7a80,145,True,B,B,0.9076154351234436,0.9086686499496816
4cdb39613dbf9009,103,True,A,A,0.9284456253051758,0.9290050554624468
4d0eff2ae385c135,152,True,A,A,0.8058966636657715,0.8071924937960298
4d5b5d4b7cbd8b00,130,True,A,A,0.9069136440753937,0.9081636449011172
4d71ccf7722a6929,136,True,A,A,0.5988742232322692,0.5983826207647625
4d7a51e722c67958,151,True,B,B,0.9300041556358337,0.9304288164021663
4d7def6e5e3b9e91,112,True,A,A,0.8644857764244079,0.8646542586052688
4d89a967fc4488f8,107,True,A,A,0.9037112891674042,0.9049779834403733
4db61b558bcb3afa,139,False,A,B,0.6107369780540466,0.6093754595581407
4dd436bf2f22dbd7,160,True,A,A,0.4220846682786942,0.4288705106068734
4e1fb73d2eb9bd00,147,False,A,B,0.51512011885643,0.5192550448771767
4e21c387f680687a,109,True,B,B,0.9311929941177368,0.9318227226714398
4e9cc7367ff513ac,93,True,B,B,0.9043318033218384,0.9057929418420301
4f0a09195436127c,135,True,A,A,0.9044020473957062,0.9057394367373279
4f32bb1cd505bee7,140,True,A,A,0.6170022785663605,0.6166171870730569
4f38ee1a3d1b83ef,98,True,A,A,0.9092707991600036,0.9104775277554348
4fdd2a4dcff56484,134,True,A,A,0.7489668488502502,0.7525662036347626
4fefd4ad12fbc182,88,True,A,A,0.9060200810432434,0.9073968126243053
50123235ef3f2c7e,124,True,A,A,0.867483401298523,0.8676514397567635
503620b266f858de,118,True,A,A,0.519425031542778,0.5204806110437027
503acbd78d6f658c,97,True,A,A,0.9085803031921387,0.9097516499106811
505db5a8dcb70e92,125,True,B,B,0.9070038497447968,0.9082818799890798
5080acf1a75aa368,142,True,A,A,0.8052531957626343,0.8065428662113877
50904406d827dceb,118,True,A,A,0.5093418180942535,0.5146019041096055
509ce55cefa0d588,155,False,A,B,0.4167321026325226,0.4241732533414342
50beacd4f9a0a1f4,147,True,A,A,0.5151201874017716,0.5192550644903884
50c3c896cd66f786,153,True,A,A,0.9034658193588256,0.9046572042310776
50ddc98e9d7d7c59,117,True,B,B,0.29370827674865724,0.2906872146962357
50ff8fec75cd1f17,146,True,B,B,0.9051435053348541,0.9064971853146536
5100f18793f0ca6c,106,False,A,B,0.3631411999464035,0.36343951683580367
512e991823cc7690,116,True,B,B,0.9320955574512482,0.9324940560561125
513cc1349c989d62,111,False,A,B,0.16396909356117248,0.1634236480406136
514ec191a605c124,117,True,B,B,0.7559644639492035,0.7561031283524821
5173333a1e9e2517,86,True,A,A,0.9051841735839844,0.9066301950306143
519406e395f18df4,88,True,A,A,0.865013712644577,0.8691968471927229
51f36cc73ce3f66c,150,True,A,A,0.90664923787117,0.9078631751965593
52428003333f1593,143,True,B,B,0.9319229662418366,0.9324322299210854
52437dfdd4a7c3a4,103,True,A,A,0.5235967755317688,0.5243557867561662
5248bed7978c5f7e,85,True,A,A,0.9065248310565949,0.9077689302587109
52697dcbecff392f,159,False,B,A,0.9073647618293762,0.9087535842020756
529676644d86e307,97,False,A,B,0.8720681846141816,0.8755744504235216
529bf819944bbf7a,157,True,A,A,0.8091772019863128,0.8103499278412093
529d6acea41f7579,126,True,B,B,0.9055117309093476,0.9068475533435694
53044c03711694fd,121,False,B,A,0.9074150800704956,0.9086860216227703
534c4e2d0bee19e3,154,True,A,A,0.9336339175701142,0.9339832989172543
53541e4924f87f0e,94,False,B,A,0.8708663582801819,0.8727761576036235
5364844697e82047,95,True,B,B,0.8716868579387664,0.8732276804350896
53b3df36923208c7,137,True,A,A,0.9089184284210206,0.9102574519264168
53b56ec7b429c173,124,True,A,A,0.86748908162117,0.8676572526836562
53c4f06674ad3823,115,True,B,B,0.678660637140274,0.681846252446292
53f9df7a5359f9e9,159,True,A,A,0.8037477910518647,0.805135841501045
54b47050f21bf486,102,False,B,A,0.3029275596141815,0.3006364053400258
54ec8f9934d3ef6a,155,False,A,B,0.2884946256875992,0.28848949034326604
550c0df145a4176b,138,True,B,B,0.9081966817378998,0.9094485026299429
553709d92b658278,160,True,B,B,0.42393832206726073,0.43596974942218125
555856da143889a4,98,True,B,B,0.909270828962326,0.9104775581948028
5583bb2a797c256b,138,True,A,A,0.8135799407958985,0.8146965437253149
55ed7242f4e30371,112,True,A,A,0.9344852328300476,0.9348703638634811
55f6b469a38e49f5,85,True,A,A,0.9065252244472504,0.9077692971879172
56037a55d437b80f,94,False,B,A,0.8678374350070953,0.8718231611789966
560cfaf8eac75c6a,96,True,B,B,0.8674409747123718,0.8719329937142748
5631043313ca93b5,135,False,B,A,0.6915420114994049,0.6915084940702846
563f2e2259473827,130,True,B,B,0.6627196133136749,0.6658787988044527
56726eef64978890,115,True,A,A,0.9067278742790222,0.908005557802816
56c9791a1a55a0cf,94,True,B,B,0.9311951637268067,0.9318257283504565
56df62552b3e3ff8,147,True,A,A,0.7520126283168793,0.7550914519211581
573818c3068f4d16,112,True,B,B,0.9073075294494629,0.9087361841735981
574a662e7e0229fa,115,True,A,A,0.9067288517951966,0.9080065092551435
579b24b806acd2fa,122,True,B,B,0.9075332522392273,0.9090304039490444
57addf36b517f2dd,87,True,B,B,0.9040847539901733,0.9053063386403142
57aeb61e0cbd4d34,106,True,B,B,0.9094982624053956,0.9104460878438033
57cb9d2b4a436f17,123,True,B,B,0.9070914924144745,0.9084376154673641
583740aba13d477b,135,True,A,A,0.9043969631195068,0.9057344549982865
5898284e99296557,144,False,A,B,0.9053170561790467,0.906693690087544
58c2305a743a3685,121,True,B,B,0.9074150621891022,0.9086860018062393
58dd6816d2df9ffb,151,True,B,B,0.9035450100898743,0.9048896981072556
58e79521abd77c58,123,True,A,A,0.8163636565208435,0.8172972395784315
58ef14cf86917a65,159,True,B,B,0.803745323419571,0.8051333317985824
58fd74513a075b92,155,True,B,B,0.9061987400054932,0.9075575240629336
59a708b18e4f7303,143,True,A,A,0.9319230079650879,0.9324322935839335
59cd5c4c4d4b8701,151,False,A,B,0.24364186972379684,0.23551924013719888
59e551b0d70a7c02,146,True,B,B,0.9051435053348541,0.9064971982084333
5a3bd7873832f420,96,True,B,B,0.9076018095016479,0.9091304659985197
5ace1776e8db570b,91,True,B,B,0.9066666662693024,0.90795292313404
5ae89f88ffca0ea7,139,True,A,A,0.9028955042362213,0.9039981994637237
5b17feeb5bb1144a,97,False,A,B,0.3447048246860504,0.346343504830286
5b39b91ad61d31f8,152,True,A,A,0.9057043433189392,0.906974395441799
5b74178b1295009c,116,True,A,A,0.5144930243492126,0.5124941897745167
5b9030624ae8d357,147,True,B,B,0.8267811357975006,0.8307025515340868
5bbfc9b4e5699678,150,True,A,A,0.8078445374965668,0.8088792395957931
5be80b8a1eb1171c,124,False,A,B,0.9033167481422424,0.9047924989321426
5c0f6e9f5e1ae49c,81,True,A,A,0.7585100531578064,0.7617020074944342
5c19391e99c563bc,117,False,B,A,0.6926066994667053,0.6918048642147261
5c3d6daae789441b,99,False,B,A,0.2798429220914841,0.27514944284696574
5c531ea34fa0cd92,98,False,A,B,0.3442114800214767,0.34549779149583143
5c7eb9f0c3f16eb1,159,True,A,A,0.9073649048805237,0.9087537412137937
5c8790fd480b45b7,130,False,A,B,0.6073265016078949,0.6072198159500581
5c92bc7d46ad36a2,134,True,A,A,0.5706747174263,0.5622947188412588
5c94d483cac8b9bb,142,True,B,B,0.9058272898197174,0.9072225765429749
5ca6dabab9cdd83a,157,True,A,A,0.8562369287014008,0.8565118635894005
5cc2b396f7a55c7b,87,False,A,B,0.5240750014781952,0.5252447697510807
5cda5f43e25c19b8,124,True,B,B,0.9030883729457855,0.9045664651619847
5d0570c7dcdffab8,123,True,A,A,0.9070914566516877,0.9084375972593399
5d130b90f5ccaf9f,114,False,A,B,0.515823295712471,0.5139077478068195
5d153b10643c726b,128,False,A,B,0.3475608229637146,0.34940039656733124
5d23987306fb48f9,138,False,B,A,0.9082198560237884,0.9094712039925759
5d29ecdd1c386fbd,109,True,B,B,0.9044970810413361,0.9058404526615773
5d583d921c8028b0,104,True,A,A,0.9073201060295105,0.9086927069759756
5d5c90c844c2fbdc,140,True,A,A,0.8503456175327301,0.8504089610767004
5d629ef825aa0511,149,True,A,A,0.9076426148414611,0.9087756440398076
5d9603a18ce494fd,96,True,B,B,0.5251738578081131,0.5238948242346846
5ddabf783b744c49,140,False,A,B,0.5164382487535477,0.5217640761636115
5deb921c318a8b0b,85,True,A,A,0.9065252125263215,0.9077692802432541
5df81a3c6ee457cd,138,True,A,A,0.8618633925914765,0.8617562457958489
5e2cb776df990e08,103,True,B,B,0.9284456253051758,0.9290050601287299
5e6db8a39ffd5d8e,121,True,B,B,0.9074149787425995,0.9086859235138386
5e733b1835846048,90,True,B,B,0.8705627858638764,0.8744030261639285
5ea559a223e8e898,93,True,B,B,0.8173765718936921,0.8226066169188655
5ebc48656489159c,124,True,B,B,0.9033167243003846,0.9047924705773704
5edea28cb14bfb09,95,True,B,B,0.9305990993976593,0.9310176287786576
5ee728a2e4a55be1,119,True,B,B,0.6814120471477508,0.6846786495951351
5f05cc097b03e652,156,True,A,A,0.9065984785556793,0.9080589016872681
5f1ae4021df9e7ae,137,True,A,A,0.527337247133255,0.5237553764065191
5f20a0176c3bf06d,104,True,B,B,0.933142465353012,0.9336494353399158
5f77586b4bbc557a,88,True,B,B,0.9060200810432434,0.9073968175247857
5fd6b0414b38fa51,97,True,A,A,0.5090991646051407,0.5140064326336024
5ffa5774e1a534fa,150,True,B,B,0.6904016017913819,0.6909925323416282
600996a99ed0948d,85,True,A,A,0.3500614196062088,0.3555427441864521
6014907c2e898d93,82,False,A,B,0.9071159780025482,0.9085705116592908
605369dab0c84318,142,True,A,A,0.9320500254631042,0.9325391247247976
6075f71a10566a3f,145,False,A,B,0.5205216616392135,0.5243169267780606
607d91dd944bd33c,82,True,A,A,0.8695974469184875,0.8738574512932962
6087306e9d44ebdc,148,True,B,B,0.90556520819664,0.9070129852573352
60885aa72d4cd0c2,118,True,B,B,0.9060899972915649,0.9074809457694826
609bae0419285145,111,True,A,A,0.5882856190204621,0.5891110294740753
60a11f146a71dcc0,99,False,B,A,0.7555844843387604,0.7591048207647242
60ca1e6e03d5e62f,98,True,B,B,0.9092707455158233,0.9104774526562389
60e3cf4c6402e7a2,109,False,B,A,0.9045062124729156,0.9058481519229973
60e9eef13c242ac5,150,True,A,A,0.9345583915710449,0.9349876660531967
61291c2297803d86,150,True,A,A,0.5094299048185349,0.5132863298794732
613d87faea170f09,120,False,A,B,0.5177899837493897,0.5224380826557997
61ac1f2ffd0f7f16,120,True,A,A,0.9318754255771637,0.9323285219214338
61b859990ae2fa03,138,True,A,A,0.454800620675087,0.45424795390736666
61bd361e93356fc5,147,True,B,B,0.9041430413722992,0.9053553283796308
62587a09e76db094,121,False,A,B,0.5203803300857544,0.5212465623276337
626a3e4987ceeea1,96,True,A,A,0.7291052937507629,0.7339733745196371
626d640987ddfa89,108,False,B,A,0.9058903634548188,0.9072472101310775
627cd261e11a2b8e,102,True,A,A,0.8069222688674926,0.8078167485332248
62855d0cc206459e,113,False,A,B,0.512577024102211,0.5181302090077755
6289efa24cb53411,119,False,A,B,0.5218299239873886,0.5233323805362275
62bd06b57d777a45,109,True,A,A,0.4376698285341263,0.4405911169381021
631b802634226eef,116,True,B,B,0.813557481765747,0.8145528437268759
6328809d5e573d42,114,True,B,B,0.9056101202964782,0.9069598271771664
6334c1f6c5a0f6dc,110,True,B,B,0.9051408350467682,0.9064466341400707
634b22e6e2ae7de9,134,False,A,B,0.4764521360397339,0.47059804344760864
635beb5f537e7858,156,True,B,B,0.9065983653068542,0.9080587746064447
63704554a03394dc,158,True,B,B,0.905226182937622,0.9064581327925717
638c3bad0593dbfd,87,True,B,B,0.9040823638439178,0.9053039570443024
639041ee2edb8f05,146,True,A,A,0.9051435053348541,0.9064971858606297
63a7bfe1cdde87d4,146,True,B,B,0.9051435351371765,0.9064972252559054
63b3562aa63eb27b,94,False,A,B,0.4272924214601517,0.4343291576624802
63cc0ee110e26d83,82,True,B,B,0.7502859771251679,0.7509757546041381
63f43ce6564ac630,159,True,A,A,0.8705844879150391,0.8722201903399316
6408196c97882679,89,False,A,B,0.33770249485969545,0.3437618866824312
641cc882937096d9,158,True,A,A,0.9315488815307618,0.9320224191043124
642d65b2245a0b77,82,True,B,B,0.9071162223815918,0.9085707584939892
644424e89f709ca3,148,True,A,A,0.9055657505989074,0.907013515165981
648f6b29c0ae3ae0,111,True,B,B,0.9340361058712006,0.934576298561758
64a630552301c36f,156,True,A,A,0.9065985262393952,0.9080589412895277
64b4adf0eba12e2e,159,True,B,B,0.907364797592163,0.9087536241567016
64e9d49e19100cb3,94,False,A,B,0.515987554192543,0.5210426216810248
6510cd3a087ada63,103,True,B,B,0.9284456253051758,0.9290050585807398
6524a5f1481c0750,135,True,A,A,0.9044018507003784,0.905739296298694
6545549d9365fdbd,137,False,B,A,0.8365983068943024,0.8381197043414946
6547ba303f316a85,146,True,A,A,0.9051435351371765,0.9064972279128952
6564724341b88aa1,101,False,B,A,0.932921850681305,0.9333231563320119
6571374100135666,121,False,A,B,0.35106582939624786,0.35520995947455114
65abe7ffe382638c,123,True,B,B,0.9338332533836364,0.9342080823217929
662c0b2d71e4ddb4,139,False,A,B,0.5362587034702301,0.5366130432123888
66bb60a64f3b238e,143,True,B,B,0.905071496963501,0.9064346423028636
66bcbddea4d30b79,118,True,A,A,0.5944187939167023,0.5945380433081715
66d235626a4c7651,123,True,B,B,0.9070915281772614,0.9084376467805757
673a846fe2ed18c9,129,True,B,B,0.9323217868804932,0.9325808535399176
674e95a2426c80d8,124,True,A,A,0.45330497324466706,0.4524523936171356
67a4a8e87f9d58bd,155,False,A,B,0.4167322635650635,0.42417376148855307
67cf3be56bec303a,102,True,A,A,0.8374187588691712,0.8398575898796862
67f051e3bc3912b3,147,False,A,B,0.2351590022444725,0.22824716177771945
684cba3f1c017296,114,True,B,B,0.9056101143360138,0.9069598191892958
6854c61b57318f06,88,True,A,A,0.9060199201107025,0.9073966591902296
6855683bec52d8ac,85,True,B,B,0.9065252184867859,0.907769284447934
685ea2bf105b07b4,88,True,B,B,0.8650157809257507,0.8691987929891155
68c68e880e057875,145,True,B,B,0.9076154232025146,0.9086686421888874
68d2f8f512a4bbe2,103,True,B,B,0.9284456312656403,0.9290050604474913
6917975c8e8b6ecc,108,True,A,A,0.2957664281129837,0.290929965289742
692a5cca0c0a2791,112,True,A,A,0.9344853401184082,0.9348704650206363
6945c5edb9f5a2f6,88,True,B,B,0.9060200333595276,0.9073967841764103
697301d876405827,93,True,A,A,0.9043317973613739,0.905792945616389
69d1eefb3b1e6e1d,99,True,A,A,0.9038991749286651,0.9051704278523177
69e759df9c64594c,123,True,A,A,0.33309206664562224,0.3318059086193446
69f14d2681965120,83,True,B,B,0.9050345242023468,0.906273948713331
6a4068ae57d6070c,151,True,B,B,0.9300041496753693,0.9304288160571621
6a6c02f5f97d250c,130,True,B,B,0.5256255626678467,0.5234176044543618
6b1644244090ab38,106,False,A,B,0.9374855697154999,0.9375947163228115
6b6db5e114cb31c3,99,True,A,A,0.8159838914871216,0.8169819893077197
6b7c14dd9998bf5e,93,True,B,B,0.9043321549892426,0.9057933074366478
6bb28b0fd3c02a90,140,False,A,B,0.5164394319057465,0.5217651349315513
6bdbde6b5627feba,128,False,A,B,0.44869465529918673,0.4427824334732734
6c00b369b850018c,107,True,A,A,0.8051804602146149,0.8062440671671707
6c2aa463017efa59,156,True,B,B,0.9065983951091766,0.9080587974199824
6c3fd93b3773a57c,98,True,A,A,0.5164269089698792,0.5205407096788536
6c4bd64917ade66e,123,True,B,B,0.9070914506912231,0.90843758115087
6c6662fee0d64366,117,False,A,B,0.3709413826465607,0.3677732090598793
6c6d35b9bf9a1105,154,True,A,A,0.3404174029827118,0.3458051169535465
6c7a7ed4af1537ef,152,True,B,B,0.9057044327259064,0.9069744679246629
6cb90e8a66bb628e,81,True,B,B,0.9063994467258454,0.9077080051210865
6cfc876b08291233,132,False,A,B,0.8064371168613433,0.8075261103147217
6d10ece8c7fc0a9a,122,True,A,A,0.9075332641601562,0.9090304070884769
6d1c0248665b60bd,151,True,B,B,0.9035449802875519,0.9048896854633867
6d5421191fc7a883,156,False,A,B,0.41670610904693606,0.42458516631964666
6d9b84c32529e62c,149,True,B,B,0.9076426565647125,0.908775700839697
6de0adf69c41a07a,146,True,A,A,0.9051435351371765,0.9064972286641634
6dec4e179a63c509,104,True,A,A,0.9331424236297607,0.9336493909594787
6e2c46b62a3f3dcb,121,True,A,A,0.9074149608612061,0.9086858922485659
6e60f9bd44af45d1,116,False,A,B,0.862484610080719,0.8625413456472811
6e9eefcd035fd9ce,155,True,B,B,0.87180495262146,0.8757876335062725
6f19f76b6f27ee0a,139,False,A,B,0.28031105697155,0.27679371082902127
6f6f70bfb6448661,124,True,B,B,0.3761028587818146,0.3731408733853939
6f8a4d8559d5404a,95,True,B,B,0.9037422180175781,0.9050104814746514
6fa76f9e69f65908,117,True,B,B,0.5457778453826905,0.5475615777416443
6fad6861ccddbcac,110,True,A,A,0.5249246299266815,0.5257341345280708
6fe93734c0738645,110,True,B,B,0.9051442623138428,0.9064499860858464
6ff2b7077780ee00,95,True,A,A,0.9037421584129334,0.9050104137781524
70404c093bf16561,87,True,A,A,0.5240559220314026,0.5252234399750415
7040ac3b4930faf0,134,True,A,A,0.6194143831729889,0.6176100965007612
704c2568e881eddc,128,True,B,B,0.9329257667064667,0.9333036256807196
70559bb44c1275b4,91,True,A,A,0.6189895689487457,0.6241650585294707
7067fe90e1851fd0,141,True,A,A,0.9053890407085419,0.906577628957152
70ad9362317e4dfc,134,True,A,A,0.9349963963031769,0.9353176353333545
70e6985385c9e52b,159,True,B,B,0.9073648512363434,0.9087536929585284
71037b4e101eac98,93,True,A,A,0.9043319523334503,0.9057930826183991
711b68ed30aafd73,102,True,B,B,0.9361818969249726,0.9365499305735782
71290ab07b70dd16,89,True,B,B,0.8086060106754303,0.8100266720018927
713d8d9c3db9e5d8,83,True,A,A,0.9050345420837402,0.9062739837664967
71b976cec010aebe,81,True,A,A,0.7321856677532196,0.7361949845304051
71fa899c76d02bd4,82,False,A,B,0.35824366509914396,0.3640018890642015
71ff8a89b79361a7,155,False,A,B,0.18481654971837996,0.1799790344845204
723d04cb6987606e,145,False,A,B,0.4228136956691742,0.4285452377193016
724fab39b13d5e97,142,True,B,B,0.9320500493049622,0.9325391339961342
726378c7c6ad38b9,121,True,A,A,0.933871865272522,0.9343696158929685
726b2a03f1f4ebf5,82,True,A,A,0.9071154832839966,0.9085700708057033
72a267c84af0322b,136,True,A,A,0.8552250564098358,0.8555555143953846
72f9251cd4348510,106,True,B,B,0.9374853432178497,0.9375944409939256
72fe3aa004050523,145,True,B,B,0.9076153576374054,0.9086685842060144
73081dc46710b4a1,99,True,A,A,0.9038995563983917,0.9051707759322231
731c3812d381df8c,95,True,B,B,0.9305990040302277,0.9310175678780819
731f79da3d28c5db,134,True,A,A,0.9057769417762757,0.9072393231279958
732c356b0b97c5a0,86,True,B,B,0.9051843225955963,0.9066303420461732
73322839c2895729,155,True,A,A,0.4167320907115936,0.42417321704516553
736f65aa78595c96,84,False,A,B,0.5203891038894654,0.5243045974905748
7374c46285a1a717,103,True,A,A,0.9284456193447113,0.9290050513680788
73855d7f24b9c896,92,False,A,B,0.761060506105423,0.7615500332663283
73a32a4dbf1ffc30,140,True,A,A,0.6083060085773468,0.6117392065030908
73c84d78ca900ebc,142,True,B,B,0.9320500373840332,0.9325391303819017
73ea18cc3b92fd8a,93,True,A,A,0.5158580303192138,0.5210397973117105
746167245efe2300,101,True,B,B,0.9329218208789826,0.9333231420027943
74b49eefd3549acc,117,True,B,B,0.9045020043849945,0.9057683797375355
7505fc721e679381,102,False,B,A,0.42115179598331454,0.4234949778035045
7586e5f9b96a25e1,154,True,A,A,0.9058846712112427,0.9071570621970537
759925047d46e3c9,156,True,B,B,0.5155688494443893,0.5187454286316091
75cc82d1f0bac85f,154,True,A,A,0.9336339175701142,0.9339832950103814
75db9582e33db9b7,117,False,A,B,0.5134498804807663,0.518457421219005
75db9c12c7cc76f8,146,False,A,B,0.29591927826404574,0.29853714111267576
75dffcfddf12b792,102,True,B,B,0.9361819207668305,0.9365499414724022
75f5b0e0be624e18,97,False,B,A,0.9085802674293518,0.909751609164765
76163dc54a7d6cf0,106,False,A,B,0.3616894960403442,0.35908223665240147
761677301ec2d69f,97,True,A,A,0.9085803151130676,0.9097516677107069
7670e19759fcbcdd,148,True,A,A,0.9055657684803009,0.9070135359707792
76acf15a0557b24e,111,True,A,A,0.6117083072662354,0.6108164239080358
76bb8fe073cc3d62,133,True,A,A,0.614775276184082,0.613914791819304
77253fe5d0315146,98,True,A,A,0.9092706263065338,0.9104773569472382
7729d6a1f6148765,97,True,A,A,0.5151426762342453,0.5163992148423375
772aa4e69193c241,141,True,B,B,0.9053890466690063,0.9065776362117732
772fea1921f34074,92,False,A,B,0.874302226305008,0.8779898883745709
7745a579b8f66266,113,True,A,A,0.9056170463562012,0.9070267113067464
77b28bc5eb75c17d,154,True,A,A,0.8669890284538269,0.870865732815586
77c7b4ccaf5ec288,152,True,A,A,0.9328620731830597,0.9332057900667561
77f8cc1cd8364fef,120,False,B,A,0.7208011031150818,0.7264521636447595
782201544eae14d7,158,True,A,A,0.8687478244304657,0.8722152256207437
7837219537b331a9,98,True,A,A,0.8729793787002563,0.8764798692424869
785118c8cd6a0d13,149,True,B,B,0.9076425313949585,0.9087755665388881
787b3220810309b2,113,True,B,B,0.905617094039917,0.9070267388230938
789b609398e7ec57,140,False,A,B,0.5340150147676468,0.5293664789041843
78a69d7e6bb08557,113,True,B,B,0.9056163787841797,0.9070261149058677
78ba4986e70e0b0a,137,True,B,B,0.9089162886142731,0.9102553274599844
78e7b7015209701e,127,True,A,A,0.9293082296848297,0.9297080173978062
78e9c99c856611e2,144,True,A,A,0.5218451738357544,0.5271940079375128
78eefb43c0dc7c5c,104,True,A,A,0.933142465353012,0.9336494408525885
78f066fa0284e315,140,True,A,A,0.9337335407733918,0.9341266900874444
79031052a9dca802,136,True,A,A,0.8552104353904724,0.8555407239601192
79594648b8c8288b,127,True,B,B,0.9293078601360321,0.929707676956809
7966cce669e0c464,97,True,A,A,0.710933369398117,0.7097789110471127
79703926bba99178,150,False,A,B,0.3421694666147232,0.3440576962669586
79a6c49f8a705b27,153,True,A,A,0.5157661706209182,0.5195002522377339
79b8cff6ef4d3c0c,92,True,A,A,0.8130368947982788,0.8140911936370152
79bc921c055dc8cf,119,False,A,B,0.47210354506969454,0.4666605006436633
79fb5ddbbbb158f9,125,True,B,B,0.9070038497447968,0.9082818732118474
7a02db6e29d27d7e,118,True,A,A,0.8025962829589843,0.8038932636916405
7a77a6f4fd07b4e2,121,True,B,B,0.9338719010353088,0.9343696343350609
7a79941e26db1081,139,True,B,B,0.7731266677379608,0.7780211360228575
7a7bb05110acfad3,123,True,B,B,0.9070915281772614,0.908437663349954
7ade4782b7c5ba66,121,True,B,B,0.9338720560073852,0.9343698061995799
7aef98a96f45e2a5,100,True,A,A,0.8686426699161529,0.8724628783817574
7b14eb2d267841ea,115,True,B,B,0.9067282497882843,0.9080059442177394
7b4cf6d153dea448,137,True,A,A,0.8072271108627319,0.8084623809792951
7b537c3dad9ce51e,113,True,A,A,0.905616158246994,0.9070258052810299
7b6793f1f8cc0ead,109,True,A,A,0.5403713703155517,0.5400801991619852
7b6b345da21fef23,114,True,A,A,0.9056101143360138,0.906959822062759
7b9e5001e6e521c3,147,True,A,A,0.9041435420513153,0.905355830344892
7bacb4b4cc75ee35,147,True,A,A,0.9041434824466705,0.9053557883161215
7bdc7a68e1e065ad,142,True,A,A,0.9320499956607818,0.932539107374744
7c3190a4f91f0e9b,160,False,B,A,0.6838114023208618,0.6864595087823873
7c33180e71708f47,99,True,A,A,0.8671129405498504,0.870778744899847
7c3f6a0bb14540e6,97,True,A,A,0.9085803031921387,0.9097516454147557
7c5481cfbcf7a60d,123,False,A,B,0.43359345495700835,0.4333409604578599
7c6ae55c56160e11,160,False,A,B,0.34642056822776796,0.3478344650194664
7c6c2e5cf419d2c5,122,True,A,A,0.9075330078601838,0.9090301987159396
7c78b7ee669c8275,138,True,A,A,0.27711184322834015,0.2847291780115118
7c8407dc1ffe174b,149,True,B,B,0.9076426565647125,0.9087756849933551
7c88782bfd60bc76,122,False,B,A,0.8998860359191895,0.902919963714995
7ca78a20066c84e7,98,True,A,A,0.8736874401569367,0.8771840374215524
7d34cf0a9f886ef4,120,False,A,B,0.5257515370845794,0.5271745405271062
7d410e0d58d1074c,110,True,A,A,0.9051443696022033,0.9064501131465027
7d5da1921954a950,117,False,A,B,0.4349988609552383,0.4338461505833573
7d8408dc660ef7c5,120,True,B,B,0.9064073324203491,0.9076196167261859
7dc6f94b0fe6e10e,160,True,A,A,0.4204566448926926,0.42373778263632805
7de6f56244ff914d,129,True,B,B,0.9323213458061218,0.9325804372590756
7df786a66d01dac4,107,False,A,B,0.5233080953359603,0.5241956627325686
7e3523a7927e3a73,91,True,B,B,0.8051836252212524,0.8064652055466167
7e3e4e305eb445f4,86,True,A,A,0.9051843225955963,0.9066303461220182
7e7c35bd2ebdfc6d,135,True,B,B,0.9325527369976043,0.9329372800768816
7eb3833c19714547,112,True,B,B,0.8742461979389191,0.8759143084925751
7eb3dd427ee22cd4,120,True,B,B,0.9318754196166992,0.9323285050853327
7ec0805b54a740cd,121,False,A,B,0.42893350720405576,0.4316985600128337
7ec7aa9a3cef1f44,135,True,A,A,0.7231695652008057,0.7225907839592113
7ed406b4548a544c,153,True,A,A,0.8653355360031127,0.8687047586285865
7ef1123e006714f4,125,True,A,A,0.5194188475608825,0.523831608180065
7ef46382569abc47,135,True,B,B,0.932552033662796,0.9329365773819507
7f074ab09c9640e0,115,True,A,A,0.876322603225708,0.8779082016506209
7f2e27443ef85d5b,121,False,A,B,0.21792760491371155,0.21581261312283537
7f38b24bf0a0d948,126,True,B,B,0.9055118680000305,0.906847693720578
7f6eee9d68eb712e,138,True,A,A,0.8135553181171418,0.8146724389025014
7f9e6e18ec0d20ca,152,True,B,B,0.9057045102119445,0.9069745289091455
7fee106716bd72f4,136,True,A,A,0.659175431728363,0.6589027948568322
8012f33c609db1a5,151,True,A,A,0.9032004594802856,0.9045490862645048
80290300e269c57d,83,True,A,A,0.9050345659255982,0.9062739977048017
802a57a9839ab6f0,159,False,B,A,0.9073645174503326,0.9087533542147479
8036297fa210c216,144,True,A,A,0.9053170323371887,0.9066936792655031
8048f2e22bc67d3f,120,True,A,A,0.5177899837493897,0.522438082655672
804b64c13d60f550,109,True,A,A,0.9311931312084198,0.9318228501564813
807f02e321bcdfd8,133,True,A,A,0.5247139394283294,0.5287719346867877
80e3f7d2535d25b4,141,True,B,B,0.9053890168666839,0.9065776187334377
81485000e32a136f,113,True,B,B,0.9056170463562012,0.9070266916461482
81503dc5a64ed2aa,152,True,A,A,0.9057041943073273,0.9069742284558865
816b6499d23cd00d,157,True,B,B,0.6259499192237854,0.6275111191187224
819ec66402078484,93,False,A,B,0.5158581674098969,0.5210400015262378
81bf7d392ccf9089,156,False,A,B,0.6720599591732025,0.6787561328207083
81ca2cd5bf83337b,85,False,A,B,0.8147315204143524,0.8157379726113512
81ceb17426514b8a,88,False,B,A,0.8030041933059693,0.8044047284149457
820866eef93220de,117,False,B,A,0.6215642631053925,0.6254861271101637
826106e4e322bd01,130,False,B,A,0.9069136917591095,0.9081636822255879
828091fb44021d72,141,True,B,B,0.9053890466690063,0.9065776389031663
82a234ccb4c561c6,147,True,B,B,0.9041422784328461,0.9053545711988507
82b91a75a8c522a9,158,True,B,B,0.9052261888980866,0.9064581397961412
82d87434b42f8076,120,True,B,B,0.9064073920249939,0.9076196928818631
82dc31c844857d1f,81,True,A,A,0.9063977122306823,0.9077063047843413
82f18cd682a6740e,123,True,A,A,0.5852416157722473,0.5863481218925019
830654cde0a949af,108,False,B,A,0.46133494973182676,0.4601905539563921
83200fd61c690d3f,111,True,B,B,0.9340361058712006,0.9345763059329135
835c5ef5b2446840,108,True,A,A,0.8224936246871948,0.8235026838013166
83ca52065562d5c8,149,True,B,B,0.9076425671577454,0.9087755850066248
83ce833018706234,147,True,A,A,0.43622087836265566,0.43878287768494373
83e11e363a515454,107,True,A,A,0.7552745580673218,0.7586236919653733
83e4ba98ef2a3356,146,True,A,A,0.9051435351371765,0.9064972214747975
83f0856553d2164f,110,True,B,B,0.9051441371440887,0.9064498797407119
83fa9daffb6fe6cc,109,True,A,A,0.9311931312084198,0.9318228425674546
84447415f856890f,156,True,B,B,0.9065985262393952,0.9080589410135824
8464fe26cfab0ab8,85,True,B,B,0.8147273600101471,0.8157337285366394
84720b6d2603acd2,89,True,A,A,0.9076738715171814,0.9091094558350855
84776daf9f8c946f,107,True,A,A,0.9037146389484405,0.9049812259669773
849be4cdbb01e648,160,True,A,A,0.42208526432514193,0.42887024897302384
84ac3c4279ebb7db,86,False,B,A,0.8071454048156739,0.8080325194416001
84e39cb669dac14a,101,True,B,B,0.9329218387603759,0.9333231479569661
84e95fa4e4bb0b1a,136,True,B,B,0.8081396996974946,0.8092534343215103
8504d04f50ffb96a,143,True,A,A,0.9058788359165192,0.9072386479091705
852e5003c445e585,129,True,B,B,0.8638625085353852,0.8678788325596523
8562d6481fbfa367,126,False,A,B,0.5137380987405777,0.5182375846963965
85a6757625d163a0,123,True,B,B,0.9338333487510682,0.9342081468602474
85cac91cd66d9337,99,True,B,B,0.903899484872818,0.9051707228139501
85e7ff095a27b612,148,False,B,A,0.8093723177909851,0.8107354024255781
8675efcb18312f00,136,True,B,B,0.9056564807891846,0.9070333607104434
868d28aaf5af2089,123,True,A,A,0.9338332653045655,0.9342080792447923
86cecb5c1d8a7711,92,False,B,A,0.5576432585716248,0.5673587917375039
86cf890d085074ce,117,True,B,B,0.9045013725757599,0.9057677383193294
86e746873aefed00,86,True,B,B,0.7383438050746918,0.742258602835468
8721e81ac60b3b79,143,True,B,B,0.8698398649692536,0.8735609963766624
8724b6bc5d538919,126,True,B,B,0.905511736869812,0.9068475473545128
87598d0ede3eb439,114,True,A,A,0.428318065404892,0.4281106840914338
878659a7d429ada2,82,True,A,A,0.9071154713630676,0.9085700657804316
87ad97d5a37b0134,147,True,B,B,0.9041435420513153,0.9053558304534265
87b90e5ddd00b2e5,90,True,B,B,0.9064483165740966,0.907854851461049
8808ba3382225237,134,True,A,A,0.6194143831729889,0.6176100402437537
880ae0d80455f56e,138,False,B,A,0.4207330048084259,0.4277950172659627
880f37e9028b4df2,86,True,A,A,0.9051843523979187,0.9066303639006842
88255e2b666287da,151,True,A,A,0.9035449326038361,0.9048896463304279
8832eaf8153267fc,153,True,B,B,0.8028303205966949,0.8034858968134915
88434277b0bc67f2,87,False,A,B,0.5171497017145157,0.5219561159861295
884b807fc3bcfdd4,100,False,B,A,0.6971569657325745,0.6971828890616265
884c09319426688e,142,True,A,A,0.9058046698570251,0.9072002769409131
887f96d0f7ef83f8,88,False,A,B,0.8650145471096039,0.8691976623342228
889f451f2fc62e42,86,True,A,A,0.9051831662654877,0.9066292551373991
88a7328d80604420,102,False,B,A,0.8069187819957733,0.8078132931625625
88beda0f029c5b35,153,False,A,B,0.42473509907722473,0.4300508908335945
88f46eb19207d124,101,False,B,A,0.535890543460846,0.5328148896954975
88ffa79a78a0573c,99,False,B,A,0.7027739465236664,0.7083400480771506
891942fc25373f7e,95,True,B,B,0.8090439677238465,0.8100934408550133
89228633339e9a50,137,True,B,B,0.9089186251163482,0.9102576362209062
8943ee04ce78d096,125,True,B,B,0.9070038497447968,0.9082818925046103
895882154e0073a3,125,True,A,A,0.9349127352237702,0.9351482973805
896796f352cde293,94,True,B,B,0.9045590579509735,0.9060909535131334
898a075f01cc6dbd,102,True,A,A,0.9361818969249726,0.9365499295607538
898e4743bbdc29e8,107,True,A,A,0.903714519739151,0.9049811360479788
89c58fc308316b5b,89,False,A,B,0.43892291784286497,0.4384419651615702
8a01f0b4cab5d1ae,97,True,A,A,0.5151426643133163,0.5163992253551848
8a28a7e38ab8ed86,115,False,A,B,0.520864737033844,0.5213872088095036
8a43171bb8b85aa8,95,False,B,A,0.5016466945409774,0.5038623316412326
8a57a708690e68cd,133,False,A,B,0.35374065339565275,0.35811470854419797
8a5db2e3965ebe4c,125,True,B,B,0.9349127054214478,0.9351482768748232
8a608861b10e724d,81,True,A,A,0.9063994407653808,0.9077080023905971
8a7db635ad4f0aeb,156,False,A,B,0.41670621931552887,0.4245852853199434
8a88581785111e11,125,True,B,B,0.9070038497447968,0.908281883505359
8ab302fbca219ea3,93,False,A,B,0.5158580839633942,0.5210398993921109
8ad83f4efa02fa88,109,True,A,A,0.5294504404067993,0.5303053991018062
8adb2bdb4c0426ea,139,True,B,B,0.9028954982757569,0.9039981735412409
8aecde9c5dd99077,158,True,A,A,0.5161771804094315,0.5169065055562349
8b4393afc0f4eed5,130,True,A,A,0.9341747879981994,0.9344108820282762
8b6ee661efd76654,134,True,B,B,0.9349961161613465,0.9353173314802555
8b9d4eeb34464cd8,87,True,A,A,0.43400238156318666,0.4366713397683535
8bef840b5fea32b7,88,True,B,B,0.9060200333595276,0.9073967793724727
8c140b34c53537d3,94,True,A,A,0.9311951637268067,0.9318257306003794
8c30e39bc8d0d9e2,160,False,A,B,0.4220848798751831,0.4288704182519857
8c323bd2454a9415,132,False,A,B,0.30905107855796815,0.3010203474632329
8c6597ac49d3bfc0,141,True,A,A,0.5280900955200195,0.5321522598020546
8c69811ef0e3ec1c,140,True,A,A,0.6170014441013336,0.6166160517617464
8ca5a901bd8ebf1d,128,True,A,A,0.9059908151626587,0.9074157749192432
8cb2911a4fd39c33,159,True,B,B,0.8669939994812011,0.8712549995688134
8cb2dda2e62b377a,82,True,A,A,0.3628069251775742,0.35829936731696277
8d633a4c9f720ad7,87,True,A,A,0.35199108719825745,0.35646526510514576
8da60925e41f528f,117,False,A,B,0.5134504616260529,0.5184577191290473
8de55ca2b9ba099d,148,True,A,A,0.7434565424919128,0.7474446325652491
8df1717d18a6ad33,158,True,A,A,0.9315488696098327,0.9320223981336715
8e7a1ed46896c2b8,156,False,A,B,0.22249994575977325,0.2248389894055851
8f077490a363a14b,152,True,B,B,0.905704402923584,0.9069744383060477
8f12a84cf72ec20a,122,True,B,B,0.8336533963680267,0.8359969728226773
8f1b5a6779a29aea,117,True,A,A,0.6077488422393799,0.6074052862518967
8f2f181af8f9b908,152,True,A,A,0.9057044208049774,0.9069744646810924
8f4aea6b20b2479a,134,True,A,A,0.8583122968673706,0.8580409320593134
8f4d9df951ce2e70,155,True,B,B,0.8073201715946198,0.8085246784723445
8f74cdf4f0c47717,88,True,B,B,0.9060200452804565,0.90739678622175
8fbaaab12d47f5d6,100,False,B,A,0.8686234831809998,0.8724439430837684
8fbcb6df255a7eda,151,True,B,B,0.903544944524765,0.9048896535585145
8fdd1ab231efe9f3,134,False,A,B,0.6194145679473877,0.617610594857843
8fe9256037707980,133,False,A,B,0.441866534948349,0.44142772847977146
90065e70b50b5951,81,True,A,A,0.8654008865356445,0.869362230687733
901de112281b64bc,92,True,B,B,0.9051028192043304,0.9064075193419345
902f1ea2293b6953,110,True,A,A,0.5120475172996521,0.5169056106866524
90548b4f030305a8,95,False,B,A,0.44540974497795105,0.4445195777004957
906a158742cdebad,134,True,A,A,0.6108319222927093,0.613634234802002
906c409481d45a8d,92,True,B,B,0.8743061602115632,0.8779937800294441
907cb0aa5bc70f47,146,True,A,A,0.9051433980464936,0.906497092719372
90b07391f3ee0ee2,119,True,B,B,0.750338077545166,0.7524874790936426
90d710be4f246f00,132,True,B,B,0.7283926725387573,0.7354639410337891
9102a1574a35973b,98,True,B,B,0.8330423712730408,0.8369720097019112
911e042f0022436e,103,True,A,A,0.5235964238643647,0.5243556265448246
912f645ec3090948,140,True,A,A,0.906312882900238,0.9075607949921448
918a77e09f35b192,158,True,A,A,0.9315488815307618,0.9320224192913236
91bf5fed1b4d190b,112,True,A,A,0.9073074758052826,0.9087361231175535
9217e48af3435b44,120,False,A,B,0.6024283170700073,0.6054432746788999
92628fcac558733b,123,True,B,B,0.9070915818214417,0.9084377131820869
9262d282a10b3036,142,True,A,A,0.5040307819843293,0.5095016938091131
92ba5c1cc55b8680,124,False,A,B,0.533482027053833,0.5345632222574392
92d5932e1ab16e6c,122,True,A,A,0.9075331687927246,0.9090303296215264
92d802c80369215c,97,True,A,A,0.9085803151130676,0.9097516679905644
92e1f05e2d1718a5,99,True,A,A,0.9038994073867798,0.9051706661322234
92e3d0a569fd61fa,87,True,A,A,0.9040847659111023,0.9053063619052459
92e50c3b3351d360,159,True,B,B,0.9073648631572724,0.9087537028153194
930f7bc4bea99451,125,False,B,A,0.9349127292633057,0.9351482959565262
931dc9bc025f333e,157,True,A,A,0.856510192155838,0.8567885859261548
9363e306d5d07553,99,True,B,B,0.9038996160030365,0.9051708247769158
9384a4c80c856f33,94,True,A,A,0.9045665502548218,0.9060984192467268
938a53d0c45a64e6,96,True,A,A,0.907601821422577,0.909130470810581
938c227576013e1f,97,True,A,A,0.5090991914272308,0.514006418333095
93c7ef904d30db2a,146,True,A,A,0.8661972939968109,0.8701342444519284
93eda638fc51c060,141,True,A,A,0.9053890407085419,0.906577629854952
93f3890b8e9e5a66,100,True,B,B,0.9339945375919342,0.9343681848212197
940e44988f1fb04f,142,True,A,A,0.5040187269449234,0.5094914785516391
940e62aaeee30179,105,False,A,B,0.9081846117973328,0.9094197829037363
942c360ce38801f6,82,True,B,B,0.9071154773235321,0.9085700356714492
9473e72b9f65cc9d,134,True,A,A,0.9349896013736725,0.9353109006164713
947b8aaa4502a233,123,True,B,B,0.8698451459407807,0.8738427073170355
94909a973e9a52ea,113,True,A,A,0.7581384718418122,0.7620061925565911
94ad0082fd174dbb,137,True,A,A,0.9087738156318664,0.9092076668438483
94bdb00073b43db7,156,True,B,B,0.9065985143184662,0.9080589227711255
94ed2eb35d1de60a,156,True,B,B,0.8647272884845734,0.8692012475749754
953bfc9180ec93c6,118,False,B,A,0.9060899555683136,0.9074809084708584
95519b5a2a7f9cf9,117,True,B,B,0.9299826800823212,0.9305509170508968
956323a8d27e007d,87,True,A,A,0.6693532049655915,0.6702570370141914
957ea564b28a23c3,89,True,A,A,0.8687353551387786,0.8731137279840644
958d03335fc7d91c,111,False,A,B,0.5246029913425445,0.5271661458731107
95b062054df26ae1,107,True,A,A,0.3594516277313232,0.36042617061458887
95d4f1a608ec4f1e,155,True,B,B,0.6870416343212128,0.6903090334347943
9624d41667dcddda,111,True,B,B,0.9340360999107361,0.9345762883958061
9626305ae88b842f,89,False,B,A,0.9071970164775849,0.9086380656529341
9639b11d4a5c2024,159,True,A,A,0.9073648512363434,0.9087536992441105
96964e11ea77e87b,133,True,B,B,0.9330024182796478,0.9334831385742219
96cc8adc4aa02ff7,95,False,A,B,0.43260135054588317,0.4357553747466329
96f57141943baa78,129,True,A,A,0.810844624042511,0.8115654313007253
97155e8c573e56b5,81,True,A,A,0.906399416923523,0.9077079688602139
978017c31f813ef6,91,True,B,B,0.9066666841506958,0.9079529243905894
97a586732b939b02,106,False,A,B,0.9374855816364288,0.9375947219031417
97adbdf2159d2b84,139,True,A,A,0.9307109355926514,0.9310109130759715
97c1fe9e433fbf0b,89,True,B,B,0.8687350690364838,0.8731134446581817
97e461bc3821658f,116,True,B,B,0.6683676600456238,0.665037807616901
97f058fb0bcc7873,89,True,B,B,0.41892705857753754,0.4251053012984286
9825c50eafa1ce98,119,True,A,A,0.801043051481247,0.8026409740687293
9828dee37ee5104a,135,True,A,A,0.9325525343418122,0.9329370710631396
983a0ce6f1e948cc,122,False,A,B,0.7555825173854828,0.7599007533725771
98761f8a703fa0b0,133,True,A,A,0.9329125940799713,0.933393554019981
9877ddd6ecc4ef1e,148,True,A,A,0.905565720796585,0.9070134914385146
98a06f5371546b71,118,True,A,A,0.8524223864078522,0.8526822930661476
98bc6841015f1ef1,142,True,B,B,0.6772978663444519,0.6757131917921673
98d484579b04c066,149,True,B,B,0.9076426684856415,0.9087757076815788
98ea8033d12dc89f,119,False,B,A,0.8010426163673401,0.8026405098184657
9915bfc328d2e8d1,152,False,B,A,0.8679166972637177,0.8717508314425583
99926ad2737a18c4,101,True,A,A,0.6760379493236541,0.6749487470306803
9997716a6f5718a4,89,True,A,A,0.5054906129837036,0.5111251127759295
9999bcd24358b126,107,True,A,A,0.5233099341392518,0.5241975558486192
99a9030c6f982d31,142,True,A,A,0.9058276772499084,0.9072229623659702
9a354c6ce9a742d2,134,True,B,B,0.8771357715129853,0.8787937327585462
9a477eff89aa7b11,152,False,A,B,0.3471681386232376,0.352505980047336
9a58a24ab7b7155a,117,False,A,B,0.30028484761714935,0.28928703453377647
9a750f87c82ecf05,112,True,A,A,0.9344853937625885,0.9348705209632853
9a93e6697a491c2d,100,False,A,B,0.49279681146144866,0.49317779654797295
9acb4a284c48d1ee,137,False,B,A,0.908773809671402,0.9092076400325121
9aec1d7b1f572ddd,149,True,B,B,0.9076426565647125,0.9087756854977396
9af806a4888bf179,93,True,B,B,0.7468097031116485,0.7477065000004953
9b4f1ecac9c64ce8,132,True,B,B,0.8756752789020539,0.8774527006672335
9bcac3dc12331635,126,False,A,B,0.5205152928829193,0.5214221443144368
9bcfb30809db70c1,85,False,A,B,0.2804283738136292,0.2832098163312764
9bfe572dd04ee8da,135,True,A,A,0.9044000148773194,0.9057374782778309
9c16d4e6c3fd60d2,97,True,B,B,0.8720678389072418,0.8755741344774712
9c46f5b462f376ea,102,False,A,B,0.9136849880218506,0.91429212226609
9c8052b6e851910f,101,True,A,A,0.8220928609371185,0.8265585992925255
9c8218711846e77a,96,True,A,A,0.6591001570224762,0.6629189542396132
9c84de8c377ce5b5,81,True,A,A,0.9063977599143982,0.9077064157174168
9c950319a7d7236d,126,True,A,A,0.9325025379657745,0.9330111461743392
9d1e5f9e374da1c1,114,True,B,B,0.9056101202964782,0.9069598393952664
9d411e63985d1888,82,False,A,B,0.43087362945079805,0.43863783919318344
9d7a3c6f9bffc512,140,False,A,B,0.6033084630966187,0.6041102508683247
9d8e506a71fda869,140,True,B,B,0.8736271679401397,0.8751353552790055
9daa072ab37d9490,81,True,A,A,0.9063994109630584,0.9077079585601895
9dc21a28be8236f9,122,True,B,B,0.9075331151485443,0.9090302819767178
9e1420633e81c1b1,136,True,A,A,0.8552198529243469,0.8555502647452524
9e144dc926cb948f,110,False,A,B,0.5249249517917634,0.525734193125923
9e4388e618a1b5e9,125,True,B,B,0.9070038497447968,0.9082818905237788
9eca4d38ec627e36,152,True,B,B,0.9057038307189942,0.9069738520177838
9f0588ac001ca38a,98,True,A,A,0.9092707872390747,0.910477505669587
9f0a467e54a42825,146,True,A,A,0.5285501539707184,0.533375762290333
9f480b44b11c29c5,128,True,A,A,0.9329257607460022,0.9333036252914703
9f6c0aa83ec3c6cc,159,False,A,B,0.35612669587135315,0.3618521787234956
9fa23d8afb395093,92,True,B,B,0.9051028490066528,0.9064075536967575
9fe12f16273683c2,134,True,A,A,0.8026969134807587,0.803742970800084
9ff0738ccbd3d0db,133,True,B,B,0.9330024182796478,0.9334831451455461
9ff7e69bc14941b2,133,True,A,A,0.5247139394283294,0.5287719346871642
a030351f71368ddc,157,True,B,B,0.8091800332069397,0.8103527897088083
a080e5744de8905d,94,True,B,B,0.9311951696872711,0.9318257363149793
a0a70ba87c380e8f,123,True,A,A,0.9070915639400482,0.9084377048890333
a0b3516456e95a4c,159,True,A,A,0.9073648691177368,0.9087537116067702
a0c25992d9209bac,131,False,A,B,0.5166503489017487,0.5223068007645273
a0cecb1343e7180f,97,True,A,A,0.5090991646051407,0.5140064326335988
a122f89f4964f4e8,138,True,A,A,0.4207330048084259,0.42779501784874363
a12cc5f2a76197e0,151,False,A,B,0.36259824633598325,0.36378829249282457
a133950d7c2d66a5,149,False,A,B,0.5216827273368836,0.5252189198916076
a13bf36707283117,116,True,A,A,0.8624836206436157,0.862540344740475
a15ce19f034ef85f,157,True,A,A,0.5085344642400742,0.5134386645710981
a180f501dda05079,85,True,A,A,0.9065249502658844,0.9077690238152301
a187edcb7098cf4f,159,True,B,B,0.9073648989200592,0.9087537333637041
a1975d8916c1e730,132,False,B,A,0.9317979514598846,0.932284984671328
a1a2c8563907f585,129,True,A,A,0.9323217868804932,0.9325808593695895
a1a4efe4436f5849,152,False,A,B,0.4236004203557968,0.42687647826271913
a1c281cef679054e,113,True,B,B,0.905617356300354,0.9070269832735207
a1c3057e9e4fb653,93,True,B,B,0.8233542084693909,0.8278629601113827
a210763bee0ec77f,146,True,B,B,0.9051435351371765,0.9064972295734094
a22156c3945fa5e6,149,True,A,A,0.5157208383083344,0.5161221380716341
a250808d0926dcff,93,True,B,B,0.8659080862998962,0.8698728865104884
a26202aab07443ba,158,True,B,B,0.9052262306213379,0.9064581705354833
a2b145d77281044b,133,True,B,B,0.9330022692680359,0.9334829940964475
a2e4795a89065056,146,True,B,B,0.905143427848816,0.9064971203156832
a2ea41395b5b8322,157,True,B,B,0.8091769576072693,0.8103496787913136
a3172d6e151cde9c,154,False,A,B,0.27960639595985415,0.28014245333328236
a37b060b3b15b83f,144,True,A,A,0.9053171515464783,0.9066937895785931
a38b91507d966a3a,134,True,A,A,0.9349961161613465,0.935317369089088
a3b1e9db33a5430d,152,True,A,A,0.9057045102119445,0.9069745311778264
a3e6413c81ed021b,90,True,A,A,0.8267888844013214,0.8279811145301796
a40065231d54ee63,112,True,B,B,0.8771690845489502,0.8783613293437849
a4024490027c3cdb,132,False,B,A,0.7401805102825165,0.7467309221413518
a4178425ed9705f7,110,True,A,A,0.9051443576812744,0.9064500807273866
a4602e133b442012,114,True,A,A,0.9317891716957092,0.9322763528862792
a47607ae2200a9f6,133,True,A,A,0.9330024182796478,0.9334831301712118
a4889dff86e7d067,139,True,B,B,0.930711305141449,0.9310112608647675
a49c36fdf1f83de8,129,False,A,B,0.9039340615272522,0.9051847359394269
a4b9ef63f420fd0c,150,True,A,A,0.90664923787117,0.9078631722772437
a4bcaf0f77f426de,116,True,A,A,0.929504519701004,0.9299021919123808
a4d71905fd72224b,127,False,A,B,0.7061110734939575,0.7081661226567564
a4d8017aa76bacb1,91,True,A,A,0.9066665232181549,0.9079527604530722
a4e96dcf517f12f7,85,False,A,B,0.42739935517311095,0.43516196675331303
a546796bba4ab872,103,True,B,B,0.6902020931243896,0.6927343816482506
a558b237e954553f,146,True,A,A,0.9051433563232422,0.9064970526647945
a55da85c97e3453f,99,True,B,B,0.903899347782135,0.9051706037955354
a55fc6e271bf891a,126,False,B,A,0.932496190071106,0.9330048598018628
a568c7bff4948631,83,True,B,B,0.9050340473651886,0.9062734931387331
a58e4aee7375102d,100,True,B,B,0.9339649617671967,0.934338743511135
a5acf571087dd040,131,False,A,B,0.5166503727436066,0.5223068085659995
a5d413aad6f0c33e,134,False,A,B,0.570673018693924,0.5622924631497911
a5da442dd4745b0d,106,True,A,A,0.9374852895736694,0.937594399199486
a5dd547055ee886c,90,True,B,B,0.9064415574073792,0.9078482121100417
a5e29226c26817f6,97,True,A,A,0.8998142838478088,0.9010323314378107
a5fc642dab241d8c,100,True,B,B,0.9339945375919342,0.9343681968468791
a608d9ebf3abdc85,141,True,B,B,0.9053890466690063,0.9065776392043814
a61cca9819678547,98,True,A,A,0.909270840883255,0.9104775685857179
a691f125cb314e58,120,True,A,A,0.8077393054962159,0.8086203672190043
a6b2ed6437a4418f,154,True,A,A,0.5133317798376084,0.5148625319742348
a6b337d367a42f4c,92,False,A,B,0.6721826016902923,0.6690618559394755
a6b684fbc1363e10,138,True,B,B,0.6674918532371521,0.674112698448949
a6e1511b36405c53,89,True,A,A,0.907673817873001,0.9091094123285897
a71a5476add1872b,146,True,A,A,0.9051435172557831,0.9064972100286978
a749c337c6d298e4,160,True,A,A,0.9047503173351288,0.9059633768428474
a76883b6fc3a049c,98,False,B,A,0.8330393433570862,0.836969034380988
a7748bff197a02fa,100,False,B,A,0.8605352938175201,0.8607669017775944
a7e38a313ff0ba55,82,False,A,B,0.3628050535917282,0.3582921380537749
a89687792c6ae2a8,147,True,B,B,0.9041435539722442,0.9053558301194782
a898ec4c1df963c2,144,True,A,A,0.9053171753883362,0.9066938206349582
a8a8694ef67fb7ae,153,True,B,B,0.8028282999992371,0.8034838504951767
a8c47f233d210d1b,150,True,B,B,0.90664923787117,0.9078631650310504
a8e7f4582c0e32fe,151,True,A,A,0.9300041496753693,0.9304288159460918
a8f22ceeab5875dc,97,True,A,A,0.42404240667819976,0.42727873609304706
a8fb48be3921b1fc,103,False,A,B,0.23489327132701873,0.232515245704429
a916194c452f0c8e,145,False,A,B,0.5205216616392135,0.5243169264640618
a91c39c359efad4f,103,True,B,B,0.9284456193447113,0.929005054425253
a922fec7c22cedba,95,True,A,A,0.9305990397930145,0.9310175923100118
a925d7c07a18baf5,116,True,B,B,0.7321244239807129,0.7317892954006228
a9410a02fc23ba78,92,False,A,B,0.2901055872440338,0.29256266558530114
a96720dc254d2720,158,False,A,B,0.4324051856994629,0.43767207004438485
a99ac2abcf7e4b05,151,True,B,B,0.5506569623947144,0.5507915974176237
a9b34fe3ddc34955,107,False,A,B,0.42901787757873533,0.4350658365361926
a9c7d49853c9b738,123,True,A,A,0.41923715472221373,0.42648659856985216
aa32766ea0083108,91,False,A,B,0.29372526705265045,0.29650717674725796
aa36cc9910892924,118,False,A,B,0.5093417078256607,0.5146018524417835
aa39ec1f313c3295,83,False,A,B,0.9050344705581665,0.9062738988941916
aa88746cfd612d18,124,True,A,A,0.903088366985321,0.904566426650588
ab526b9d8bc273fc,149,True,A,A,0.934201180934906,0.9344846341732955
ab54a01a5718407e,90,True,B,B,0.9324390828609467,0.9329695713141468
ab6dd6e7030a42a3,160,True,A,A,0.4220848888158798,0.42887041831829176
ab887fec27eba5b0,104,False,A,B,0.9073200643062591,0.9086926500425585
abde762232332eb7,153,False,A,B,0.42473509907722473,0.4300508908336103
ac35cd7b09727b50,154,True,B,B,0.9058848321437836,0.9071572183893013
ac44e1e14b94ca99,150,True,A,A,0.41348594427108765,0.41920430461924596
acb5cf34e924b420,92,False,A,B,0.761085569858551,0.7615750198278282
acc9e51c79218a78,130,True,A,A,0.9069132506847382,0.9081632583157011
acf2d6759dbf738d,158,True,B,B,0.9052261054515839,0.906458061554507
ad6d856d6ae694a4,90,False,B,A,0.8749141991138458,0.8763755053615213
ad927620a5a085d6,95,True,A,A,0.8302261412143708,0.8326346649656597
adc58989c85c108d,143,True,A,A,0.9058788359165192,0.907238652190234
added8c1b777bd0f,121,True,A,A,0.28668555021286013,0.2826692632056595
ade383626b74d4b5,134,True,A,A,0.5213389664888382,0.5221681724809077
ae2569e2781258d8,146,False,A,B,0.5285500586032867,0.5333757488840255
ae67b559a650fc72,153,True,B,B,0.6763931691646576,0.6784005215593586
aeba721907ede036,135,True,A,A,0.9325527489185333,0.9329372906825659
aebb67b51e7c2cbd,149,True,B,B,0.9076426565647125,0.9087756871804009
aedc1ce61d238e32,125,True,B,B,0.9349127173423767,0.9351482903526411
af0d7117c6131a76,158,False,A,B,0.29089973866939545,0.29346137104301606
af3cbb30a0a4b7af,94,False,A,B,0.4274840086698532,0.42862960691055785
af4e44c07edca204,130,True,A,A,0.800959712266922,0.8020605372280464
af5f919bc368e472,159,True,A,A,0.9073648452758789,0.9087536884206173
af6ecabef0419271,158,True,B,B,0.4780494421720505,0.47958166239749656
af8931fee7c9348f,131,True,A,A,0.6119856536388397,0.6150483657739177
af9c3e6a472f1cf9,98,True,B,B,0.8741864562034607,0.8776793078696642
afa209ade0a39b98,143,False,A,B,0.9058787822723389,0.9072385900435828
afb486e4e94acb8d,116,False,A,B,0.5921501696109772,0.5919713710132714
afd6f54cfbba98ca,133,True,A,A,0.52130928337574,0.5221018061105057
afe2ccab0d214ced,143,True,A,A,0.9058788537979126,0.9072386825911204
b02d1b6f7a31b746,88,False,B,A,0.9060200273990631,0.9073967457457005
b05d419359dc4ab9,83,True,A,A,0.8146656215190887,0.8157440755156669
b07e1c4a133a4721,96,True,A,A,0.7289691805839539,0.7338347262188943
b082bb5961926ef2,156,True,A,A,0.8647272765636445,0.8692012070202215
b09035dbe1347c5c,121,True,A,A,0.9074149787425995,0.9086859214795053
b0932a67c9e9d5b3,96,False,A,B,0.522259098291397,0.5278141985868381
b0f525f91f25c54c,149,True,A,A,0.9076426565647125,0.9087757001703702
b15c5ac67dad8a42,157,True,A,A,0.17560553252696992,0.1711900621767474
b15e6ce60ea6c7bf,137,True,A,A,0.908917635679245,0.9102566882204505
b18f9975cc094584,135,True,A,A,0.9043997168540955,0.9057372869361598
b1e5dcaa42e1c66d,149,True,A,A,0.9076425909996033,0.9087756319717247
b224f3ea594807b7,114,False,A,B,0.3680098354816437,0.3613855763589181
b24471b12a11edf5,124,False,B,A,0.8204539358615875,0.8198748644962175
b26fa54775b8f660,152,False,A,B,0.12689897269010544,0.12486900693035563
b270330d5eeb82ad,98,True,A,A,0.8741864562034607,0.8776793045291044
b2979f50ade0e395,126,False,A,B,0.9055107951164245,0.9068467593086862
b2e0b4ba6c92054f,115,True,A,A,0.4431745111942291,0.44248495012899464
b2e1a86343947d7b,160,False,A,B,0.5185280919075013,0.5227198906285555
b302e1b52bb58573,149,True,B,B,0.9076426148414611,0.9087756512692323
b3136bebd7c58d3a,145,False,B,A,0.9076154351234436,0.9086686498235761
b32f212ede2e0fce,138,True,A,A,0.9082198202610016,0.9094710114282896
b39b3e964ae2a9a4,126,True,A,A,0.520890760421753,0.5218133080923388
b39e861482af86c0,131,True,A,A,0.41958215832710266,0.4278855683307518
b39ed974c1f6fc9a,153,True,A,A,0.5157661885023117,0.5195002442203671
b3aace035e8abca6,91,True,A,A,0.9066665410995484,0.9079527858846532
b3c1b31374e72217,97,True,A,A,0.872066730260849,0.8755730944400136
b3d20dabf0d5053f,97,True,A,A,0.5090991914272308,0.5140064183348199
b3e6651e4c3349c5,143,True,B,B,0.9058788299560547,0.9072386434998471
b3eec1ef8c376e02,130,True,B,B,0.9069135427474976,0.9081635422957834
b41325f9e7dc75ab,112,True,B,B,0.9073070764541626,0.9087357103464242
b498b9465608d8f1,159,True,B,B,0.804394793510437,0.805791904364699
b4a9cc10439e0714,118,False,A,B,0.3719565361738205,0.36482899005672564
b4bffd5d6715257a,137,True,B,B,0.9344595193862915,0.9347913402919381
b4f0be79e1751398,136,True,B,B,0.8120283722877503,0.8119465496549472
b4f54d4d11992205,92,True,A,A,0.90510293841362,0.9064076184418155
b5015fe0ada32f7b,152,True,B,B,0.9056929826736451,0.9069631857962193
b5514676305964b8,142,True,B,B,0.7428105533123016,0.7468268554254813
b560f2b9648b8241,135,False,A,B,0.8077828049659729,0.8090322222127814
b567f4ea7f76cb29,91,True,B,B,0.9066666662693024,0.9079529237191487
b5acc66d668f1e7a,150,False,B,A,0.9066491901874543,0.9078631319291868
b5c8f3d1bde79d47,153,False,A,B,0.4247351586818695,0.4300508747510701
b5e4327a69857b18,131,True,A,A,0.9062689244747162,0.9078446217939427
b5f17b5141d448fb,150,True,B,B,0.8078150868415832,0.8088494971314162
b634998d31e8a20a,99,True,A,A,0.36793959736824033,0.3650973419643936
b636a1edb44d9905,122,True,A,A,0.9329035222530365,0.9334003844959264
b65822898fd8a44f,155,True,A,A,0.4167320907115936,0.42417318074889987
b6748430ed7cdd24,94,True,A,A,0.9045666754245758,0.9060985489134534
b6cba959b683dea9,144,False,A,B,0.5218452394008637,0.5271939956852941
b70c20e3dd0689c5,135,True,B,B,0.5850320994853974,0.5779104166139427
b73c912e5422d313,142,True,B,B,0.905823415517807,0.907218719583423
b74331e7e8c5ebd4,127,True,B,B,0.9293082177639007,0.929708015721751
b74602191c1818c8,91,False,A,B,0.5231997162103653,0.5284668021780038
b79f023e41fd01f2,106,True,B,B,0.8554561734199524,0.8566734989613293
b7c85c0b14a3808a,99,True,A,A,0.9038995623588562,0.9051707922042068
b7e6bcc00329f5ec,115,True,A,A,0.8055314302444458,0.8064945384412077
b7f38f84db211f55,123,True,B,B,0.9338333606719971,0.9342081545239687
b8166f7ccc91a17b,130,True,A,A,0.934174758195877,0.9344108323149914
b81a72f0a0271738,130,True,B,B,0.9341747641563416,0.9344108456686036
b83a92ad72bb0439,84,True,A,A,0.8734911918640137,0.8771467768274508
b83ba5ef18265368,125,True,B,B,0.9070037782192231,0.9082818152606477
b861d63d8b64ef5f,137,True,B,B,0.8192313015460968,0.8237732187468293
b86859f6f191b1d1,120,True,A,A,0.9318754374980927,0.932328519609087
b8f02ee2798b81fd,99,False,B,A,0.8671121180057526,0.8707779173536678
b8f8b8ada3750436,149,True,B,B,0.9076426684856415,0.9087757085506565
b93867f705b4fd2f,123,True,A,A,0.9070915341377258,0.9084376782453469
b93ca5a005954115,113,True,B,B,0.9056171119213104,0.9070267325308926
b94708cd5c6d80f1,93,False,A,B,0.2785786211490631,0.28162281501159614
b95f6146b1a18657,119,True,A,A,0.8503104984760285,0.8507284570469673
b97c92c4a3b6bc11,140,True,B,B,0.9337339520454406,0.9341271177319033
b988eb4902769b1d,88,True,B,B,0.9060200810432434,0.9073968219985733
b9952d94c027c362,160,False,A,B,0.5185280919075013,0.5227198906286248
b9bd6db8f7fb97a8,142,True,A,A,0.41605148911476136,0.4235942894075425
b9c6588915fd55a4,93,True,B,B,0.9318135201930999,0.9323705110309639
ba26fbd8edc4cfd9,115,True,A,A,0.9335041344165802,0.9338562673132346
ba48b043a030f901,88,True,A,A,0.9060200989246369,0.9073968306199204
ba7bfcbfc62f85e1,142,True,B,B,0.9058275997638703,0.9072228924882669
ba99fdd897dec50b,112,True,A,A,0.9344854891300202,0.9348706131564721
bad9c33bca5c9613,89,True,B,B,0.907673817873001,0.9091094044902978
bb294c2e5874175e,110,False,A,B,0.5120474219322204,0.5169055945193591
bb492424d92cbabb,152,True,A,A,0.905703729391098,0.9069737661710159
bb7c5e1da39b8bd0,122,True,B,B,0.9329024434089661,0.9333993637341258
bb8156848bf32f18,117,True,B,B,0.7506975352764129,0.7540138332715981
bb8d832447625006,127,True,A,A,0.9293082177639007,0.9297080158809331
bbd22fd24a0e5b85,100,False,B,A,0.2748162016272545,0.27854688518459664
bbdf1302a80b4724,104,True,B,B,0.9090195834636688,0.9097162111384243
bbf5b61bccc707b3,123,False,B,A,0.9070840358734131,0.9084302826072488
bc1427bb2d69388f,110,True,A,A,0.9332150280475616,0.9336880884990262
bc16c2ab1195fac4,130,True,B,B,0.9069136917591095,0.9081636833386966
bc261ed0641d1dbd,158,True,A,A,0.9052262306213379,0.9064581764694782
bc2b34e93af7dfca,154,False,A,B,0.41325618922710416,0.4204875172162935
bc2d8d3cae892bd0,127,True,B,B,0.9293082177639007,0.9297080071491705
bc9f1679b8d6d222,94,False,A,B,0.3529024124145508,0.35827442567859913
bcab6953e5476493,91,False,B,A,0.8725079834461212,0.8762541511614803
bcb9a7dbd22de728,88,True,A,A,0.7314457058906555,0.7360233660650964
bcbd08efc2fa8206,92,False,A,B,0.23741785436868668,0.23532016103177006
bd08e56f13a97d3e,91,True,A,A,0.9066666483879089,0.9079529210571419
bd1b69be17787af1,91,True,B,B,0.8725368082523346,0.8762824373602467
bd7ad797f0587be6,106,True,B,B,0.9094983339309692,0.9104461487658767
be3116f629492e0e,104,True,B,B,0.6478123724460602,0.6422743887882543
be5166073fd7f71f,99,True,A,A,0.7544820785522461,0.7582601752374661
be6eea12720e5c2b,111,True,B,B,0.9340360760688782,0.9345762498662573
beb796b18a0f6660,111,False,B,A,0.9340360999107361,0.9345762975753825
bec28c62fa7cb4d6,140,False,B,A,0.9337339520454406,0.9341271019351269
bec9fc82b43c3ac8,86,True,A,A,0.22888363599777223,0.22664678446898226
bf25e4e570860162,133,False,A,B,0.5247139275074005,0.5287718968081874
bf3df0156e1e3a54,139,True,B,B,0.9307113885879517,0.9310113381341036
c01e0709b731cbb7,152,True,B,B,0.8058977425098419,0.807193695011564
c0323778b34bbca7,123,True,A,A,0.9070916116237641,0.908437728632012
c053cc6c8b0fbd9c,150,True,B,B,0.906649112701416,0.9078630820216189
c0ab4428f30411ab,138,True,B,B,0.9082248508930206,0.9094759974607168
c0d7ca82c7ab270e,150,True,A,A,0.41348601281642916,0.41920480791414655
c1227b2266ab288d,141,True,B,B,0.8306575179100036,0.8344131972201986
c17ad30b9e8a5d7f,90,True,A,A,0.9324397325515748,0.9329702205589928
c17c92d287f6ec20,141,True,A,A,0.4504711300134659,0.45295575398177623
c19aebcf3a153bd4,129,True,B,B,0.7615390896797181,0.7644782387607392
c1c55d77b3d062e3,145,True,A,A,0.751873767375946,0.7548337567516568
c1c8017e0c87045e,97,True,B,B,0.5193336278200149,0.5217416372658377
c1d7710db058fb3c,86,False,A,B,0.4256676912307739,0.4291178862662221
c2408803e70223bc,118,True,A,A,0.5093418180942535,0.5146019041104131
c242291d2d5c4277,157,True,A,A,0.9055149614810943,0.9068315292395581
c2496ffaad6f36ac,101,True,A,A,0.9329218029975891,0.9333231100152208
c2932e59c8d75ccb,127,True,A,A,0.9293082177639007,0.9297080161144613
c2bfbe62c9937c98,107,False,A,B,0.36822054982185365,0.3667107539085513
c354cdc11d973251,102,True,B,B,0.9361819207668305,0.9365499434647615
c38315207336b388,111,True,A,A,0.934035325050354,0.934575464917355
c3b45c9c181b569d,155,False,A,B,0.35380416810512544,0.3557054581371711
c3b8e2769a6d877b,93,True,B,B,0.9043322145938874,0.9057933424248945
c3e8f60216edca27,137,True,B,B,0.8072224795818329,0.8084576025850501
c3f1ff96864ba44b,118,True,B,B,0.9060899376869201,0.907480897963913
c3f2ee98f38031e0,150,True,A,A,0.5094299048185349,0.513286329901016
c4155a5a1b407f06,141,True,A,A,0.9053890407085419,0.9065776319634976
c417a153ab43314e,122,True,A,A,0.9329035222530365,0.9334003812832664
c42929d6e52114c5,129,True,B,B,0.9323217868804932,0.9325808584521393
c448a1a56e0a0eae,121,True,B,B,0.9074150681495666,0.9086860065221487
c45be763750e5c22,138,False,A,B,0.7536706984043121,0.7546490289157457
c46297f210af3ed8,115,True,A,A,0.8077538490295411,0.8087572228015374
c468517c47e91546,152,True,B,B,0.9057044863700867,0.9069745074180389
c475ffaee75c091f,109,True,B,B,0.9045062839984894,0.905848216909263
c4885a6a1e6eb784,157,True,A,A,0.7605045676231384,0.7639226304454246
c4b3b8bf8189e05c,128,True,B,B,0.9329257726669311,0.933303658250878
c4df7f9b009030d6,134,True,A,A,0.9349964916706085,0.9353176872868852
c502c507bfd58971,104,True,B,B,0.933142465353012,0.9336494386003406
c5034aefb9672d8b,143,True,B,B,0.9058788657188416,0.9072386838003561
c504c618a2b8d2a3,103,False,A,B,0.4446240484714508,0.4473148565786566
c51e5931a5769479,139,True,A,A,0.9028957307338714,0.903998425579674
c56ecbfa41edfe1d,126,True,A,A,0.3483347147703171,0.35289053948992105
c5cfc4e854b7cf23,83,True,A,A,0.8146783292293549,0.8157552734936949
c5f69a1a28128288,145,True,B,B,0.9076154172420502,0.9086686306410913
c61f4d12ddf30b65,83,False,A,B,0.5197077035903931,0.5239301858701079
c6501a9f9ed4f337,119,True,B,B,0.8010432481765747,0.8026413375184049
c688ec45cf41c4c3,94,False,A,B,0.5048426717519761,0.5077849413896296
c694686dc1fa9c80,149,True,A,A,0.9076426565647125,0.9087756894865144
c6e5e0831b61d141,137,True,B,B,0.8072285890579224,0.8084638207436654
c70064be740dde0a,90,True,B,B,0.9064485251903533,0.9078550620641892
c72d47452711b057,131,False,A,B,0.2797362357378006,0.28266047121642013
c7568e081142c235,92,True,A,A,0.9051028311252594,0.9064075385128352
c76304dbcaa71fdb,90,False,A,B,0.9324348330497741,0.9329653564018054
c7732ee90bf6399b,160,True,A,A,0.9047504305839539,0.9059634729440582
c7cff4f21bf4a55e,107,True,A,A,0.7550012111663819,0.7583456740428258
c7f004a33b81e4cb,109,False,A,B,0.529450410604477,0.5303053603752546
c833161c0ce93da0,140,False,A,B,0.4430395245552063,0.44294744116127943
c84dec9a3387cd2f,122,True,B,B,0.9075332462787629,0.9090304010150984
c87e970d4a63389e,89,False,A,B,0.9076738774776458,0.9091094748507574
c8998302a06c0325,156,False,A,B,0.49442378282546995,0.49449526044619124
c8be9473b031f8e1,83,False,A,B,0.368205600976944,0.3657064062342762
c8eb9fc6d1343b13,144,True,A,A,0.9053171396255493,0.9066937797574853
c93f8e9e5346549e,89,True,B,B,0.2543677642941475,0.25677590994115645
c9bb6cdfd0f6aeb8,129,True,A,A,0.9323217868804932,0.932580870579949
c9e9aff00097a2bf,86,True,A,A,0.8646803498268127,0.8689622404422984
c9eb441c02baa6d8,95,False,A,B,0.43259728848934176,0.43574890115009124
ca41a2dc25f7dad9,114,True,A,A,0.5868306040763855,0.5875872765682673
ca5717a76c78fffa,123,False,B,A,0.8299225211143494,0.8321884097766535
ca7146db05c248bb,99,False,B,A,0.39698562026023865,0.3923777170551192
ca904d52f4b8a499,113,True,A,A,0.9056173264980316,0.9070269425131784
caad55209ff89749,131,True,A,A,0.9062984645366668,0.9078737456517532
cab09f7cb5e1dcca,152,True,A,A,0.9057011187076569,0.9069712138448004
caca35c363fd5ad0,91,True,A,A,0.8363695919513703,0.840475553028283
cad3d08e35fe4fb4,90,True,A,A,0.9064481854438782,0.9078547206598637
cb42b344e82482ed,155,True,A,A,0.5104520887136459,0.5114561497464245
cb5aad008fab0981,153,True,A,A,0.42473509907722473,0.4300508908335832
cb69c1a88e6f524e,129,True,B,B,0.42189329862594604,0.42541533507741025
cbfbd8b2a6313dc3,146,True,B,B,0.9051435351371765,0.9064972225514832
cc4246d240933ec0,116,False,A,B,0.59209024310112,0.5919089539292498
cc48cc6307a30fe3,144,True,B,B,0.9053171515464783,0.9066937862971841
cc61589a5facb5ba,160,True,B,B,0.8735872626304626,0.8748459730945302
ccaf8a40b6417c11,130,False,A,B,0.7448204755783081,0.7483563344504675
ccf3c38f6a2483fd,97,False,B,A,0.8757110297679901,0.8771233639694549
cd27d7c845ebecd8,109,False,B,A,0.6850887775421143,0.685279308916918
cd6b15a1fb58c98b,123,True,B,B,0.907091474533081,0.9084376126432169
cd89bd7c45e44c14,110,True,A,A,0.8108779132366181,0.8119488849033182
cdb52af8ece7edda,148,True,B,B,0.9055657505989074,0.9070135287029271
cdd23f1e3fd0db77,96,False,A,B,0.5222590804100037,0.5278141887832013
ce2899455ceced52,159,True,B,B,0.7325337529182434,0.7372352072378714
ce3f368aa6a46b97,146,True,A,A,0.5285500586032867,0.5333757488840468
ce60f684a43d9fa1,147,True,B,B,0.904143488407135,0.9053557940843182
ceac5ad5bcf94ea9,82,True,A,A,0.5232426732778549,0.5282744837168442
cefff2321c1dec1d,139,False,A,B,0.5211508214473725,0.5217556520208207
cf036cea64584e9f,115,True,B,B,0.756459790468216,0.7569653237067884
cf0456ce5aa1ce56,85,True,B,B,0.8147293865680695,0.8157357860555801
cf1699774123516b,114,True,B,B,0.9056101202964782,0.9069598396293637
cf19b003266b8095,100,True,B,B,0.24678172469139098,0.24375464301175023
cf28b50f401e0c7d,104,True,B,B,0.9073201239109039,0.9086927247337886
cf4985282662b32a,146,False,A,B,0.5245383620262146,0.5252726695668765
cf6916ca48eab426,153,False,A,B,0.5157661706209182,0.519500252237731
cf6bf81fd9acfcd6,99,True,B,B,0.9038995623588562,0.90517078985786
cf6ff32906827133,148,False,A,B,0.866979855298996,0.8708772099719285
cf8af719e11921a1,160,False,A,B,0.42208518981933596,0.42887027972274405
cfb5bc6910c71832,159,True,B,B,0.8777039647102356,0.8792120846972591
cfd4d011eb71f81f,135,False,B,A,0.8732641279697418,0.8747913010056301
cfed653b3c6e96c1,83,True,B,B,0.9050345599651337,0.9062739919637142
d00896be3029902e,143,True,B,B,0.9058788180351257,0.9072386329929344
d03306c644160c8d,143,True,B,B,0.9058787882328033,0.9072385952214
d05b695688936087,82,True,A,A,0.5182113707065582,0.5190795556307121
d06bebc792bcede2,140,True,B,B,0.8310256183147431,0.8333664061255993
d07ea4314792285a,143,False,B,A,0.9058787941932678,0.9072386036153179
d08cd47227953718,100,True,A,A,0.9067543685436249,0.9080388989657264
d09731eae5612944,110,True,A,A,0.8737159848213196,0.8752326737686584
d0a9528ae58e5633,148,True,B,B,0.8669800281524658,0.8708773743037638
d0b184e4fb49ded5,108,False,A,B,0.8224933624267579,0.8235024223950573
d0c8e8ccec6f3264,106,True,B,B,0.5214118421077728,0.51841939683232
d192ba95460fc0c0,158,True,A,A,0.8687477588653565,0.8722151686623738
d1b12cd42d3a4799,151,True,A,A,0.7468361377716064,0.7507333033393997
d1c5e0ae5ff7c4b3,103,True,B,B,0.9045119941234588,0.9058289775354927
d21ae82f25412a69,141,True,A,A,0.9053890407085419,0.9065776353912508
d230b340dd5594d2,139,True,A,A,0.9028956592082977,0.903998368896062
d24d3a946fc228ef,123,True,B,B,0.9070915579795837,0.9084377028777946
d27e97d06d83e4e0,144,False,A,B,0.5202897220849991,0.5220057983086253
d2899631f610dc7d,149,False,A,B,0.21666952818632126,0.21455136514336798
d28a394e4b6c35d7,112,True,B,B,0.907307368516922,0.9087360233192081
d2953647ad305b24,147,True,A,A,0.9041434466838837,0.9053557457729486
d2a24b18ffadc214,91,True,B,B,0.9066665828227997,0.907952850143469
d2f67c5256559c95,143,True,B,B,0.8325751185417175,0.8351559994450678
d3083bddbc5d836f,120,False,A,B,0.520691305398941,0.5213731598269423
d3317168dd61725d,148,True,B,B,0.905565756559372,0.9070135319603425
d367e9be7e55b7ed,114,True,A,A,0.9317891716957092,0.9322763455997805
d370c2775b90c9b9,106,True,B,B,0.7470445454120636,0.7470373724363977
d37392f4149ccb26,94,True,A,A,0.9045666754245758,0.9060985461677781
d385c58124af50de,158,True,A,A,0.905226182937622,0.9064581348863667
d43e16ec7e315a49,107,True,A,A,0.5137206047773362,0.5182782706867792
d4838079ad34f524,131,True,A,A,0.5166501045227051,0.5223067617807163
d48c40cb17427c22,140,False,A,B,0.5156760476529598,0.5216590049867993
d49585b00ec27bcc,82,True,B,B,0.9071138322353363,0.9085685362025233
d4ad7f57e5460a43,99,True,B,B,0.8933192372322083,0.894611058027041
d4eb475ddb0e8b13,122,True,B,B,0.9329034328460694,0.933400305875667
d50dd356c10e600e,159,True,A,A,0.5277214348316193,0.5329337730957835
d5384c3c342bb889,149,True,B,B,0.9076426565647125,0.9087756900862025
d5642a508e969648,150,False,A,B,0.5095665007829666,0.5133968414378749
d56a67ec7db512e9,85,False,A,B,0.8145343482494354,0.8155416822571576
d5813a620764f048,85,True,B,B,0.90652494430542,0.907769024206878
d591d322cc2d235c,109,True,A,A,0.9311930537223816,0.9318227741807927
d595149f634a2088,103,True,B,B,0.87232586145401,0.875791003229202
d59ae0d942ba7275,89,False,B,A,0.7412834703922272,0.7461162743997891
d5a14b31a887800f,92,True,B,B,0.7610855758190155,0.7615749641871215
d5d0125dfe02fb03,143,False,A,B,0.5253733277320862,0.5261700618447508
d5da9c9c114bef64,87,True,A,A,0.2892752945423126,0.28893254640542143
d6060644a51420af,98,True,A,A,0.20794937163591384,0.2102061527920997
d60a8a83101ffc1b,102,False,A,B,0.9083106458187103,0.9094872879326303
d60ef887aaf9f736,145,True,A,A,0.9076154410839081,0.9086686607069234
d62e900b614cd2a5,91,True,A,A,0.6839521110057831,0.690409427211647
d63b22ecb5b8c473,158,False,A,B,0.5211033940315246,0.524509310315384
d6418aec5e519ced,133,False,A,B,0.6177754521369934,0.6201859571247987
d6661e71470ff17a,93,False,A,B,0.4239714503288269,0.43111067485126686
d685f33d70b75433,88,True,A,A,0.9060184776782989,0.907395241416479
d686a59b82bc1e9c,147,False,A,B,0.42657856941223143,0.43258921087858787
d6923bd915aab998,159,True,A,A,0.9073643028736115,0.9087531546682802
d6c6a00b11b84020,154,False,A,B,0.8074313521385192,0.8084779643139697
d71f4016f1a2f5c1,90,True,B,B,0.9324397146701813,0.9329702048504451
d7343f9a907f4fb9,145,True,B,B,0.9356594443321228,0.9359379803480016
d74b8304a6cdae68,134,True,B,B,0.9142715036869049,0.9146933749848021
d7709bb44c9dac69,115,False,A,B,0.3012955278158188,0.2993977751356408
d77b9e6bfed1214a,154,False,A,B,0.5073059886693955,0.512396522506305
d77d928201082b4c,93,True,A,A,0.904332184791565,0.9057933242931699
d78d1438d338cd5e,112,True,B,B,0.776580810546875,0.7802277729077733
d7c3d8ae2149aff8,136,True,B,B,0.9309878051280975,0.931559184778091
d7ecefd6c29c6718,114,True,A,A,0.9317887842655181,0.932275996053748
d849a29ed0e1442f,155,True,A,A,0.747919762134552,0.7520911738285108
d877a296c78630d6,153,False,A,B,0.42473452985286714,0.43005101985929883
d8c0a415ec036985,146,True,A,A,0.9051434934139252,0.9064971684550589
d8d38f45119bbe3c,160,True,A,A,0.7672082304954528,0.7700643713980796
d8d8fc3745bb19f2,140,False,A,B,0.6883462548255921,0.6878655986357918
d8f5b34193069242,99,True,A,A,0.9038995563983917,0.9051707821742585
d9115668a263a0e2,144,False,A,B,0.5218452394008637,0.527193995685004
d931a1212e953750,85,True,B,B,0.7694655418395996,0.77287995995893
d934555860002b09,137,False,A,B,0.9089184939861298,0.9102575023181693
d956a1e9352a61da,107,True,A,A,0.4440354764461517,0.4435862583288075
d95c656ed632ec7b,112,True,A,A,0.9344854295253754,0.9348705714160701
d95e7a670178ab50,98,True,B,B,0.9092708110809327,0.9104775313746585
d963f1d3239df65b,130,False,A,B,0.6073249101638794,0.6072183526372453
d968bf8c0034e5ab,90,True,A,A,0.9064485967159271,0.9078551055047047
d9b06248ceb81347,148,True,A,A,0.9055657684803009,0.9070135408734125
d9de00c65ce319df,132,True,B,B,0.904887443780899,0.9062566867877646
da056b231a3e5efb,157,False,B,A,0.8091772019863128,0.8103499434493975
da28e15b82c2d59c,159,True,B,B,0.9073647201061249,0.9087535425634199
da484f87240b2ad6,84,False,B,A,0.8734910786151886,0.877146648512871
da5407a11b3d14ce,149,True,A,A,0.9076426565647125,0.9087756873624968
da6c5b3cfd44dbf9,82,False,A,B,0.4308765321969986,0.43863561684743047
da78f46c69dd49d3,83,True,A,A,0.5188429117202759,0.5196375797520733
da9772717e7c9e1c,113,True,B,B,0.7581014096736908,0.7619897855486825
dab11ff92372f6f5,124,False,B,A,0.35231657028198243,0.3413752028212139
dae38baf0237419c,147,True,B,B,0.6870307922363281,0.6869600082974874
db0769f7b7245777,135,True,A,A,0.9325527489185333,0.9329372875427447
db784fa7c4851b3c,114,True,A,A,0.9317891716957092,0.9322763493905887
dbc06ac91514ab6a,107,False,A,B,0.8051859736442566,0.8062495736735
dbeea20963284543,128,False,A,B,0.5131220191717147,0.5139743543254077
dbfeee7e927cf2d8,146,True,B,B,0.9051430702209473,0.9064967838002866
dc04c0d3ffa9f6da,132,True,A,A,0.904887443780899,0.9062566904381907
dc363659cea0079f,133,True,B,B,0.9330024182796478,0.9334831396451945
dc4432385c2fac40,119,True,B,B,0.8503095388412476,0.8507274503608391
dc51b09d72601e6e,82,True,B,B,0.9071159064769745,0.9085704346488896
dc72c2c28862169f,150,True,A,A,0.90664923787117,0.9078631744928034
dc855e7ffbd30dad,142,True,B,B,0.9320500314235687,0.9325391246979517
dca875102c42eb25,90,True,A,A,0.9324390530586243,0.9329695934498121
dcdae7e5e53cd4dc,133,False,A,B,0.5373728692531585,0.5349184115659312
dd16f7fca0391c12,147,True,B,B,0.9041435539722442,0.9053558308497204
dd3d6449c339877b,150,True,A,A,0.5094299346208573,0.5132864333072804
dd44354f4cea785e,147,True,A,A,0.9041431546211243,0.9053554635462826
dd4f6876c65632f5,154,True,B,B,0.9058844685554505,0.9071568566415694
dd5d7bee98a6838f,90,True,B,B,0.9064485609531403,0.9078550876011089
dd799c8ecfefa427,106,True,A,A,0.8596275746822357,0.8592338604647889
ddac7b8895c0fe24,148,True,A,A,0.9055657625198364,0.907013534633738
dddae5850e1c91ba,114,True,B,B,0.9056101202964782,0.906959833657232
ddddf2ca07e73058,82,True,A,A,0.4259184509515762,0.4295939656873188
de113e9ef392e0e6,138,True,B,B,0.8721707463264465,0.8761557203281735
de1cdecd8a4f90f5,137,True,B,B,0.9089164733886719,0.9102555323165372
de34b22b388a3b1e,102,True,A,A,0.9083106338977813,0.9094872821252542
de40d0ab03bc56ea,159,False,A,B,0.9073648691177368,0.9087537138172017
de70f7f90359c251,144,True,B,B,0.9053169667720795,0.9066936099126742
de83d62d79e35dc2,97,True,B,B,0.9085803031921387,0.9097516440137225
debafdee55469abc,149,True,A,A,0.9076424539089203,0.9087754839773945
debe94e6f15e51df,94,True,A,A,0.9045666515827179,0.9060985233734005
df0ecae72336781a,95,True,B,B,0.7542282164096832,0.7552636806911025
df3848787b2d1fe9,123,False,A,B,0.9070915102958679,0.9084376360490273
df3bd31f4e7101fe,127,True,B,B,0.9293080389499664,0.9297078551731062
df6787fa4587d72d,87,True,B,B,0.931097823381424,0.9316608203059802
df7afa378081a24b,127,True,A,A,0.9293082177639007,0.9297080072444665
dfb28990f63c50c0,115,False,A,B,0.5267887473106384,0.5275772088300635
dff24b7d8475f4da,91,True,A,A,0.9066666424274444,0.907952904141581
dffd2f29244c8e2a,145,False,A,B,0.5258959889411926,0.5262779240577464
e009aaf139226b00,145,True,A,A,0.9076154351234436,0.9086686470644676
e05a9bb1be284dfe,103,True,A,A,0.9045119464397431,0.9058289218569342
e0938082b5ec80c9,147,True,B,B,0.9041435718536377,0.9053558436284378
e0966d0031099900,125,True,B,B,0.9070037543773651,0.9082817970421682
e09b342a29d675be,98,True,B,B,0.755278903245926,0.7584482641532149
e0ce15a9fb174e39,125,True,A,A,0.9070038437843323,0.9082818638123576
e10a7f74d19bd18a,103,True,B,B,0.9284456253051758,0.9290050592986979
e1146fc1b8aee5f3,144,True,A,A,0.9053168952465057,0.9066935572031332
e11c019493969f35,83,False,B,A,0.6958896696567536,0.6982331419562138
e11f20e5f50d4c77,133,False,A,B,0.3657426327466965,0.36380623973564846
e129d476329fa140,112,True,A,A,0.9344854891300202,0.9348706162855992
e1372a6d88b0d8eb,124,True,A,A,0.9029599189758301,0.9044391367230993
e146314fc01ac5a9,134,False,B,A,0.44510799646377563,0.428111357591734
e150483416d43790,90,False,A,B,0.5210907965898514,0.5220075474666614
e1875c7798c0254b,142,False,A,B,0.18647927194833755,0.18111545807797394
e1995ac48e079251,90,True,A,A,0.9324397146701813,0.9329702159194534
e1d281e1f3ea8ae0,141,True,A,A,0.9053890168666839,0.9065776162335327
e22472afc219b463,92,True,B,B,0.8130369365215302,0.8140911957863199
e258cf88fef89138,137,True,A,A,0.511669647693634,0.5099061329574148
e270a87e5adecd9f,153,False,A,B,0.13526195511221886,0.1349500244171628
e2f5d9fac05a2a49,83,False,B,A,0.9050335705280304,0.9062730482740502
e30ffe8253b7f094,106,True,B,B,0.9373327434062958,0.9374418085597096
e325f32b076419f1,141,False,A,B,0.23671801388263702,0.23395861896661244
e330067e81df7318,138,True,A,A,0.8757896900177002,0.8771906473172064
e336e96a24a123c0,82,True,A,A,0.7366629660129547,0.741388345241367
e36bb2cb10481b78,97,False,A,B,0.28130438923835754,0.2768239942278316
e373bbee4028d737,156,True,B,B,0.9065985262393952,0.9080589321604198
e399d41df8b7de63,149,True,A,A,0.9076426565647125,0.9087756980598088
e3a49540f35f8089,150,True,A,A,0.4134859651327133,0.41920447240508585
e3adf50ae44259c7,152,False,B,A,0.8058966755867004,0.8071925149618334
e3c422ed6952139b,139,True,A,A,0.5358964443206787,0.5330495112224228
e43052e43ed42be9,91,False,B,A,0.4337770342826843,0.4263921348501286
e4320974f66c5048,96,True,A,A,0.9076017796993255,0.9091304402117515
e43aade948d0023a,83,False,A,B,0.5197086274623871,0.5239306062569467
e4b96a7e2e61bac4,138,True,B,B,0.757472562789917,0.7577386116172548
e4cbbf7b5e816078,82,False,A,B,0.43087655305862427,0.43863560026308257
e4d3b22e9e8b0c6c,139,False,A,B,0.5072776049375534,0.5059071301323959
e4fdc081dacc4d43,117,True,B,B,0.9045020759105682,0.9057684374639445
e535ee8997036c37,124,True,B,B,0.9316176354885102,0.9320770146390333
e53fb9651f084a21,140,False,B,A,0.4433677554130554,0.443462195602179
e5bbf344c17987fe,138,False,B,A,0.6901305139064788,0.6896731102698739
e5d45cb06b138e78,155,True,B,B,0.9061990439891815,0.9075578586002813
e5e0a2ba8da0f3fc,148,True,B,B,0.905565756559372,0.9070135313809358
e5e73fe4bca99827,154,True,A,A,0.9058848857879639,0.9071572562122434
e5f6d37249e1c9b3,137,False,A,B,0.515373820066452,0.5203864741873213
e5f90c37dadcf006,97,True,A,A,0.5090991914272308,0.514006418333095
e6149412444e3913,103,False,A,B,0.44135561883449553,0.4473511846884099
e65e3911092c043d,153,True,A,A,0.5157661885023117,0.5195002442202249
e67bb019dc895fe6,134,True,A,A,0.5213613748550415,0.5221916733357383
e757036bf28e058f,147,True,B,B,0.904143464565277,0.9053557717045659
e7adeb2291877341,142,False,B,A,0.8697731494903564,0.8736538450006854
e7df50882acf1453,96,False,A,B,0.6015572428703309,0.6018784371695822
e7eea1baf7cbfbe2,118,True,A,A,0.9060898661613465,0.9074808056943958
e7f573b0ed220b49,131,True,A,A,0.9063042879104615,0.9078792023541362
e7f8eeab65e53176,149,True,A,A,0.521682733297348,0.5252188905633439
e8c51cb22f6d344b,142,True,A,A,0.9058274924755096,0.907222790494329
e8dcef7afc70636c,84,False,B,A,0.9062136650085449,0.9075386830988708
e95c9efe6a331fda,156,True,A,A,0.6722628176212311,0.6789576747338371
e960b83775af0963,152,True,A,A,0.9057044982910156,0.9069745175694962
e986799830410a4e,117,True,A,A,0.8559237360954285,0.8564516166334416
e991a7ae85375a9f,153,False,A,B,0.2905642420053482,0.2924091004837972
e9a1e9980f6d1103,127,True,A,A,0.9293082177639007,0.9297080076785192
e9cffdb08ba46d4c,135,True,B,B,0.9043958485126495,0.9057332717827855
e9e46cd34b7e1096,124,True,B,B,0.9314085483551026,0.9318694461452388
ea0622514a49c256,143,False,A,B,0.5199929386377334,0.5242484989502759
ea67c887a9594912,150,True,A,A,0.2758132219314575,0.2762376346275924
ea9ec8ce7ba5b9ae,148,True,A,A,0.9055657505989074,0.9070135254134545
eac1e491b5cd3bd8,84,True,B,B,0.9062135636806488,0.9075385505719537
eac501b13518418c,110,True,A,A,0.90514435172081,0.9064500745829249
eada0706364b9b6c,146,True,B,B,0.9051435172557831,0.9064972029970505
eae5b7e93475d9fd,127,True,A,A,0.9293082177639007,0.929708014109693
eb0cfd904b72d201,140,True,A,A,0.6883438348770141,0.6878621129468919
eb40e018997bcaac,100,True,B,B,0.4160280227661133,0.41945258766727134
eb6a43665503bd21,86,True,A,A,0.9051843583583832,0.9066303892465749
eb75a2fa29637421,129,True,A,A,0.9323217988014221,0.9325808775927242
eb924ea7d894e3b3,125,False,A,B,0.5270616173744201,0.5276617259583354
eba7d7f16188a02f,145,True,B,B,0.8677119553089142,0.8711260797350182
ebd71bb33d4fa327,116,True,A,A,0.5258882582187653,0.5261555215520558
ec2109b7c7fa6cf2,95,True,A,A,0.9305990815162659,0.9310176047050038
ec322bc06552fe6d,159,True,A,A,0.4288089722394943,0.436746239821876
ec4ff58b13776548,123,False,A,B,0.510708698630333,0.5155962189164535
ec5b51a3c7ef2b5b,154,True,A,A,0.9336339116096497,0.9339832907319188
ec69db21faa58596,83,True,A,A,0.9050345301628113,0.9062739647691227
ec7d6351afa36820,117,True,A,A,0.513449290394783,0.5184571233090851
ed030264f0a90c5e,154,True,A,A,0.9336339175701142,0.9339832985564087
ed4963fade6fbebb,127,True,A,A,0.9293077886104584,0.9297076284241909
edadbcd5efaa7cd0,120,True,A,A,0.9318754255771637,0.9323285116654194
edbaf19774b8ce9b,110,False,A,B,0.5120465755462646,0.5169054328314083
edbd682ba08d1f02,157,True,A,A,0.6919362723827363,0.6979165702760326
ede277aed2299719,99,True,A,A,0.9038995981216431,0.9051708153790574
edfe436fb1528325,142,False,A,B,0.9057398200035095,0.9071363840256568
ee55b4dd7fdbb9fd,100,True,A,A,0.3051054894924164,0.29633434411302645
ee6277fb0368eba1,100,True,A,A,0.9339946269989013,0.9343682911508171
ee63e0db9a26134e,98,True,A,A,0.9092707574367523,0.9104774790787259
eea342da6238c319,142,False,A,B,0.279818993806839,0.2827258854516799
eed3eb9cd18e7b81,99,True,A,A,0.9038995623588562,0.9051707955817389
eedb112c4bb3beb4,129,True,A,A,0.9323217868804932,0.9325808612456715
eeefb5e592ceb079,153,True,A,A,0.5157661885023117,0.5195002442251254
ef0d1ea39e3ba025,86,True,A,A,0.8647887587547303,0.8690688826227861
ef8dcd6c09e12522,97,True,A,A,0.16201204806566238,0.15848907309980984
efbe86b7b65a48b4,98,True,A,A,0.7547548651695252,0.7579159754450195
eff5993855503356,123,True,A,A,0.9338333487510682,0.9342081474552562
f027d2017c4cab2c,103,True,A,A,0.9045119941234588,0.9058289831734656
f0336eceefa454e9,89,False,A,B,0.33768375813961027,0.3437758175894739
f04c0adb35bfcc17,145,False,A,B,0.35497200191020967,0.3551464039488417
f0735404b7a23893,92,False,A,B,0.4392976999282837,0.44228700647933633
f09d4247838c4a2c,99,True,B,B,0.9038995623588562,0.9051707887312312
f09d47e247a7b8bb,124,True,B,B,0.9033153653144836,0.904791137035575
f0bab89403144bc9,103,False,A,B,0.5203344404697419,0.5244472258800583
f0d360c3a519a803,151,True,B,B,0.6878966510295867,0.6907217135023327
f0e270006eafecef,102,False,A,B,0.8607351005077362,0.8607644204421179
f103d2f8fdd5a1c3,119,True,A,A,0.9317418575286865,0.9321885501426544
f10564763a0e369a,153,True,A,A,0.427546963095665,0.4298764454616492
f11f0350ae46e50c,96,True,B,B,0.907601672410965,0.9091303291851739
f1769204fad5968d,94,True,A,A,0.515987554192543,0.5210426216699661
f240c641d6057227,97,True,B,B,0.9085802674293518,0.9097516110434973
f24b3297193dd30e,87,True,A,A,0.9040846288204193,0.9053062485413264
f2878487cea3e94f,129,True,A,A,0.6118246257305145,0.6102312519733454
f2c7539df0ce5cfb,140,True,A,A,0.43432871997356415,0.43793606137505725
f2d288c51959bca8,86,True,A,A,0.42566701471805574,0.4291171214268196
f2edf915f7de91fc,103,True,B,B,0.9045119822025299,0.9058289440210971
f33fd99d51585bff,93,True,A,A,0.8548135876655578,0.8553174370132461
f35b9ed91a776e26,145,True,B,B,0.9076153934001923,0.9086686227315759
f35e1d7d364bdb9a,98,False,A,B,0.7055362343788147,0.710483497144469
f3986d34e7bf2a06,117,True,B,B,0.8784319400787354,0.8798434973890098
f3ab0008f7ba0c58,151,True,B,B,0.8672818124294281,0.8711211128606025
f3e882c9ea135b59,138,True,A,A,0.281802037358284,0.27629613466673714
f408bf1f8e7860d1,82,True,B,B,0.9071159303188324,0.9085704538467134
f4152b659dca0a7e,96,False,B,A,0.82416672706604,0.8292068400682935
f417fd83c94b4a19,111,False,B,A,0.9340360105037689,0.9345761909165473
f457d32482cee702,146,True,A,A,0.9051435351371765,0.9064972283721803
f4a6025d3f7b7adc,82,True,A,A,0.9071142673492432,0.9085689039571259
f4bbd8b1069df8fd,84,False,A,B,0.4421352416276932,0.44524406042065634
f4d2f5b86f47b875,160,False,A,B,0.42208512127399445,0.42887031050604696
f51833c03d511c37,119,True,B,B,0.9078893542289734,0.9084864126578264
f55d2d0b748ae57a,101,True,A,A,0.6760379314422608,0.6749487375455565
f56f52ab3a4433ec,130,True,A,A,0.7956807613372803,0.7940274515290946
f589b5938faf1c12,92,False,A,B,0.8125946223735809,0.8136478331562713
f58a74d3527380ce,131,True,A,A,0.41958210468292234,0.42788556047772747
f598eb1eb64d6939,93,True,B,B,0.9318136811256409,0.9323706469895082
f5e217ff84256a16,139,True,A,A,0.6689230144023895,0.667771339370946
f5fdf6f2ce893d93,159,True,A,A,0.9073648452758789,0.90875368178551
f6159796b36af76c,153,True,B,B,0.8028332948684692,0.8034889168391928
f649b534e2eea1d2,91,False,B,A,0.8048182964324951,0.8060951812271637
f6574c5b929839a9,156,False,A,B,0.5175777196884155,0.5227571355733021
f671eb7d52ce0d1c,99,True,B,B,0.9038995563983917,0.9051707828169422
f6a7aa66ae4ed65b,108,False,B,A,0.9058894634246826,0.9072462991189099
f6de3c14517c9a7c,124,False,A,B,0.5059867084026337,0.5001599493968714
f6e50da48b6c44f1,121,True,B,B,0.9074149310588837,0.908685877312398
f6fc136bee0f07a3,154,True,A,A,0.4132525086402893,0.4204831033896455
f70b4428ca8bd102,100,True,B,B,0.9067543864250183,0.9080389192707857
f76b9b2e696c5887,90,False,B,A,0.8213411688804626,0.8224363382444597
f773a99d24a2175f,88,True,B,B,0.9060199201107025,0.907396656080277
f787988fc8ff45ff,113,True,A,A,0.9056172311306,0.9070268405077341
f7ad4ddb9a33599a,117,True,A,A,0.8145232141017914,0.8173969810947685
f7f4cca9c44922e5,83,True,B,B,0.8702625930309296,0.8736453533791355
f7fcacefc7550e98,158,True,B,B,0.905226182937622,0.9064581257481436
f80fed46e3cacd06,90,False,A,B,0.6897829055786133,0.6854338826551302
f847a89c96e4da85,115,True,B,B,0.9067286431789399,0.9080063269487507
f8531bfac6538f46,147,True,B,B,0.9041435301303864,0.9053558172477864
f8cb63401c4475e4,133,False,A,B,0.4453624367713928,0.44804278489059834
f8dfd3b473598121,85,True,A,A,0.5235400676727295,0.5243724021885784
f8e9984b6f6dc4a7,113,False,A,B,0.5190051019191741,0.5203302680952542
f90c41aa3938d42e,89,True,B,B,0.907673692703247,0.9091092717578226
f931ea6001f3bde9,93,True,A,A,0.903301227092743,0.9047768354379752
f9497167aa7ab7ba,100,True,B,B,0.2907011479139328,0.28541485228751845
f955ad779eecc60b,153,True,B,B,0.9034658193588256,0.9046572054660021
f96f43e9f5382831,124,False,B,A,0.5146079808473587,0.520140766336573
f9776c5eecb76a05,88,True,B,B,0.34184573888778685,0.3441190624540983
f9b5e2723b3d542f,159,True,A,A,0.7325336456298828,0.7372352389645067
f9ed964542930909,83,False,A,B,0.43402905464172364,0.43654672400794825
fa2f7836e742af5f,99,True,A,A,0.7716229677200317,0.7747246232067229
fa3ed937663bbd5a,101,True,B,B,0.9050531387329102,0.9064593847307881
fa6a5693e635bc27,101,False,A,B,0.7745403528213501,0.7778848963964071
fa716db8810717c5,81,True,B,B,0.906399416923523,0.9077079656263984
faa6fddd000b6890,103,False,A,B,0.3560905694961548,0.3543901328974549
faaa2e737f028345,153,True,A,A,0.5186503469944,0.5193116931829519
fabb76f8f4bd2239,81,True,A,A,0.8265699744224548,0.8308976744501907
face01f2280d4142,108,False,A,B,0.6074165105819702,0.6095874522379123
faebe4bde7e61e40,100,False,B,A,0.8081376850605011,0.809372223604873
faf423db75b9af20,137,True,A,A,0.9089186728000641,0.9102576822660902
fb3c0a24e0c8b814,149,True,A,A,0.9076426506042481,0.9087756812530163
fb9c3973591c662f,156,True,A,A,0.8630083560943603,0.8650321500980358
fbbaf6ff25b37dde,119,True,B,B,0.6067691087722779,0.6058548686011641
fbbbe76ec468c1cb,84,True,B,B,0.8734868943691254,0.8771425295355723
fbd1501d910e9259,159,False,A,B,0.9072890877723694,0.9086788902788554
fbe8ff1e35804e93,97,False,B,A,0.8049691796302796,0.8061091244495497
fc13190bbcc3b0f4,149,False,A,B,0.4235408425331116,0.4262990896974487
fc1b037473ccbc12,107,False,A,B,0.5233065247535705,0.5241941662894091
fc30a2cd2484f213,153,True,A,A,0.8653057098388672,0.8686755623773484
fc423a671ae12908,148,True,B,B,0.86698037981987,0.870877712972816
fc4e793c7159a8e1,145,True,B,B,0.9076154232025146,0.9086686422443291
fc6dd2d728f92265,94,True,A,A,0.9045666575431823,0.9060985295754277
fca67da75fc12d74,100,True,A,A,0.933994448184967,0.9343681114584335
fcd9aef4d9e3f9df,143,True,A,A,0.5947370290756225,0.5950957393189108
fcdc7172ba39bf1c,92,False,B,A,0.8356946587562561,0.8398886802456559
fd0917f8fb0274b5,90,True,B,B,0.9324391782283783,0.9329696900619682
fd704598daa9333c,118,False,A,B,0.5093417078256607,0.5146018524417765
fdb8198f1627a576,90,True,B,B,0.9324397206306457,0.9329702189117348
fdd9c10e54014cb0,142,True,B,B,0.9058277249336243,0.9072230079702374
fe1973b44421fd9a,151,True,B,B,0.9035449326038361,0.9048896435444878
fe6541a916e10a3c,113,True,B,B,0.9056173443794251,0.9070269754662357
fe8675f7b3a3edd2,157,True,A,A,0.5085344642400742,0.5134386646454884
fe909e7cbfa8b627,112,True,A,A,0.9344850063323975,0.9348701466756321
feb3907b1334ff31,97,False,A,B,0.4257881611585617,0.42892745823427675
febfbfd4faa69f5b,148,False,A,B,0.8093929886817932,0.8107563079768214
fee3d12e1eb57b75,120,False,A,B,0.517790076136589,0.522438127391761
ff890755ad50c275,148,True,B,B,0.9055657744407654,0.9070135485831363
ffd411327a4a23fa,86,True,A,A,0.6749645054340363,0.677893911698851
ffe2125498fa0d2a,158,True,B,B,0.9052260637283325,0.906458027006015
fffd8cf26a6af2bb,85,False,A,B,0.4273986369371414,0.4351609111105662
