entropy_signal,threshold,coverage,n_kept,accuracy,kappa,ece,n_effective_bins
ens_entropy_total,1.2134773818879107e-08,0.0005446623093681918,1,1.0,0.0,5.433496985673969e-10,1
ens_entropy_total,1.2516379531434054e-08,0.0010893246187363835,2,1.0,0.0,5.523004276142274e-10,2
ens_entropy_total,1.2755327803841393e-08,0.0016339869281045752,3,1.0,1.0,5.590250114669478e-10,3
ens_entropy_total,1.347551093191885e-08,0.002178649237472767,4,1.0,1.0,5.708592487607689e-10,4
ens_entropy_total,1.3757758330870125e-08,0.0027233115468409588,5,1.0,1.0,5.806209069092461e-10,5
ens_entropy_total,1.4999801609579772e-08,0.0032679738562091504,6,1.0,1.0,5.969135186134622e-10,6
ens_entropy_total,1.5467186192761956e-08,0.003812636165577342,7,1.0,1.0,6.117162490834208e-10,7
ens_entropy_total,1.5912250105987983e-08,0.004357298474945534,8,1.0,1.0,6.254594064891705e-10,8
ens_entropy_total,1.6277469474852336e-08,0.004901960784313725,9,1.0,1.0,6.380774550704713e-10,9
ens_entropy_total,1.6994199749090253e-08,0.0054466230936819175,10,1.0,1.0,6.51584419752993e-10,10
ens_entropy_total,1.700534220590989e-08,0.005991285403050109,11,1.0,1.0,6.626838572836908e-10,10
ens_entropy_total,1.7401306376901216e-08,0.006535947712418301,12,1.0,1.0,6.735070926892442e-10,10
ens_entropy_total,1.9304458424079872e-08,0.007080610021786492,13,1.0,1.0,6.896696803392589e-10,10
ens_entropy_total,1.9331231409344888e-08,0.007625272331154684,14,1.0,1.0,7.036150788992351e-10,10
ens_entropy_total,1.950891635226519e-08,0.008169934640522876,15,1.0,1.0,7.16269473362748e-10,10
ens_entropy_total,2.0416446407132897e-08,0.008714596949891068,16,1.0,1.0,7.300674578769595e-10,10
ens_entropy_total,2.0501191063652035e-08,0.009259259259259259,17,1.0,1.0,7.424819713301478e-10,10
ens_entropy_total,2.081864823476986e-08,0.00980392156862745,18,1.0,1.0,7.543659770921826e-10,10
ens_entropy_total,2.1228751008152392e-08,0.010348583877995643,19,1.0,1.0,7.660388814506883e-10,10
ens_entropy_total,2.1280607110705076e-08,0.010893246187363835,20,1.0,1.0,7.766694731792257e-10,10
ens_entropy_total,2.145780497552283e-08,0.011437908496732025,21,1.0,1.0,7.866944397503874e-10,10
ens_entropy_total,2.1600185351259932e-08,0.011982570806100218,22,1.0,1.0,7.961202303457588e-10,10
ens_entropy_total,2.22478546394251e-08,0.01252723311546841,23,1.0,1.0,8.060858309346856e-10,10
ens_entropy_total,2.2425413163261977e-08,0.013071895424836602,24,1.0,1.0,8.155785075070199e-10,10
ens_entropy_total,2.309957306024184e-08,0.013616557734204794,25,1.0,1.0,8.256160954900338e-10,10
ens_entropy_total,2.310033006533114e-08,0.014161220043572984,26,1.0,1.0,8.348829362890233e-10,10
ens_entropy_total,2.3197760576588244e-08,0.014705882352941176,27,1.0,1.0,8.436380935403118e-10,10
ens_entropy_total,2.319776164817987e-08,0.015250544662309368,28,1.0,1.0,8.517678506958504e-10,10
ens_entropy_total,2.3870125720523552e-08,0.01579520697167756,29,1.0,1.0,8.604602815705577e-10,10
ens_entropy_total,2.4917595658457435e-08,0.016339869281045753,30,1.0,1.0,8.702679762014516e-10,10
ens_entropy_total,2.5393378037124755e-08,0.016884531590413945,31,1.0,1.0,8.80189100816245e-10,10
ens_entropy_total,2.5439294209404542e-08,0.017429193899782137,32,1.0,1.0,8.895599465374993e-10,10
ens_entropy_total,2.5899061044378705e-08,0.017973856209150325,33,1.0,1.0,8.990408956020528e-10,10
ens_entropy_total,2.6100031364704556e-08,0.018518518518518517,34,1.0,1.0,9.082519670995904e-10,10
ens_entropy_total,2.6117276619726362e-08,0.01906318082788671,35,1.0,1.0,9.169606883320723e-10,10
ens_entropy_total,2.6145229208100266e-08,0.0196078431372549,36,1.0,1.0,9.252234225678693e-10,10
ens_entropy_total,2.615228549096789e-08,0.020152505446623094,37,1.0,1.0,9.330488153874266e-10,10
ens_entropy_total,2.6248331075044523e-08,0.020697167755991286,38,1.0,1.0,9.40585451630601e-10,10
ens_entropy_total,2.6844810731994053e-08,0.021241830065359478,39,1.0,1.0,9.48481208103894e-10,10
ens_entropy_total,2.7514123428449733e-08,0.02178649237472767,40,0.975,0.95,0.025000000708603264,10
ens_entropy_total,2.7635614618489065e-08,0.022331154684095862,41,0.975609756097561,0.9511323003575685,0.024390244621622773,10
ens_entropy_total,2.76498549667272e-08,0.02287581699346405,42,0.9761904761904762,0.9521640091116172,0.023809524480921804,10
ens_entropy_total,2.7881571204037482e-08,0.023420479302832243,43,0.9767441860465116,0.9534127843986998,0.023255814635778138,10
ens_entropy_total,2.8343533123570972e-08,0.023965141612200435,44,0.9772727272727273,0.9545454545454546,0.022727273420767583,10
ens_entropy_total,2.8714125976247074e-08,0.024509803921568627,45,0.9777777777777777,0.9554896142433233,0.022222222997328792,10
ens_entropy_total,3.024873057333928e-08,0.02505446623093682,46,0.9782608695652174,0.9565217391304348,0.02173913122065543,10
ens_entropy_total,3.040317112198564e-08,0.02559912854030501,47,0.9787234042553191,0.9573889392565729,0.021276596489301504,10
ens_entropy_total,3.101387332049483e-08,0.026143790849673203,48,0.9791666666666666,0.9581881533101044,0.0208333340893838,10
ens_entropy_total,3.1216587666065104e-08,0.026688453159041396,49,0.9795918367346939,0.9591326105087572,0.020408164032788195,10
ens_entropy_total,3.1780521051883456e-08,0.027233115468409588,50,0.98,0.96,0.020000000793885822,10
ens_entropy_total,3.20969245683283e-08,0.027777777777777776,51,0.9803921568627451,0.9607993850883935,0.01960784394225107,10
ens_entropy_total,3.285954692092356e-08,0.02832244008714597,52,0.9807692307692307,0.9615384615384615,0.019230770049967053,10
ens_entropy_total,3.3564681322422626e-08,0.02886710239651416,53,0.9811320754716981,0.962223806129722,0.01886792535906474,10
ens_entropy_total,3.417595822039387e-08,0.029411764705882353,54,0.9814814814814815,0.9628610729023385,0.018518519360730894,10
ens_entropy_total,3.4550367550223685e-08,0.029956427015250545,55,0.9818181818181818,0.9636002647253474,0.01818181899023533,10
ens_entropy_total,3.5067134442393736e-08,0.030501089324618737,56,0.9821428571428571,0.9641943734015345,0.0178571436773703,10
ens_entropy_total,3.5663458396028514e-08,0.03104575163398693,57,0.9824561403508771,0.9647495361781075,0.01754386049939725,10
ens_entropy_total,3.5748179512528265e-08,0.03159041394335512,58,0.9827586206896551,0.9654350417163289,0.017241380216860842,10
ens_entropy_total,3.5947245982890996e-08,0.03213507625272331,59,0.9830508474576272,0.9660724554341577,0.016949153418639167,10
ens_entropy_total,3.607005111365657e-08,0.032679738562091505,60,0.9833333333333333,0.9665924276169264,0.01666666755425039,10
ens_entropy_total,3.657871689632808e-08,0.0332244008714597,61,0.9836065573770492,0.9670804101457097,0.016393443521534073,10
ens_entropy_total,3.6771361314920336e-08,0.03376906318082789,62,0.9838709677419355,0.9676746611053181,0.016129033170168342,10
ens_entropy_total,3.700319330964648e-08,0.03431372549019608,63,0.9841269841269841,0.968133535660091,0.015873016795146373,10
ens_entropy_total,3.7016401631067025e-08,0.034858387799564274,64,0.984375,0.9685658153241651,0.01562500089317989,10
ens_entropy_total,3.751830691710702e-08,0.03540305010893246,65,0.9846153846153847,0.9689737470167066,0.015384616329760932,10
ens_entropy_total,3.7774978581672644e-08,0.03594771241830065,66,0.9848484848484849,0.9695290858725762,0.01515151608556975,10
ens_entropy_total,3.970486146751736e-08,0.03649237472766884,67,0.9850746268656716,0.9700491729995528,0.014925374118725672,10
ens_entropy_total,3.9927565701897e-08,0.037037037037037035,68,0.9852941176470589,0.9704347826086958,0.014705883312853647,10
ens_entropy_total,4.028537609288016e-08,0.03758169934640523,69,0.9855072463768116,0.9707998307236565,0.014492754632052908,10
ens_entropy_total,4.029516869361261e-08,0.03812636165577342,70,0.9857142857142858,0.9712879409351929,0.014285715270685628,10
ens_entropy_total,4.055080018336116e-08,0.03867102396514161,71,0.9859154929577465,0.9716340391530164,0.014084508038074156,10
ens_entropy_total,4.0635245849500104e-08,0.0392156862745098,72,0.9722222222222222,0.9440559440559441,0.027777778369505,10
ens_entropy_total,4.131936665169062e-08,0.039760348583877995,73,0.9726027397260274,0.944947209653092,0.027397260876372904,10
ens_entropy_total,4.13913246981057e-08,0.04030501089324619,74,0.972972972972973,0.9457875457875459,0.027027027642998632,10
ens_entropy_total,4.157476466102103e-08,0.04084967320261438,75,0.9733333333333334,0.9465811965811967,0.026666667295072853,10
ens_entropy_total,4.1711536682126784e-08,0.04139433551198257,76,0.9736842105263158,0.9472222222222223,0.026315790080329762,10
ens_entropy_total,4.236392851643002e-08,0.041938997821350764,77,0.974025974025974,0.9478319783197832,0.02597402662870021,10
ens_entropy_total,4.257411237866172e-08,0.042483660130718956,78,0.9743589743589743,0.9484126984126984,0.025641026273883327,10
ens_entropy_total,4.286708237328664e-08,0.04302832244008715,79,0.9746835443037974,0.9491634491634491,0.025316456365431762,10
ens_entropy_total,4.294067491620886e-08,0.04357298474945534,80,0.975,0.9497171590194845,0.0250000007085174,10
ens_entropy_total,4.302050724106956e-08,0.04411764705882353,81,0.9753086419753086,0.9502457002457002,0.02469135874298443,10
ens_entropy_total,4.361546272832483e-08,0.044662309368191724,82,0.975609756097561,0.9507507507507507,0.024390244637310467,10
ens_entropy_total,4.402353313297162e-08,0.04520697167755991,83,0.9759036144578314,0.9514619883040937,0.024096386258096587,10
ens_entropy_total,4.4065379571252774e-08,0.0457516339869281,84,0.9761904761904762,0.9521367521367521,0.023809524568575085,10
ens_entropy_total,4.4173845112313e-08,0.046296296296296294,85,0.9764705882352941,0.9527777777777777,0.02352941250693929,10
ens_entropy_total,4.483197003253077e-08,0.046840958605664486,86,0.9767441860465116,0.9533875338753387,0.02325581473775833,10
ens_entropy_total,4.5205959984067014e-08,0.04738562091503268,87,0.9770114942528736,0.9538706256627785,0.02298850647022744,10
ens_entropy_total,4.571331694799197e-08,0.04793028322440087,88,0.9772727272727273,0.9543331603528802,0.02272727346404455,10
ens_entropy_total,4.579392123828051e-08,0.04847494553376906,89,0.9775280898876404,0.9547764227642276,0.02247191085992515,10
ens_entropy_total,4.582024742574224e-08,0.049019607843137254,90,0.9777777777777777,0.9553571428571428,0.02222222301199696,10
ens_entropy_total,4.587367370479092e-08,0.049564270152505446,91,0.978021978021978,0.9559108527131782,0.0219780227740867,10
ens_entropy_total,4.599983377084062e-08,0.05010893246187364,92,0.9782608695652174,0.9563360227812056,0.02173913124607653,10
ens_entropy_total,4.601468302365957e-08,0.05065359477124183,93,0.978494623655914,0.9567441860465117,0.021505377135550653,10
ens_entropy_total,4.60303774953936e-08,0.05119825708061002,94,0.9787234042553191,0.9571363429092566,0.02127659657303766,10
ens_entropy_total,4.717713597381012e-08,0.051742919389978215,95,0.9789473684210527,0.9575134168157424,0.02105263235001365,10
ens_entropy_total,4.721349198526905e-08,0.05228758169934641,96,0.9791666666666666,0.9578762615182097,0.020833334143138014,10
ens_entropy_total,4.7247369665085884e-08,0.0528322440087146,97,0.979381443298969,0.9584048027444253,0.02061855753467158,10
ens_entropy_total,4.7275570970654323e-08,0.05337690631808279,98,0.9795918367346939,0.9587542087542087,0.020408164072173534,10
ens_entropy_total,4.741751943124407e-08,0.05392156862745098,99,0.9797979797979798,0.9592592592592593,0.020202021049450024,10
ens_entropy_total,4.757830633682307e-08,0.054466230936819175,100,0.98,0.9597423510466988,0.020000000859079478,10
ens_entropy_total,4.7996155789558885e-08,0.05501089324618736,101,0.9801980198019802,0.9600790513833992,0.019801981066735006,10
ens_entropy_total,4.849055729293358e-08,0.05555555555555555,102,0.9803921568627451,0.9604037267080745,0.019607844020220595,10
ens_entropy_total,4.85809378353715e-08,0.056100217864923745,103,0.9805825242718447,0.9607170099160947,0.019417476653852305,10
ens_entropy_total,4.8770180719200704e-08,0.05664488017429194,104,0.9807692307692307,0.9610194902548724,0.01923077010751373,10
ens_entropy_total,4.893593165335879e-08,0.05718954248366013,105,0.9809523809523809,0.9613117170228445,0.019047619994123015,10
ens_entropy_total,4.922867608931218e-08,0.05773420479302832,106,0.9811320754716981,0.9617742517129463,0.018867925459517244,10
ens_entropy_total,4.944251018459168e-08,0.05827886710239651,107,0.9813084112149533,0.9620567375886525,0.01869158969277998,10
ens_entropy_total,5.0004754858772603e-08,0.058823529411764705,108,0.9814814814814815,0.9623299616323684,0.018518519495172477,10
ens_entropy_total,5.078860632559913e-08,0.0593681917211329,109,0.981651376146789,0.9625943719972546,0.018348624782642042,10
ens_entropy_total,5.080669177398388e-08,0.05991285403050109,110,0.9818181818181818,0.9628503883823033,0.018181819120816945,10
ens_entropy_total,5.138784730078781e-08,0.06045751633986928,111,0.9819819819819819,0.9632936507936507,0.01801801896591572,10
ens_entropy_total,5.1558228933215794e-08,0.06100217864923747,112,0.9821428571428571,0.9637188208616779,0.017857143818691645,10
ens_entropy_total,5.2238275195795225e-08,0.061546840958605666,113,0.9823008849557522,0.9639668367346939,0.017699116016914634,10
ens_entropy_total,5.2677029145279744e-08,0.06209150326797386,114,0.9824561403508771,0.9643749999999999,0.017543860574794387,10
ens_entropy_total,5.268669380644572e-08,0.06263616557734204,115,0.9826086956521739,0.9646153846153845,0.01739130534182133,10
ens_entropy_total,5.273549524239712e-08,0.06318082788671024,116,0.9827586206896551,0.9648484848484847,0.017241380290762286,10
ens_entropy_total,5.380603826167979e-08,0.06372549019607843,117,0.9829059829059829,0.9652406417112298,0.01709401805267838,10
ens_entropy_total,5.453812710276608e-08,0.06427015250544663,118,0.9830508474576272,0.9654667837284169,0.01694915356838186,10
ens_entropy_total,5.535153105396269e-08,0.06481481481481481,119,0.9831932773109243,0.9658438576349023,0.016806723669210953,10
ens_entropy_total,5.655330724836195e-08,0.06535947712418301,120,0.9833333333333333,0.9662067023373696,0.016666667697887227,10
ens_entropy_total,5.7076733678368755e-08,0.0659041394335512,121,0.9834710743801653,0.9665561083471532,0.01652892665731741,10
ens_entropy_total,5.768484550761086e-08,0.0664488017429194,122,0.9836065573770492,0.9668928086838534,0.016393443674773266,10
ens_entropy_total,5.8079855061732706e-08,0.06699346405228758,123,0.983739837398374,0.9672174840085288,0.016260163663982193,10
ens_entropy_total,5.933038595149843e-08,0.06753812636165578,124,0.9838709677419355,0.967436974789916,0.016129033310964935,10
ens_entropy_total,5.962272926921022e-08,0.06808278867102396,125,0.984,0.967750257997936,0.016000001083432826,10
ens_entropy_total,5.995195197264607e-08,0.06862745098039216,126,0.9841269841269841,0.9679633867276887,0.01587301691550963,10
ens_entropy_total,6.035150269129978e-08,0.06917211328976035,127,0.984251968503937,0.9682658670664668,0.015748032580903175,10
ens_entropy_total,6.036679008466244e-08,0.06971677559912855,128,0.984375,0.9685580938344387,0.015625001087223967,10
ens_entropy_total,6.040302095100004e-08,0.07026143790849673,129,0.9844961240310077,0.9687651331719128,0.015503877074035787,10
ens_entropy_total,6.04895987966571e-08,0.07080610021786492,130,0.9846153846153847,0.9690476190476192,0.015384616472529164,10
ens_entropy_total,6.058799942432753e-08,0.07135076252723312,131,0.9847328244274809,0.9693208430913348,0.015267176726948491,10
ens_entropy_total,6.098787630177644e-08,0.0718954248366013,132,0.9848484848484849,0.9695220503347957,0.015151516319584234,10
ens_entropy_total,6.104313784241516e-08,0.0724400871459695,133,0.9849624060150376,0.969786460699682,0.015037595164060181,10
ens_entropy_total,6.12550513374726e-08,0.07298474945533769,134,0.9850746268656716,0.9699820788530465,0.014925374326779664,10
ens_entropy_total,6.129736618193875e-08,0.07352941176470588,135,0.9851851851851852,0.9702380952380952,0.014814815999083426,10
ens_entropy_total,6.160489256323417e-08,0.07407407407407407,136,0.9852941176470589,0.9704283539899979,0.014705883519905245,10
ens_entropy_total,6.186520855369409e-08,0.07461873638344227,137,0.9854014598540146,0.9706763698630138,0.014598541354230986,10
ens_entropy_total,6.268515683365703e-08,0.07516339869281045,138,0.9855072463768116,0.9709167544783984,0.014492754795645584,10
ens_entropy_total,6.291342046068038e-08,0.07570806100217865,139,0.9856115107913669,0.9711018711018711,0.01438849042212976,10
ens_entropy_total,6.309535455477012e-08,0.07625272331154684,140,0.9857142857142858,0.9712820512820514,0.01428571548241321,10
ens_entropy_total,6.37757283956866e-08,0.07679738562091504,141,0.9858156028368794,0.9714574898785424,0.014184398367959986,10
ens_entropy_total,6.387936746329708e-08,0.07734204793028322,142,0.9859154929577465,0.9716905901116428,0.014084508260455167,10
ens_entropy_total,6.451874150205146e-08,0.07788671023965142,143,0.986013986013986,0.9719167321288296,0.013986015235969021,10
ens_entropy_total,6.486257222424074e-08,0.0784313725490196,144,0.9861111111111112,0.9720876138786587,0.013888890175474974,10
ens_entropy_total,6.500628162004123e-08,0.0789760348583878,145,0.9862068965517241,0.9723071046600458,0.013793104702473821,10
ens_entropy_total,6.519345948334607e-08,0.07952069716775599,146,0.9863013698630136,0.9724736048265459,0.01369863144335297,10
ens_entropy_total,6.542690850201471e-08,0.08006535947712418,147,0.9863945578231292,0.9726867335562988,0.013605443469235487,10
ens_entropy_total,6.593614132064548e-08,0.08061002178649238,148,0.9864864864864865,0.972893772893773,0.01351351480071116,10
ens_entropy_total,6.604295132516904e-08,0.08115468409586056,149,0.9865771812080537,0.9730560578661845,0.013422820088394192,10
ens_entropy_total,6.611760249994677e-08,0.08169934640522876,150,0.9866666666666667,0.9732572651096453,0.01333333464258244,10
ens_entropy_total,6.708762979512301e-08,0.08224400871459694,151,0.9867549668874173,0.9734528832630099,0.013245034428268484,10
ens_entropy_total,6.719128311335845e-08,0.08278867102396514,152,0.9868421052631579,0.973611111111111,0.013157896065395414,10
ens_entropy_total,6.725825176797281e-08,0.08333333333333333,153,0.9869281045751634,0.9737654320987655,0.013071896739769683,10
ens_entropy_total,6.791813786445706e-08,0.08387799564270153,154,0.987012987012987,0.9739159891598916,0.01298701433744969,10
ens_entropy_total,6.840187027863677e-08,0.08442265795206971,155,0.9870967741935484,0.9740629183400267,0.012903227125188182,10
ens_entropy_total,6.865807661324074e-08,0.08496732026143791,156,0.9871794871794872,0.9742063492063493,0.012820514189792735,10
ens_entropy_total,6.956571962130967e-08,0.0855119825708061,157,0.9808917197452229,0.9615604341793846,0.019108280951950652,10
ens_entropy_total,7.010918632232442e-08,0.0860566448801743,158,0.9810126582278481,0.961841893414909,0.01898734246414197,10
ens_entropy_total,7.104641433898603e-08,0.08660130718954248,159,0.9811320754716981,0.9620494868326835,0.018867925229843745,10
ens_entropy_total,7.14029562195076e-08,0.08714596949891068,160,0.98125,0.9623233908948193,0.018750000714766502,10
ens_entropy_total,7.168744965210185e-08,0.08769063180827887,161,0.9813664596273292,0.9625261851190937,0.018633541093861613,10
ens_entropy_total,7.187954313481108e-08,0.08823529411764706,162,0.9814814814814815,0.9627928341754709,0.018518519213578777,10
ens_entropy_total,7.236909370491768e-08,0.08877995642701525,163,0.9815950920245399,0.9629909937183078,0.01840490865795088,10
ens_entropy_total,7.258251389286727e-08,0.08932461873638345,164,0.9817073170731707,0.9632506722438003,0.018292683644108857,10
ens_entropy_total,7.466804054104938e-08,0.08986928104575163,165,0.9818181818181818,0.9635036496350364,0.018181818867977213,10
ens_entropy_total,7.566292762109327e-08,0.09041394335511982,166,0.9819277108433735,0.9637501819769981,0.01807228989231862,10
ens_entropy_total,7.655495762994054e-08,0.09095860566448802,167,0.9820359281437125,0.9639438646995322,0.017964072578473964,10
ens_entropy_total,7.668548161778734e-08,0.0915032679738562,168,0.9821428571428571,0.9641332194705379,0.017857143573610464,10
ens_entropy_total,7.759989835388909e-08,0.0920479302832244,169,0.9822485207100592,0.9643183897529735,0.017751480015853756,10
ens_entropy_total,7.772542614443964e-08,0.09259259259259259,170,0.9823529411764705,0.9645587213342598,0.01764705956127269,10
ens_entropy_total,7.822701290958626e-08,0.09313725490196079,171,0.9824561403508771,0.9647930821494749,0.017543860392280872,10
ens_entropy_total,7.897615348211857e-08,0.09368191721132897,172,0.9825581395348837,0.9649742058104805,0.01744186118141037,10
ens_entropy_total,7.941755127304098e-08,0.09422657952069717,173,0.9826589595375722,0.9652028159570901,0.017341041165634327,10
ens_entropy_total,8.139193826211493e-08,0.09477124183006536,174,0.9827586206896551,0.9653800238758455,0.017241380046952696,10
ens_entropy_total,8.233246862424731e-08,0.09531590413943355,175,0.9828571428571429,0.9655534413752379,0.01714285798288314,10
ens_entropy_total,8.234545485825523e-08,0.09586056644880174,176,0.9829545454545454,0.9657231887821345,0.01704545543571727,10
ens_entropy_total,8.263153997012173e-08,0.09640522875816994,177,0.9830508474576272,0.9658893813836964,0.016949153386670315,10
ens_entropy_total,8.267904903649852e-08,0.09694989106753812,178,0.9831460674157303,0.9661124508186317,0.016853933424282323,10
ens_entropy_total,8.279635336057095e-08,0.09749455337690632,179,0.9832402234636871,0.9662751993970985,0.01675977744634223,10
ens_entropy_total,8.299968796968875e-08,0.09803921568627451,180,0.9833333333333333,0.9664346096469417,0.016666667590343208,10
ens_entropy_total,8.302700484753259e-08,0.09858387799564271,181,0.9834254143646409,0.9666523367929744,0.016574586564074945,10
ens_entropy_total,8.336234918027454e-08,0.09912854030501089,182,0.9835164835164835,0.9668649107901444,0.016483517429680267,10
ens_entropy_total,8.408006376407589e-08,0.09967320261437909,183,0.9836065573770492,0.9670725124452707,0.016393443582436332,10
ens_entropy_total,8.459882382661042e-08,0.10021786492374728,184,0.9836956521739131,0.9672753142044108,0.016304348776482923,10
ens_entropy_total,8.506580078737638e-08,0.10076252723311546,185,0.9837837837837838,0.9674314887623967,0.016216217178740073,10
ens_entropy_total,8.516938306072497e-08,0.10130718954248366,186,0.9838709677419355,0.9675845242244685,0.016129033224046616,10
ens_entropy_total,8.53172660076344e-08,0.10185185185185185,187,0.9786096256684492,0.9570164348925412,0.02139037445397624,10
ens_entropy_total,8.621443680764304e-08,0.10239651416122005,188,0.9787234042553191,0.9572775820929439,0.021276595878057167,10
ens_entropy_total,8.658987527580001e-08,0.10294117647058823,189,0.9788359788359788,0.9575328614762386,0.02116402128767467,10
ens_entropy_total,8.700846591091797e-08,0.10348583877995643,190,0.9789473684210527,0.9577824686145985,0.021052631713791327,10
ens_entropy_total,8.762454266428534e-08,0.10403050108932461,191,0.9790575916230366,0.9580265904845621,0.020942408514721327,10
ens_entropy_total,8.831141700802134e-08,0.10457516339869281,192,0.9791666666666666,0.9582654059341376,0.020833333447660644,10
ens_entropy_total,8.877576937993513e-08,0.105119825708061,193,0.9792746113989638,0.9584990861197722,0.020725388726338497,10
ens_entropy_total,9.006695586119652e-08,0.1056644880174292,194,0.979381443298969,0.9586970406642538,0.02061855681622128,10
ens_entropy_total,9.021094732156639e-08,0.10620915032679738,195,0.9794871794871794,0.9588911141562136,0.020512820638874926,10
ens_entropy_total,9.02166129600569e-08,0.10675381263616558,196,0.9795918367346939,0.9590814196242171,0.02040816352061429,10
ens_entropy_total,9.045825350268872e-08,0.10729847494553377,197,0.9796954314720813,0.9593101311576991,0.020304568831387877,10
ens_entropy_total,9.102596706765358e-08,0.10784313725490197,198,0.9797979797979798,0.959534028203556,0.020202020504955353,10
ens_entropy_total,9.180598043779009e-08,0.10838779956427015,199,0.9748743718592965,0.9496788550042988,0.025125628435517834,10
ens_entropy_total,9.199880001466279e-08,0.10893246187363835,200,0.975,0.9499098377078742,0.02500000030717937,10
ens_entropy_total,9.316191200616378e-08,0.10947712418300654,201,0.9751243781094527,0.9501809349130025,0.024875622203706413,10
ens_entropy_total,9.348203322859743e-08,0.11002178649237472,202,0.9702970297029703,0.9405065776556056,0.029702970585718025,10
ens_entropy_total,9.52988919013995e-08,0.11056644880174292,203,0.9704433497536946,0.9408220775434847,0.02955665054669699,10
ens_entropy_total,9.630120937817791e-08,0.1111111111111111,204,0.9705882352941176,0.9411312043093497,0.029411764997674204,10
ens_entropy_total,9.635575235241244e-08,0.1116557734204793,205,0.9707317073170731,0.9414341491286544,0.02926829297297501,10
ens_entropy_total,9.673564889511913e-08,0.11220043572984749,206,0.970873786407767,0.9417310956062607,0.02912621386052235,10
ens_entropy_total,9.677208950602043e-08,0.11274509803921569,207,0.9710144927536232,0.9420222201475119,0.028985507561263033,10
ens_entropy_total,9.681221205739982e-08,0.11328976034858387,208,0.9711538461538461,0.9422916859335985,0.028846153347993734,10
ens_entropy_total,9.720469511490749e-08,0.11383442265795207,209,0.9712918660287081,0.9425771590805018,0.028708133462664452,10
ens_entropy_total,9.832225468371607e-08,0.11437908496732026,210,0.9714285714285714,0.9428571428571428,0.02857142807227141,10
ens_entropy_total,9.866082246084261e-08,0.11492374727668846,211,0.966824644549763,0.9336567398823159,0.03317535495435087,10
ens_entropy_total,9.956151997371385e-08,0.11546840958605664,212,0.9669811320754716,0.9339622641509433,0.03301886740764497,10
ens_entropy_total,9.979336055609567e-08,0.11601307189542484,213,0.9671361502347418,0.9342621577531854,0.03286384925768514,10
ens_entropy_total,9.984598573070951e-08,0.11655773420479303,214,0.9672897196261683,0.9345794392523366,0.03271027985551772,10
ens_entropy_total,1.0078350344631711e-07,0.11710239651416122,215,0.9674418604651163,0.9348738586697823,0.03255813901217392,10
ens_entropy_total,1.0127747120538503e-07,0.11764705882352941,216,0.9675925925925926,0.9351629502572898,0.032407406861827186,10
ens_entropy_total,1.0178922892451419e-07,0.11819172113289761,217,0.9631336405529954,0.9262531860662703,0.03686635891075547,10
ens_entropy_total,1.0218120449408262e-07,0.1187363834422658,218,0.963302752293578,0.926605504587156,0.0366972471657012,10
ens_entropy_total,1.0359752920515179e-07,0.119281045751634,219,0.958904109589041,0.9177962213788212,0.041095889859126496,10
ens_entropy_total,1.0399112506812309e-07,0.11982570806100218,220,0.9590909090909091,0.918154761904762,0.040909090366304766,10
ens_entropy_total,1.0600780185083988e-07,0.12037037037037036,221,0.9592760180995475,0.9185069857008236,0.04072398136077667,10
ens_entropy_total,1.0614224537526221e-07,0.12091503267973856,222,0.954954954954955,0.9098733354985385,0.04504504448396231,10
ens_entropy_total,1.0703787381710959e-07,0.12145969498910675,223,0.9551569506726457,0.9102543464262717,0.04484304877486081,10
ens_entropy_total,1.0801550104024381e-07,0.12200435729847495,224,0.9553571428571429,0.9106786825105672,0.04464285666844907,10
ens_entropy_total,1.0848161477431983e-07,0.12254901960784313,225,0.9555555555555556,0.9110531309297913,0.044444444027632375,10
ens_entropy_total,1.1010007203448588e-07,0.12309368191721133,226,0.9557522123893806,0.9114211805283374,0.044247787171724624,10
ens_entropy_total,1.1107278440968267e-07,0.12363834422657952,227,0.9559471365638766,0.9117829939375097,0.044052862944142554,10
ens_entropy_total,1.1214604512804043e-07,0.12418300653594772,228,0.956140350877193,0.9121996303142329,0.04385964868747109,10
ens_entropy_total,1.1243853955283955e-07,0.1247276688453159,229,0.9563318777292577,0.9126087620210654,0.043668121799275275,10
ens_entropy_total,1.1297826518824704e-07,0.12527233115468409,230,0.9565217391304348,0.9130105900151286,0.04347826040781659,10
ens_entropy_total,1.1305071068797562e-07,0.12581699346405228,231,0.9567099567099567,0.9133663366336634,0.04329004283229605,10
ens_entropy_total,1.1382237519742924e-07,0.12636165577342048,232,0.9568965517241379,0.9137161559059803,0.04310344779553699,10
ens_entropy_total,1.1397402246887109e-07,0.12690631808278868,233,0.9570815450643777,0.9141108817457978,0.042918454464836324,10
ens_entropy_total,1.1401688232646998e-07,0.12745098039215685,234,0.9572649572649573,0.91445492432551,0.04273504144574689,10
ens_entropy_total,1.1447496962133668e-07,0.12799564270152505,235,0.9574468085106383,0.9148427308305552,0.04255319022390625,10
ens_entropy_total,1.1621323074672844e-07,0.12854030501089325,236,0.9576271186440678,0.9152237948128458,0.04237288006602927,10
ens_entropy_total,1.1761841223475868e-07,0.12908496732026145,237,0.9578059071729957,0.9155982905982906,0.042194091517666524,10
ens_entropy_total,1.1796259334892486e-07,0.12962962962962962,238,0.957983193277311,0.9159663865546219,0.04201680549644917,10
ens_entropy_total,1.1834090341276577e-07,0.13017429193899782,239,0.9581589958158996,0.916304804594481,0.04184100293816239,10
ens_entropy_total,1.1834832925435788e-07,0.13071895424836602,240,0.9583333333333334,0.9166377214310525,0.04166666542746375,10
ens_entropy_total,1.1840033543783223e-07,0.1312636165577342,241,0.9585062240663901,0.916999586719934,0.04149377469369587,10
ens_entropy_total,1.1918609996964542e-07,0.1318082788671024,242,0.9586776859504132,0.9173553719008265,0.041322312790090854,10
ens_entropy_total,1.1937997154213036e-07,0.1323529411764706,243,0.9588477366255144,0.9176829268292682,0.04115226212161239,10
ens_entropy_total,1.1966904261921058e-07,0.1328976034858388,244,0.9590163934426229,0.9180327868852458,0.04098360528503109,10
ens_entropy_total,1.1972370063683904e-07,0.13344226579520696,245,0.9591836734693877,0.9183551053052519,0.040816325248856596,10
ens_entropy_total,1.207724766782982e-07,0.13398692810457516,246,0.959349593495935,0.9186991869918699,0.040650405228951414,10
ens_entropy_total,1.211932093093273e-07,0.13453159041394336,247,0.9554655870445344,0.9109443115146351,0.044534411660879694,10
ens_entropy_total,1.2214097387790165e-07,0.13507625272331156,248,0.9556451612903226,0.9112903225806452,0.04435483740555036,10
ens_entropy_total,1.2222717825991975e-07,0.13562091503267973,249,0.9558232931726908,0.9116594097726174,0.04417670550376327,10
ens_entropy_total,1.245007367600387e-07,0.13616557734204793,250,0.956,0.9119999999999999,0.043999998682442254,10
ens_entropy_total,1.2487505083071322e-07,0.13671023965141613,251,0.9561752988047809,0.912335291316082,0.043824699876619286,10
ens_entropy_total,1.2545577703695533e-07,0.13725490196078433,252,0.9563492063492064,0.9126654064272213,0.043650792312385445,10
ens_entropy_total,1.2548724060068515e-07,0.1377995642701525,253,0.9565217391304348,0.9130285321416295,0.0434782595373608,10
ens_entropy_total,1.2604426006643897e-07,0.1383442265795207,254,0.9566929133858267,0.9133858267716535,0.04330708526224723,10
ens_entropy_total,1.2620526847087896e-07,0.1388888888888889,255,0.9568627450980393,0.913737429652182,0.04313725354031545,10
ens_entropy_total,1.271938545537733e-07,0.1394335511982571,256,0.95703125,0.9140625,0.04296874864451398,10
ens_entropy_total,1.2868122696488314e-07,0.13997821350762527,257,0.9571984435797666,0.9144085500620669,0.042801555044802785,10
ens_entropy_total,1.288329078874076e-07,0.14052287581699346,258,0.9573643410852714,0.914749173926104,0.04263565752961544,10
ens_entropy_total,1.3002633444730258e-07,0.14106753812636166,259,0.9575289575289575,0.9150693098822477,0.04247104106597745,10
ens_entropy_total,1.3025603931245567e-07,0.14161220043572983,260,0.9576923076923077,0.9153846153846155,0.0423076909085258,10
ens_entropy_total,1.302986927983925e-07,0.14215686274509803,261,0.9578544061302682,0.9157199471598414,0.042145592611622186,10
ens_entropy_total,1.3168643740303673e-07,0.14270152505446623,262,0.9580152671755725,0.916030534351145,0.04198473154577343,10
ens_entropy_total,1.3307540503132056e-07,0.14324618736383443,263,0.9581749049429658,0.9163606927057734,0.041825093785864166,10
ens_entropy_total,1.335490671513857e-07,0.1437908496732026,264,0.9583333333333334,0.9166666666666667,0.041666665406543825,10
ens_entropy_total,1.3500625674887667e-07,0.1443355119825708,265,0.9584905660377359,0.9169917703676282,0.0415094326618847,10
ens_entropy_total,1.3537218387741078e-07,0.144880174291939,266,0.9586466165413534,0.9172932330827068,0.04135338214279551,10
ens_entropy_total,1.356154203637783e-07,0.1454248366013072,267,0.9588014981273408,0.9175902803108954,0.04119849979801497,10
ens_entropy_total,1.3566436902245585e-07,0.14596949891067537,268,0.9589552238805971,0.917883008356546,0.04104477401164873,10
ens_entropy_total,1.3601636409391395e-07,0.14651416122004357,269,0.9591078066914498,0.9181715107436188,0.04089219120517543,10
ens_entropy_total,1.3626219005944843e-07,0.14705882352941177,270,0.9592592592592593,0.918455878315304,0.04074073861966003,10
ens_entropy_total,1.363450605753494e-07,0.14760348583877997,271,0.959409594095941,0.9187361993293897,0.040590403772092075,10
ens_entropy_total,1.3635868948672424e-07,0.14814814814814814,272,0.9595588235294118,0.9190125595495886,0.04044117432113171,10
ens_entropy_total,1.378803008438013e-07,0.14869281045751634,273,0.9597069597069597,0.9192850423330198,0.04029303814790039,10
ens_entropy_total,1.3837801112976935e-07,0.14923747276688454,274,0.9598540145985401,0.9196052280608162,0.04014598323861389,10
ens_entropy_total,1.3891484810572403e-07,0.14978213507625274,275,0.96,0.919873917304585,0.03999999917294948,10
ens_entropy_total,1.3921127162054911e-07,0.1503267973856209,276,0.9601449275362319,0.9201892744479496,0.03985507162076941,10
ens_entropy_total,1.3921227555597584e-07,0.1508714596949891,277,0.9602888086642599,0.9204999086805646,0.03971119049891882,10
ens_entropy_total,1.4005046844827974e-07,0.1514161220043573,278,0.960431654676259,0.9207648857335338,0.039568344455274455,10
ens_entropy_total,1.4071218443947508e-07,0.15196078431372548,279,0.9605734767025089,0.9210709050227606,0.03942652243459753,10
ens_entropy_total,1.4093988781646615e-07,0.15250544662309368,280,0.9607142857142857,0.9213322435635473,0.03928571340630434,10
ens_entropy_total,1.4138591285007752e-07,0.15305010893246188,281,0.9608540925266904,0.921590015473986,0.03914590659248578,10
ens_entropy_total,1.4186925960628453e-07,0.15359477124183007,282,0.9609929078014184,0.9218915243994561,0.03900709134635169,10
ens_entropy_total,1.426728698219233e-07,0.15413943355119825,283,0.9611307420494699,0.9221458046767537,0.03886925710395155,10
ens_entropy_total,1.435127453397774e-07,0.15468409586056645,284,0.9612676056338029,0.9224428997020855,0.03873239350348108,10
ens_entropy_total,1.4420749551822133e-07,0.15522875816993464,285,0.9614035087719298,0.9226937587848001,0.03859649035608374,10
ens_entropy_total,1.454175435880114e-07,0.15577342047930284,286,0.9615384615384616,0.9229865361077112,0.03846153757305377,10
ens_entropy_total,1.4548736146191936e-07,0.15631808278867101,287,0.9616724738675958,0.9232340425531914,0.038327525249461654,10
ens_entropy_total,1.4550916071583875e-07,0.1568627450980392,288,0.9618055555555556,0.9234782608695653,0.03819444352969607,10
ens_entropy_total,1.4612575356810494e-07,0.1574074074074074,289,0.9619377162629758,0.9237668161434978,0.03806228282751679,10
ens_entropy_total,1.464096780103591e-07,0.1579520697167756,290,0.9620689655172414,0.9240078136166564,0.03793103355670073,10
ens_entropy_total,1.4718098101267864e-07,0.15849673202614378,291,0.9621993127147767,0.9242922352829877,0.03780068635708087,10
ens_entropy_total,1.4721353327639628e-07,0.15904139433551198,292,0.9623287671232876,0.924572609430772,0.03767123197732366,10
ens_entropy_total,1.4841312344251856e-07,0.15958605664488018,293,0.962457337883959,0.9248104514172402,0.03754266122131116,10
ens_entropy_total,1.488156236340555e-07,0.16013071895424835,294,0.9625850340136054,0.9250451953831177,0.03741496507455224,10
ens_entropy_total,1.4905178704840452e-07,0.16067538126361655,295,0.9627118644067797,0.9252769014668295,0.03728813467081791,10
ens_entropy_total,1.5067233903898456e-07,0.16122004357298475,296,0.9628378378378378,0.9255056282602727,0.03716216122253691,10
ens_entropy_total,1.5117942023705185e-07,0.16176470588235295,297,0.9629629629629629,0.9257820486608055,0.03703703610194429,10
ens_entropy_total,1.518568630911569e-07,0.16230936819172112,298,0.9630872483221476,0.9260078551758385,0.03691275071111785,10
ens_entropy_total,1.5189699046000826e-07,0.16285403050108932,299,0.9632107023411371,0.9262307951104632,0.036789296696732574,10
ens_entropy_total,1.5208856498329332e-07,0.16339869281045752,300,0.9633333333333334,0.9265033407572384,0.03666666568761264,10
ens_entropy_total,1.529073941568218e-07,0.16394335511982572,301,0.9601328903654485,0.9200814231347906,0.03986710719024786,10
ens_entropy_total,1.5313382331135734e-07,0.1644880174291939,302,0.9602649006622517,0.9203201266435074,0.039735096875761246,10
ens_entropy_total,1.5366300823928826e-07,0.1650326797385621,303,0.9603960396039604,0.920555846879916,0.03960395793798665,10
ens_entropy_total,1.5412900648700817e-07,0.1655773420479303,304,0.9605263157894737,0.9207886394232857,0.03947368173477611,10
ens_entropy_total,1.5415348965785033e-07,0.1661220043572985,305,0.9606557377049181,0.9210798688977058,0.039344259808814015,10
ens_entropy_total,1.5475273901767643e-07,0.16666666666666666,306,0.9607843137254902,0.9213670821020172,0.03921568377064325,10
ens_entropy_total,1.549555414778149e-07,0.16721132897603486,307,0.9609120521172638,0.9215970034902528,0.03908794538290576,10
ens_entropy_total,1.5584919119527406e-07,0.16775599128540306,308,0.961038961038961,0.9218241042345277,0.03896103642930539,10
ens_entropy_total,1.570470943560103e-07,0.16830065359477125,309,0.9611650485436893,0.9221073859339551,0.03883495026392863,10
ens_entropy_total,1.5725162534389998e-07,0.16884531590413943,310,0.9612903225806452,0.9223317187239018,0.0387096762113572,10
ens_entropy_total,1.574814428777866e-07,0.16938997821350762,311,0.9614147909967846,0.9225533327799453,0.03858520779468314,10
ens_entropy_total,1.5904074310029865e-07,0.16993464052287582,312,0.9615384615384616,0.9228327630982316,0.038461537230913605,10
ens_entropy_total,1.5922060331341334e-07,0.170479302832244,313,0.9616613418530351,0.9230517085962467,0.03833865628688357,10
ens_entropy_total,1.596673086396791e-07,0.1710239651416122,314,0.9617834394904459,0.9232680324196636,0.03821655865372623,10
ens_entropy_total,1.6035187948528568e-07,0.1715686274509804,315,0.9619047619047619,0.9234817813765183,0.03809523621084506,10
ens_entropy_total,1.6142632827173257e-07,0.1721132897603486,316,0.9620253164556962,0.9236930011671429,0.03797468166439358,10
ens_entropy_total,1.614273657750257e-07,0.17265795206971676,317,0.9621451104100947,0.92390173641674,0.03785488773606831,10
ens_entropy_total,1.635152292543217e-07,0.17320261437908496,318,0.9622641509433962,0.9241773962804006,0.03773584717464414,10
ens_entropy_total,1.6401503828658342e-07,0.17374727668845316,319,0.9623824451410659,0.9243836915297092,0.037617552981398815,10
ens_entropy_total,1.6442214893596905e-07,0.17429193899782136,320,0.9625,0.9246556527881333,0.0374999981082023,10
ens_entropy_total,1.6444439182201678e-07,0.17483660130718953,321,0.9595015576323987,0.9186280053819005,0.040498440472977286,10
ens_entropy_total,1.6562756628581464e-07,0.17538126361655773,322,0.9596273291925466,0.9189168248556928,0.04037266889245447,10
ens_entropy_total,1.6686807014724802e-07,0.17592592592592593,323,0.9597523219814241,0.9191364800585436,0.040247676088915385,10
ens_entropy_total,1.67335883861156e-07,0.17647058823529413,324,0.9598765432098766,0.9194214876033059,0.040123454863761114,10
ens_entropy_total,1.6761517151262195e-07,0.1770152505446623,325,0.96,0.9197027576638729,0.03999999804486214,10
ens_entropy_total,1.7091431339565525e-07,0.1775599128540305,326,0.9601226993865031,0.9199803632793324,0.039877298661470044,10
ens_entropy_total,1.7113393730402282e-07,0.1781045751633987,327,0.9602446483180428,0.9202543755979514,0.03975534975533518,10
ens_entropy_total,1.7127331696295598e-07,0.1786492374727669,328,0.9603658536585366,0.9205248639379705,0.03963414438582178,10
ens_entropy_total,1.7229424551590118e-07,0.17919389978213507,329,0.9604863221884499,0.9207419898819562,0.03951367585872848,10
ens_entropy_total,1.7266555984640583e-07,0.17973856209150327,330,0.9606060606060606,0.9209566274827725,0.039393937425963484,10
ens_entropy_total,1.7326985420705905e-07,0.18028322440087147,331,0.9607250755287009,0.9212236603628507,0.03927492249935421,10
ens_entropy_total,1.7327557130141707e-07,0.18082788671023964,332,0.9608433734939759,0.9214358526285131,0.03915662451330997,10
ens_entropy_total,1.7385501800737978e-07,0.18137254901960784,333,0.960960960960961,0.9216456406450795,0.039039037030882864,10
ens_entropy_total,1.7430472499186658e-07,0.18191721132897604,334,0.9610778443113772,0.9218530650444547,0.038922153682803544,10
ens_entropy_total,1.7480701469716713e-07,0.18246187363834424,335,0.9611940298507463,0.9221167086932418,0.03880596667625177,10
ens_entropy_total,1.757581122885439e-07,0.1830065359477124,336,0.9613095238095238,0.9223218096457534,0.038690472718703336,10
ens_entropy_total,1.7631814282607544e-07,0.1835511982570806,337,0.9614243323442137,0.9225821272685504,0.03857566416751571,10
ens_entropy_total,1.7677225950442125e-07,0.1840958605664488,338,0.9615384615384616,0.9228391809784708,0.03846153494305397,10
ens_entropy_total,1.7873631958835892e-07,0.184640522875817,339,0.9616519174041298,0.9230930317784409,0.03834807907835608,10
ens_entropy_total,1.7885263124094255e-07,0.18518518518518517,340,0.961764705882353,0.9233437391605966,0.03823529058351268,10
ens_entropy_total,1.7979051044776514e-07,0.18572984749455337,341,0.9618768328445748,0.9235913611527656,0.038123163615679814,10
ens_entropy_total,1.8016415568642055e-07,0.18627450980392157,342,0.9619883040935673,0.923835954363244,0.038011692350022025,10
ens_entropy_total,1.806971723590445e-07,0.18681917211328977,343,0.9620991253644315,0.9240775740239398,0.03790087106250568,10
ens_entropy_total,1.8112173658467417e-07,0.18736383442265794,344,0.9622093023255814,0.9242803928208602,0.037790694102415964,10
ens_entropy_total,1.8199187773594009e-07,0.18790849673202614,345,0.9623188405797102,0.9244809644883734,0.03768115581802992,10
ens_entropy_total,1.8230490878536683e-07,0.18845315904139434,346,0.9624277456647399,0.924679326166315,0.03757225073402099,10
ens_entropy_total,1.830005035201422e-07,0.18899782135076254,347,0.962536023054755,0.9249180273297715,0.03746397332731581,10
ens_entropy_total,1.8404611240989768e-07,0.1895424836601307,348,0.9626436781609196,0.9251142157187314,0.03735631819091953,10
ens_entropy_total,1.8425235245444896e-07,0.1900871459694989,349,0.9627507163323782,0.9253500501834575,0.03724928002035567,10
ens_entropy_total,1.858671599276103e-07,0.1906318082788671,350,0.9628571428571429,0.925583068921527,0.0371428534787323,10
ens_entropy_total,1.8594151503111885e-07,0.19117647058823528,351,0.9629629629629629,0.9258133220609035,0.03703703336726054,10
ens_entropy_total,1.8614975636963956e-07,0.19172113289760348,352,0.9630681818181818,0.926040858546677,0.03693181449529918,10
ens_entropy_total,1.8708652707530657e-07,0.19226579520697168,353,0.9631728045325779,0.9262349102248799,0.036827193095110594,10
ens_entropy_total,1.8716874316742728e-07,0.19281045751633988,354,0.963276836158192,0.9264597781968102,0.0367231614727164,10
ens_entropy_total,1.876045471105341e-07,0.19335511982570805,355,0.9633802816901409,0.9266517268233762,0.03661971594788729,10
ens_entropy_total,1.8794527402992498e-07,0.19389978213507625,356,0.9634831460674157,0.9268739729490582,0.03651685200135342,10
ens_entropy_total,1.903422940880265e-07,0.19444444444444445,357,0.9635854341736695,0.9270936424902211,0.03641456568066644,10
ens_entropy_total,1.9035767487169394e-07,0.19498910675381265,358,0.9636871508379888,0.9273107799956268,0.036312849038051445,10
ens_entropy_total,1.904657869344837e-07,0.19553376906318082,359,0.9637883008356546,0.9275006602146862,0.0362116990442133,10
ens_entropy_total,1.9092153397652133e-07,0.19607843137254902,360,0.9638888888888889,0.9277153095267515,0.036111110977035996,10
ens_entropy_total,1.915942529606607e-07,0.19662309368191722,361,0.96398891966759,0.9279275128618598,0.03601108019802057,10
ens_entropy_total,1.9164404651213243e-07,0.19716775599128541,362,0.9640883977900553,0.9281153575901996,0.035911602103166754,10
ens_entropy_total,1.927788838894256e-07,0.1977124183006536,363,0.9641873278236914,0.9283011987784311,0.03581267205497489,10
ens_entropy_total,1.9345649639342037e-07,0.19825708061002179,364,0.9642857142857143,0.9284850683109661,0.03571428559610617,10
ens_entropy_total,1.942529186332446e-07,0.19880174291938998,365,0.9643835616438357,0.9286948681343452,0.035616438258636585,10
ens_entropy_total,1.94885053668953e-07,0.19934640522875818,366,0.9644808743169399,0.9289023041750096,0.035519125577866496,10
ens_entropy_total,1.9681089656781417e-07,0.19989106753812635,367,0.9645776566757494,0.9291074161577438,0.03542234316351273,10
ens_entropy_total,1.97495173633219e-07,0.20043572984749455,368,0.9646739130434783,0.9293102429221586,0.035326086816741764,10
ens_entropy_total,1.9850593462405106e-07,0.20098039215686275,369,0.964769647696477,0.9294921731461748,0.03523035216701467,10
ens_entropy_total,1.9922410297590624e-07,0.20152505446623092,370,0.9648648648648649,0.9296927529453036,0.03513513498460658,10
ens_entropy_total,2.0067972250992007e-07,0.20206971677559912,371,0.9649595687331537,0.9298911226432923,0.03504043111577881,10
ens_entropy_total,2.0092778823932268e-07,0.20261437908496732,372,0.9650537634408602,0.9300873185682068,0.03494623643634183,10
ens_entropy_total,2.0128075227864813e-07,0.20315904139433552,373,0.9624664879356568,0.9249151665037096,0.03753350995792717,10
ens_entropy_total,2.0181311646958295e-07,0.2037037037037037,374,0.9625668449197861,0.9251229836403156,0.03743315297455122,10
ens_entropy_total,2.030539475345822e-07,0.2042483660130719,375,0.9626666666666667,0.9253158074428133,0.0373333312465566,10
ens_entropy_total,2.032912463034906e-07,0.2047930283224401,376,0.9627659574468085,0.9255066228914298,0.03723403899374892,10
ens_entropy_total,2.0347848270553995e-07,0.2053376906318083,377,0.9628647214854111,0.9256954612005857,0.03713527493672572,10
ens_entropy_total,2.037523559601948e-07,0.20588235294117646,378,0.9629629629629629,0.9258823529411764,0.037037033440811336,10
ens_entropy_total,2.0443228330616737e-07,0.20642701525054466,379,0.9630606860158312,0.9260673280570728,0.03693931038684398,10
ens_entropy_total,2.0681824891819025e-07,0.20697167755991286,380,0.9631578947368421,0.9262729011336235,0.03684210164717892,10
ens_entropy_total,2.0743058031511236e-07,0.20751633986928106,381,0.963254593175853,0.9264762639907372,0.03674540320269139,10
ens_entropy_total,2.0808224411113505e-07,0.20806100217864923,382,0.9633507853403142,0.9266593527153045,0.036649211019556704,10
ens_entropy_total,2.083699343741533e-07,0.20860566448801743,383,0.9634464751958225,0.9268405828739836,0.03655352114543136,10
ens_entropy_total,2.0847547306346057e-07,0.20915032679738563,384,0.9635416666666666,0.9270199826238054,0.03645832967328529,10
ens_entropy_total,2.0927690982215598e-07,0.20969498910675383,385,0.9636363636363636,0.9272211720226843,0.03636363268499136,10
ens_entropy_total,2.093619319540684e-07,0.210239651416122,386,0.9637305699481865,0.9273987693795845,0.03626942636143246,10
ens_entropy_total,2.0948877813677496e-07,0.2107843137254902,387,0.9638242894056848,0.9275978191148172,0.03617570688548192,10
ens_entropy_total,2.1485363283390977e-07,0.2113289760348584,388,0.9639175257731959,0.9277947627276353,0.036082470498859126,10
ens_entropy_total,2.158851749438928e-07,0.21187363834422657,389,0.9640102827763496,0.9279896334690855,0.03598971349375379,10
ens_entropy_total,2.1715573656385364e-07,0.21241830065359477,390,0.9641025641025641,0.9281654562677614,0.03589743214825722,10
ens_entropy_total,2.1901918006158893e-07,0.21296296296296297,391,0.9641943734015346,0.9283582870903572,0.03580562203955145,10
ens_entropy_total,2.2202114054220522e-07,0.21350762527233116,392,0.9642857142857143,0.9285491094677638,0.03571428113762429,10
ens_entropy_total,2.2309466456471406e-07,0.21405228758169934,393,0.9643765903307888,0.9287231837496114,0.03562340507474326,10
ens_entropy_total,2.2309682176126886e-07,0.21459694989106753,394,0.9644670050761421,0.9289120292806144,0.03553299031167346,10
ens_entropy_total,2.2323804631387408e-07,0.21514161220043573,395,0.9645569620253165,0.929084380610413,0.035443033358364795,10
ens_entropy_total,2.2431496398730537e-07,0.21568627450980393,396,0.9646464646464646,0.9292712798530313,0.03535353070915324,10
ens_entropy_total,2.248715424767926e-07,0.2162309368191721,397,0.964735516372796,0.929441933682019,0.03526447896512041,10
ens_entropy_total,2.2490550428270727e-07,0.2167755991285403,398,0.964824120603015,0.9296109146033349,0.03517587473100029,10
ens_entropy_total,2.2613583819981174e-07,0.2173202614379085,399,0.9649122807017544,0.9297958978483812,0.035087714614528816,10
ens_entropy_total,2.2684237556770551e-07,0.2178649237472767,400,0.9625,0.9249737408092833,0.037499995298542955,10
ens_entropy_total,2.2877074325581284e-07,0.21840958605664487,401,0.9625935162094763,0.9251521222453118,0.03740648091099793,10
ens_entropy_total,2.3017505367028715e-07,0.21895424836601307,402,0.9626865671641791,0.9253472652091019,0.037313429933700855,10
ens_entropy_total,2.3116745942034692e-07,0.21949891067538127,403,0.9627791563275434,0.9255404323458767,0.03722084075469489,10
ens_entropy_total,2.320098629071294e-07,0.22004357298474944,404,0.9628712871287128,0.9257170875214512,0.03712870993782123,10
ens_entropy_total,2.334914582442449e-07,0.22058823529411764,405,0.9629629629629629,0.9259083092459112,0.03703703410156364,10
ens_entropy_total,2.3353964349461199e-07,0.22113289760348584,406,0.9630541871921182,0.9260976142513895,0.03694580984657941,10
ens_entropy_total,2.3818353906686855e-07,0.22167755991285404,407,0.9631449631449631,0.9262850312126444,0.036855033919859906,10
ens_entropy_total,2.3900436100909083e-07,0.2222222222222222,408,0.9632352941176471,0.9264705882352942,0.03676470294449206,10
ens_entropy_total,2.3914589759614953e-07,0.2227668845315904,409,0.9633251833740831,0.9266543128698667,0.03667481367176407,10
ens_entropy_total,2.397109873358157e-07,0.2233115468409586,410,0.9634146341463414,0.9268362321254371,0.03658536288344878,10
ens_entropy_total,2.399172441088394e-07,0.2238562091503268,411,0.9610705596107056,0.9221443455199849,0.03892943876369003,10
ens_entropy_total,2.417001499567314e-07,0.22440087145969498,412,0.9611650485436893,0.9223300970873787,0.03883494980408124,10
ens_entropy_total,2.419850783728808e-07,0.22494553376906318,413,0.9588377723970944,0.9176798883795096,0.04116222593766393,10
ens_entropy_total,2.4276144089300367e-07,0.22549019607843138,414,0.9589371980676329,0.9178820619326534,0.04106280028369122,10
ens_entropy_total,2.4418509801441695e-07,0.22603485838779958,415,0.9590361445783132,0.918082277672631,0.0409638518383237,10
ens_entropy_total,2.442016392675352e-07,0.22657952069716775,416,0.9591346153846154,0.9182767865397061,0.04086538100573116,10
ens_entropy_total,2.445349457876512e-07,0.22712418300653595,417,0.9592326139088729,0.9184694476072179,0.04076738249536949,10
ens_entropy_total,2.4673503720080276e-07,0.22766884531590414,418,0.9569377990430622,0.9138755980861244,0.043062197322828136,10
ens_entropy_total,2.471320699449725e-07,0.22821350762527234,419,0.9570405727923628,0.9140767407947503,0.042959423587380384,10
ens_entropy_total,2.473487204996494e-07,0.22875816993464052,420,0.9571428571428572,0.9142759950107723,0.04285713922069792,10
ens_entropy_total,2.475157535305119e-07,0.22930283224400871,421,0.9572446555819477,0.9144849688543829,0.04275534076940667,10
ens_entropy_total,2.502572332608396e-07,0.2298474945533769,422,0.957345971563981,0.914682361398149,0.04265402476505728,10
ens_entropy_total,2.513919618190579e-07,0.23039215686274508,423,0.9574468085106383,0.9148893360160967,0.042553187802242355,10
ens_entropy_total,2.517937130122252e-07,0.23093681917211328,424,0.9575471698113207,0.9150943396226414,0.04245282651546692,10
ens_entropy_total,2.527722371670801e-07,0.23148148148148148,425,0.9576470588235294,0.9152974002391603,0.04235293746470543,10
ens_entropy_total,2.5625985890748347e-07,0.23202614379084968,426,0.9577464788732394,0.9154929577464788,0.04225351738838854,10
ens_entropy_total,2.562911935709714e-07,0.23257080610021785,427,0.9578454332552693,0.9156867046950415,0.04215456301988717,10
ens_entropy_total,2.565215847558014e-07,0.23311546840958605,428,0.9579439252336449,0.9158786661134285,0.04205607100226192,10
ens_entropy_total,2.577848736358415e-07,0.23366013071895425,429,0.958041958041958,0.9160688665710186,0.04195803820732986,10
ens_entropy_total,2.5798269529860963e-07,0.23420479302832245,430,0.958139534883721,0.9162700129813933,0.04186045991614126,10
ens_entropy_total,2.604489449676834e-07,0.23474945533769062,431,0.9582366589327146,0.9164692708557646,0.041763335851176094,10
ens_entropy_total,2.6128621643099876e-07,0.23529411764705882,432,0.9583333333333334,0.9166666666666667,0.04166666143097807,10
ens_entropy_total,2.6140448972166543e-07,0.23583877995642702,433,0.9584295612009238,0.9168622263941631,0.041570433543883664,10
ens_entropy_total,2.629190026999495e-07,0.23638344226579522,434,0.9585253456221198,0.9170559755372462,0.041474649103080824,10
ens_entropy_total,2.6323746710304123e-07,0.2369281045751634,435,0.9563218390804598,0.9126533718017817,0.04367815563867574,10
ens_entropy_total,2.6972266817003927e-07,0.2374727668845316,436,0.9564220183486238,0.9128550389227855,0.04357797634017816,10
ens_entropy_total,2.698551981606516e-07,0.2380174291938998,437,0.9565217391304348,0.913053039426148,0.04347825553814563,10
ens_entropy_total,2.7041176061120736e-07,0.238562091503268,438,0.95662100456621,0.9132492442405921,0.04337899009566336,10
ens_entropy_total,2.711969319459457e-07,0.23910675381263616,439,0.9567198177676538,0.9134436776838064,0.04328017687398234,10
ens_entropy_total,2.7246573336481485e-07,0.23965141612200436,440,0.9568181818181818,0.9136363636363636,0.04318181280314937,10
ens_entropy_total,2.730928107453871e-07,0.24019607843137256,441,0.9569160997732427,0.913836186950486,0.04308389483129301,10
ens_entropy_total,2.7610963989018347e-07,0.24074074074074073,442,0.9570135746606335,0.9140341897840107,0.04298641992331653,10
ens_entropy_total,2.775002453335264e-07,0.24128540305010893,443,0.9571106094808126,0.9142251526052441,0.04288938508247069,10
ens_entropy_total,2.791199183140406e-07,0.24183006535947713,444,0.954954954954955,0.9099190488750025,0.04504503958755262,10
ens_entropy_total,2.798423827271931e-07,0.24237472766884532,445,0.9550561797752809,0.9101173524005737,0.04494381475979577,10
ens_entropy_total,2.8076405609602286e-07,0.2429193899782135,446,0.9551569506726457,0.9103139013452914,0.044843043831794896,10
ens_entropy_total,2.82362306746929e-07,0.2434640522875817,447,0.9552572706935123,0.9105087188932711,0.0447427237900214,10
ens_entropy_total,2.8571934424194654e-07,0.2440087145969499,448,0.9553571428571429,0.9107142857142858,0.044642851618423074,10
ens_entropy_total,2.8574957043623134e-07,0.2445533769063181,449,0.955456570155902,0.9109180009126441,0.04454342429849579,10
ens_entropy_total,2.8587098600271043e-07,0.24509803921568626,450,0.9555555555555556,0.9111198893936402,0.04444443887775319,10
ens_entropy_total,2.859664263420493e-07,0.24564270152505446,451,0.9556541019955654,0.9113130002163098,0.044345892420263634,10
ens_entropy_total,2.862513577945135e-07,0.24618736383442266,452,0.9557522123893806,0.9115044247787611,0.04424778200549137,10
ens_entropy_total,2.865137675890228e-07,0.24673202614379086,453,0.9558498896247241,0.9116941850718338,0.04415010474925105,10
ens_entropy_total,2.9134060855407146e-07,0.24727668845315903,454,0.9559471365638766,0.9118942731277533,0.04405285778870314,10
ens_entropy_total,2.9285161411573235e-07,0.24782135076252723,455,0.9560439560439561,0.9120823913589551,0.0439560383003227,10
ens_entropy_total,2.9567277515116103e-07,0.24836601307189543,456,0.956140350877193,0.9122688881620716,0.04385964343568453,10
ens_entropy_total,2.981305438220991e-07,0.24891067538126363,457,0.9562363238512035,0.9124671991419104,0.043763670439726496,10
ens_entropy_total,3.0121557368684496e-07,0.2494553376906318,458,0.9541484716157205,0.908296943231441,0.0458515226662639,10
ens_entropy_total,3.0249029032940105e-07,0.25,459,0.954248366013072,0.9085023778560378,0.045751630111978435,10
ens_entropy_total,3.074482113167783e-07,0.25054466230936817,460,0.9543478260869566,0.908706006880127,0.045652170018714015,10
ens_entropy_total,3.0807960603855307e-07,0.2510893246187364,461,0.9544468546637744,0.9088992819972335,0.045553141426182435,10
ens_entropy_total,3.082626185171626e-07,0.25163398692810457,462,0.9545454545454546,0.9091011299117433,0.045454541517724115,10
ens_entropy_total,3.096597345832732e-07,0.25217864923747274,463,0.9546436285097192,0.9092927577875007,0.04535636753408128,10
ens_entropy_total,3.105095160987871e-07,0.25272331154684097,464,0.9547413793103449,0.9094928478543564,0.04525861671433522,10
ens_entropy_total,3.141676942989113e-07,0.25326797385620914,465,0.9526881720430107,0.9053811576240773,0.04731182401224834,10
ens_entropy_total,3.151577546278809e-07,0.25381263616557737,466,0.9527896995708155,0.905579399141631,0.047210294536037714,10
ens_entropy_total,3.1716365950399546e-07,0.25435729847494554,467,0.9528907922912205,0.9057863365428702,0.047109201792323856,10
ens_entropy_total,3.171938924889366e-07,0.2549019607843137,468,0.9529914529914529,0.9059829059829059,0.0470085410821137,10
ens_entropy_total,3.1860002445590054e-07,0.25544662309368193,469,0.9530916844349681,0.9061778238492736,0.0469083096152892,10
ens_entropy_total,3.190503233845678e-07,0.2559912854030501,470,0.9531914893617022,0.9063711108696441,0.046808504665291344,10
ens_entropy_total,3.204014582857498e-07,0.2565359477124183,471,0.9532908704883227,0.9065627874262836,0.04670912351893781,10
ens_entropy_total,3.218857053111766e-07,0.2570806100217865,472,0.9533898305084746,0.9067679433999534,0.04661016347537609,10
ens_entropy_total,3.2872758032885013e-07,0.2576252723311547,473,0.9513742071881607,0.902741893667808,0.048625786771569965,10
ens_entropy_total,3.2892102127051634e-07,0.2581699346405229,474,0.9514767932489452,0.9029535864978904,0.04852320068674437,10
ens_entropy_total,3.2959683094365667e-07,0.2587145969498911,475,0.9515789473684211,0.9031634742374955,0.048421046556448626,10
ens_entropy_total,3.300926273618393e-07,0.25925925925925924,476,0.9516806722689075,0.9033715798764341,0.04831932162246975,10
ens_entropy_total,3.3033262810328436e-07,0.25980392156862747,477,0.9517819706498952,0.9035779260157673,0.04821802321756985,10
ens_entropy_total,3.331499750973171e-07,0.26034858387799564,478,0.9497907949790795,0.8996026814625523,0.05020919887743358,10
ens_entropy_total,3.3587142087999096e-07,0.2608932461873638,479,0.9498956158663883,0.8998082621579222,0.05010437796573735,10
ens_entropy_total,3.3598159463969917e-07,0.26143790849673204,480,0.95,0.9000208289939595,0.049999993807827,10
ens_entropy_total,3.383241753250519e-07,0.2619825708061002,481,0.9501039501039501,0.9002316175199641,0.04989604368314866,10
ens_entropy_total,3.4020889884913944e-07,0.2625272331154684,482,0.950207468879668,0.9004355085810682,0.049792524882834574,10
ens_entropy_total,3.4037233004666575e-07,0.2630718954248366,483,0.9503105590062112,0.900637728862374,0.0496894347317782,10
ens_entropy_total,3.4165138110281834e-07,0.2636165577342048,484,0.9504132231404959,0.9008382988168208,0.04958677057293329,10
ens_entropy_total,3.4589703496802666e-07,0.264161220043573,485,0.9484536082474226,0.8969129137299245,0.05154638545412592,10
ens_entropy_total,3.4777183851494213e-07,0.2647058823529412,486,0.948559670781893,0.8971193415637859,0.05144032288525919,10
ens_entropy_total,3.493154295213518e-07,0.26525054466230935,487,0.9486652977412731,0.8973362228162338,0.05133469590073216,10
ens_entropy_total,3.498391584165879e-07,0.2657952069716776,488,0.9487704918032787,0.8975513083201772,0.05122950182666058,10
ens_entropy_total,3.500792183492877e-07,0.26633986928104575,489,0.9488752556237219,0.8977560698185956,0.051124737981161676,10
ens_entropy_total,3.540224280435356e-07,0.2668845315904139,490,0.9489795918367347,0.8979591836734695,0.05102040174274313,10
ens_entropy_total,3.5599419659109186e-07,0.26742919389978215,491,0.9490835030549898,0.8981606696921175,0.05091649050278483,10
ens_entropy_total,3.5742846530759926e-07,0.2679738562091503,492,0.9491869918699187,0.8983605473656376,0.05081300166225991,10
ens_entropy_total,3.581236277183494e-07,0.26851851851851855,493,0.949290060851927,0.8985588358751925,0.05070993402962259,10
ens_entropy_total,3.589031201225353e-07,0.2690631808278867,494,0.9493927125506073,0.8987721512762086,0.0506072823026022,10
ens_entropy_total,3.59018349898231e-07,0.2696078431372549,495,0.9494949494949495,0.8989837149504102,0.05050504534924558,10
ens_entropy_total,3.6176469056133175e-07,0.2701525054466231,496,0.9495967741935484,0.8991804344998048,0.05040322064410675,10
ens_entropy_total,3.623008109395941e-07,0.2706971677559913,497,0.9496981891348089,0.8993902685895204,0.05030180564967487,10
ens_entropy_total,3.652128127036109e-07,0.27124183006535946,498,0.9497991967871486,0.8995983935742973,0.05020079801262042,10
ens_entropy_total,3.6545749151634366e-07,0.2717864923747277,499,0.9498997995991983,0.8997935626902717,0.05010019514684984,10
ens_entropy_total,3.6560097323223264e-07,0.27233115468409586,500,0.948,0.8959883506952778,0.05199999474848005,10
ens_entropy_total,3.658005995357271e-07,0.272875816993464,501,0.9481037924151696,0.8961889733658489,0.05189620090659718,10
ens_entropy_total,3.7193878819667806e-07,0.27342047930283225,502,0.9482071713147411,0.8964028320157477,0.051792821980781875,10
ens_entropy_total,3.724266522107886e-07,0.2739651416122004,503,0.94831013916501,0.8966018880156861,0.05168985410431871,10
ens_entropy_total,3.7448479618360904e-07,0.27450980392156865,504,0.9484126984126984,0.8968140227097342,0.05158729483030956,10
ens_entropy_total,3.768109330081361e-07,0.2750544662309368,505,0.9485148514851485,0.8970244537511959,0.051485141744339775,10
ens_entropy_total,3.7906754176619455e-07,0.275599128540305,506,0.9486166007905138,0.8972332015810276,0.051383392403146634,10
ens_entropy_total,3.800869405215002e-07,0.2761437908496732,507,0.9487179487179487,0.8974307100950839,0.051282044449072514,10
ens_entropy_total,3.8229995087235754e-07,0.2766884531590414,508,0.9488188976377953,0.8976377952755905,0.05118109551533922,10
ens_entropy_total,3.8478312467813467e-07,0.27723311546840956,509,0.9489194499017681,0.8978432371512821,0.05108054322439022,10
ens_entropy_total,3.851780526349086e-07,0.2777777777777778,510,0.9490196078431372,0.8980392156862744,0.050980385256107194,10
ens_entropy_total,3.900255610426009e-07,0.27832244008714596,511,0.949119373776908,0.8982336810821576,0.05088061929883481,10
ens_entropy_total,3.902013258682808e-07,0.2788671023965142,512,0.94921875,0.8984375,0.05078124304847785,10
ens_entropy_total,3.9073804862076893e-07,0.27941176470588236,513,0.949317738791423,0.8986397142640018,0.050682254229837014,10
ens_entropy_total,3.9439555514453744e-07,0.27995642701525053,514,0.9494163424124513,0.8988326848249026,0.050583650581294166,10
ens_entropy_total,3.954219184102454e-07,0.28050108932461876,515,0.9495145631067962,0.8990241768849072,0.050485429872374844,10
ens_entropy_total,3.989697334224272e-07,0.28104575163398693,516,0.9496124031007752,0.8992248062015504,0.05038758984151217,10
ens_entropy_total,4.058035456021634e-07,0.2815904139433551,517,0.9497098646034816,0.8994148370972328,0.05029012831035406,10
ens_entropy_total,4.0768915525653216e-07,0.2821350762527233,518,0.9478764478764479,0.8957435706298918,0.05212354502176118,10
ens_entropy_total,4.0974847529847763e-07,0.2826797385620915,519,0.9479768786127167,0.8959495080749953,0.052023114256804184,10
ens_entropy_total,4.1114588372715186e-07,0.28322440087145967,520,0.948076923076923,0.8961446282214397,0.051923069763867714,10
ens_entropy_total,4.1194339377325754e-07,0.2837690631808279,521,0.9481765834932822,0.8963489665843865,0.05182340874261018,10
ens_entropy_total,4.1263294962017075e-07,0.28431372549019607,522,0.9482758620689655,0.896551724137931,0.051724130139358976,10
ens_entropy_total,4.129213448022908e-07,0.2848583877995643,523,0.9483747609942639,0.8967453695917637,0.051625231186566915,10
ens_entropy_total,4.131408166549449e-07,0.28540305010893247,524,0.9465648854961832,0.8931297709923665,0.053435106657235,10
ens_entropy_total,4.140229133251537e-07,0.28594771241830064,525,0.9466666666666667,0.8933375901551323,0.05333332545934812,10
ens_entropy_total,4.1417415018121775e-07,0.28649237472766886,526,0.9467680608365019,0.8935361216730038,0.05323193126219736,10
ens_entropy_total,4.153117397377229e-07,0.28703703703703703,527,0.9449715370018975,0.8899482253314226,0.05502845506946731,10
ens_entropy_total,4.1763427417623437e-07,0.2875816993464052,528,0.9450757575757576,0.8901515151515151,0.05492423446812664,10
ens_entropy_total,4.1819042732951734e-07,0.28812636165577343,529,0.945179584120983,0.8903642613648546,0.05482040789546487,10
ens_entropy_total,4.2800408158113777e-07,0.2886710239651416,530,0.9452830188679245,0.8905660377358491,0.05471697312013834,10
ens_entropy_total,4.2824490493619024e-07,0.28921568627450983,531,0.9453860640301318,0.8907663169543104,0.054613927929627194,10
ens_entropy_total,4.2844636222122096e-07,0.289760348583878,532,0.9454887218045113,0.890965115621643,0.05451127012702873,10
ens_entropy_total,4.294131975348675e-07,0.2903050108932462,533,0.9455909943714822,0.8911762428099721,0.054408997531841606,10
ens_entropy_total,4.2943716607335576e-07,0.2908496732026144,534,0.9456928838951311,0.8913857677902621,0.05430710798007956,10
ens_entropy_total,4.3514497880569924e-07,0.29139433551198257,535,0.9457943925233645,0.8915831033157472,0.05420559932323107,10
ens_entropy_total,4.373439036732461e-07,0.29193899782135074,536,0.9458955223880597,0.8917789907541496,0.054104469429794064,10
ens_entropy_total,4.4185519949017115e-07,0.29248366013071897,537,0.9459962756052142,0.891973445986723,0.054003716183526354,10
ens_entropy_total,4.421805053338964e-07,0.29302832244008714,538,0.9460966542750929,0.8921813884704158,0.05390333748460815,10
ens_entropy_total,4.4320102491850983e-07,0.2935729847494553,539,0.9461966604823747,0.8923877647965962,0.053803331248286734,10
ens_entropy_total,4.465383875057927e-07,0.29411764705882354,540,0.9462962962962963,0.8925808044778577,0.05370369540508095,10
ens_entropy_total,4.476530282595847e-07,0.2946623093681917,541,0.9463955637707948,0.8927856327690952,0.05360442790128899,10
ens_entropy_total,4.4812045228895017e-07,0.29520697167755994,542,0.9464944649446494,0.8929772717987825,0.053505526698199836,10
ens_entropy_total,4.5013088187469036e-07,0.2957516339869281,543,0.9465930018416207,0.8931675248814442,0.053406989771890664,10
ens_entropy_total,4.5281873632013104e-07,0.2962962962962963,544,0.9448529411764706,0.8896924636701588,0.055147050407528694,10
ens_entropy_total,4.531301601644244e-07,0.2968409586056645,545,0.944954128440367,0.8899019555028821,0.055045863114195986,10
ens_entropy_total,4.56965979021925e-07,0.2973856209150327,546,0.9432234432234432,0.8864346962601145,0.05677654830139031,10
ens_entropy_total,4.579999025322608e-07,0.29793028322440085,547,0.943327239488117,0.8866487964330836,0.056672752006987855,10
ens_entropy_total,4.585012070264272e-07,0.2984749455337691,548,0.9434306569343066,0.8868492566739491,0.05656933453112602,10
ens_entropy_total,4.594686035796869e-07,0.29901960784313725,549,0.9435336976320583,0.8870617746013418,0.05646629380370939,10
ens_entropy_total,4.5990397070432874e-07,0.2995642701525055,550,0.9436363636363636,0.8872727272727272,0.05636362776980183,10
ens_entropy_total,4.6151918601425427e-07,0.30010893246187365,551,0.9437386569872959,0.8874717542969703,0.056261334389207475,10
ens_entropy_total,4.628498662385764e-07,0.3006535947712418,552,0.9438405797101449,0.8876811594202898,0.05615941163666592,10
ens_entropy_total,4.638734630247933e-07,0.30119825708061004,553,0.9439421338155516,0.8878890334900695,0.05605785750156852,10
ens_entropy_total,4.6424321898292907e-07,0.3017429193899782,554,0.944043321299639,0.8880953932364631,0.055956669987859295,10
ens_entropy_total,4.660196955394527e-07,0.3022875816993464,555,0.9441441441441442,0.8882930028113415,0.0558558471136562,10
ens_entropy_total,4.675377990952245e-07,0.3028322440087146,556,0.9442446043165468,0.8884892086330936,0.05575538691150641,10
ens_entropy_total,4.6968457767416034e-07,0.3033769063180828,557,0.9443447037701975,0.8886940714621836,0.05565528742799499,10
ens_entropy_total,4.709594099045678e-07,0.30392156862745096,558,0.9444444444444444,0.8888974526956723,0.0555555467238637,10
ens_entropy_total,4.7359153056158834e-07,0.3044662309368192,559,0.9445438282647585,0.889099368348298,0.055456162873502905,10
ens_entropy_total,4.759354049837295e-07,0.30501089324618735,560,0.9446428571428571,0.8892941866693875,0.05535713396522535,10
ens_entropy_total,4.803707243235982e-07,0.3055555555555556,561,0.9447415329768271,0.889494652967079,0.05525845810073149,10
ens_entropy_total,4.817272331356194e-07,0.30610021786492375,562,0.9448398576512456,0.8896880975597402,0.05516013339575954,10
ens_entropy_total,4.832272307258249e-07,0.3066448801742919,563,0.9449378330373002,0.8898801824709289,0.05506215797910742,10
ens_entropy_total,4.854343102611978e-07,0.30718954248366015,564,0.9450354609929078,0.8900792153904187,0.05496452999278655,10
ens_entropy_total,4.865181741088845e-07,0.3077342047930283,565,0.9451327433628318,0.8902699553311322,0.05486724759214811,10
ens_entropy_total,4.871955178175198e-07,0.3082788671023965,566,0.9434628975265018,0.8869356771873752,0.056537093397803766,10
ens_entropy_total,4.90085975848413e-07,0.3088235294117647,567,0.9435626102292769,0.8871389116966484,0.05643738066417014,10
ens_entropy_total,4.911142686724393e-07,0.3093681917211329,568,0.9436619718309859,0.887333721780742,0.0563380190316075,10
ens_entropy_total,4.925468991102463e-07,0.3099128540305011,569,0.9437609841827768,0.8875355157504632,0.05623900664892709,10
ens_entropy_total,4.933826793447024e-07,0.3104575163398693,570,0.9438596491228071,0.8877358838952696,0.05614034167803164,10
ens_entropy_total,4.976249028174703e-07,0.31100217864923746,571,0.9439579684763573,0.8879348412737353,0.05604202229329811,10
ens_entropy_total,4.987775206569701e-07,0.3115468409586057,572,0.9440559440559441,0.8881283004107178,0.0559440466825214,10
ens_entropy_total,4.997960267338976e-07,0.31209150326797386,573,0.944153577661431,0.8883204209910831,0.055846413045851286,10
ens_entropy_total,5.043974556913344e-07,0.31263616557734203,574,0.9442508710801394,0.8885112168592795,0.0557491195956083,10
ens_entropy_total,5.068225621137939e-07,0.31318082788671026,575,0.9443478260869566,0.8887087799095155,0.05565216455712391,10
ens_entropy_total,5.073255997545615e-07,0.3137254901960784,576,0.9444444444444444,0.8889049616664254,0.05555554616802854,10
ens_entropy_total,5.132382644419812e-07,0.3142701525054466,577,0.9445407279029463,0.889099776565841,0.05545926267743992,10
ens_entropy_total,5.242149592801997e-07,0.3148148148148148,578,0.9446366782006921,0.8892892629260293,0.05536331234662592,10
ens_entropy_total,5.244975461275964e-07,0.315359477124183,579,0.9447322970639033,0.8894827257110135,0.05526769345043261,10
ens_entropy_total,5.246438822709374e-07,0.3159041394335512,580,0.9448275862068966,0.8896709149705155,0.05517240427455644,10
ens_entropy_total,5.252981485740729e-07,0.3164488017429194,581,0.9449225473321858,0.8898578199052132,0.055077443116432555,10
ens_entropy_total,5.272604351971017e-07,0.31699346405228757,582,0.9450171821305842,0.8900499450958167,0.054982808285118444,10
ens_entropy_total,5.280877114549679e-07,0.3175381263616558,583,0.9451114922813036,0.8902407455345587,0.05488849810151441,10
ens_entropy_total,5.299466720640839e-07,0.31808278867102396,584,0.9452054794520548,0.8904263802242132,0.05479451089780796,10
ens_entropy_total,5.331162415945e-07,0.31862745098039214,585,0.9452991452991453,0.8906107566089334,0.054700845017562574,10
ens_entropy_total,5.332170838696507e-07,0.31917211328976036,586,0.9453924914675768,0.8907938874394334,0.054607498816079514,10
ens_entropy_total,5.359287777331941e-07,0.31971677559912853,587,0.9454855195911414,0.8909757852947321,0.054514470659309706,10
ens_entropy_total,5.379909383437764e-07,0.3202614379084967,588,0.9455782312925171,0.8911652765406107,0.054421758924639706,10
ens_entropy_total,5.388730801555588e-07,0.32080610021786493,589,0.9456706281833617,0.8913534701406504,0.05432936200052736,10
ens_entropy_total,5.426240455710556e-07,0.3213507625272331,590,0.9440677966101695,0.8881535863233722,0.05593219354019791,10
ens_entropy_total,5.443945583693603e-07,0.32189542483660133,591,0.9441624365482234,0.888339259030247,0.05583755356856302,10
ens_entropy_total,5.446330019398833e-07,0.3224400871459695,592,0.9442567567567568,0.8885313248887369,0.05574323332653883,10
ens_entropy_total,5.465075873827903e-07,0.32298474945533767,593,0.9443507588532883,0.88872208669544,0.05564923119644699,10
ens_entropy_total,5.491046468922389e-07,0.3235294117647059,594,0.9444444444444444,0.8889115576864224,0.05555554557159133,10
ens_entropy_total,5.51910276631816e-07,0.32407407407407407,595,0.9445378151260504,0.8890997509192267,0.05546217485612681,10
ens_entropy_total,5.536797868674654e-07,0.32461873638344224,596,0.9446308724832215,0.8892866792758715,0.055369117465039384,10
ens_entropy_total,5.577270999646163e-07,0.32516339869281047,597,0.9447236180904522,0.8894711152752142,0.055276371823614195,10
ens_entropy_total,5.577934209488444e-07,0.32570806100217864,598,0.9448160535117057,0.8896567920287182,0.055183936368274324,10
ens_entropy_total,5.579907178333454e-07,0.32625272331154687,599,0.9432387312186978,0.8865087768180552,0.056761258627290506,10
ens_entropy_total,5.653703441855792e-07,0.32679738562091504,600,0.9433333333333334,0.8866981394057208,0.05666665647806567,10
ens_entropy_total,5.685567684686273e-07,0.3273420479302832,601,0.9434276206322796,0.8868862441184612,0.05657236914433857,10
ens_entropy_total,5.77600187730106e-07,0.32788671023965144,602,0.9435215946843853,0.8870731034482757,0.05647839505669793,10
ens_entropy_total,5.807536747005083e-07,0.3284313725490196,603,0.9436152570480929,0.8872612095417204,0.05638473265727063,10
ens_entropy_total,5.8469625749499e-07,0.3289760348583878,604,0.9437086092715232,0.8874480702408226,0.05629138039786059,10
ens_entropy_total,5.854641109825756e-07,0.329520697167756,605,0.9421487603305785,0.8843231195336869,0.05785122930287096,10
ens_entropy_total,5.882257643411257e-07,0.3300653594771242,606,0.9422442244224423,0.8845136068126627,0.05775576517492732,10
ens_entropy_total,5.976211788454663e-07,0.33061002178649235,607,0.942339373970346,0.8847028432186603,0.057660615590164895,10
ens_entropy_total,6.03086368548094e-07,0.3311546840958606,608,0.9424342105263158,0.8848908410325206,0.057565778996935886,10
ens_entropy_total,6.058159454459123e-07,0.33169934640522875,609,0.9425287356321839,0.8850813299618824,0.057471253853670634,10
ens_entropy_total,6.065746978582395e-07,0.332244008714597,610,0.9426229508196722,0.8852681018453834,0.05737703862883571,10
ens_entropy_total,6.083825658962235e-07,0.33278867102396514,611,0.9427168576104746,0.885457340424962,0.05728313180063685,10
ens_entropy_total,6.14912731178827e-07,0.3333333333333333,612,0.9428104575163399,0.8856453403946356,0.05718953185687746,10
ens_entropy_total,6.154888094668286e-07,0.33387799564270154,613,0.9429037520391517,0.8858308988255827,0.05709623729624046,10
ens_entropy_total,6.202236259174584e-07,0.3344226579520697,614,0.9429967426710097,0.8860176728298804,0.057003246626232074,10
ens_entropy_total,6.216417655468575e-07,0.3349673202614379,615,0.943089430894309,0.886203232304008,0.0569105583647725,10
ens_entropy_total,6.248001638171567e-07,0.3355119825708061,616,0.9431818181818182,0.8863875890561107,0.05681817103892851,10
ens_entropy_total,6.285409721320119e-07,0.3360566448801743,617,0.9432739059967585,0.8865707547417575,0.056726083185424825,10
ens_entropy_total,6.382043140690952e-07,0.3366013071895425,618,0.9433656957928802,0.8867551125119107,0.056634293349953985,10
ens_entropy_total,6.383419674428821e-07,0.3371459694989107,619,0.9434571890145396,0.8869382792073938,0.056542800089059736,10
ens_entropy_total,6.43867527595251e-07,0.33769063180827885,620,0.9435483870967742,0.8871202663337496,0.05645160196719736,10
ens_entropy_total,6.550243353040442e-07,0.3382352941176471,621,0.9436392914653784,0.8873010852488087,0.05636069755804515,10
ens_entropy_total,6.58194326199078e-07,0.33877995642701525,622,0.9437299035369775,0.8874830733608294,0.05627008544573104,10
ens_entropy_total,6.609183865496986e-07,0.3393246187363834,623,0.9438202247191011,0.8876627357640016,0.05617976422276781,10
ens_entropy_total,6.616073805716313e-07,0.33986928104575165,624,0.9439102564102564,0.8878435561398463,0.05608973249083936,10
ens_entropy_total,6.62047163676511e-07,0.3404139433551198,625,0.944,0.8880220730889526,0.055999988860412034,10
ens_entropy_total,6.633525108286232e-07,0.340958605664488,626,0.9440894568690096,0.8881994550297488,0.05591053195072689,10
ens_entropy_total,6.795345663032991e-07,0.3415032679738562,627,0.9441786283891547,0.8883791193420242,0.05582136038852756,10
ens_entropy_total,6.80555896762719e-07,0.3420479302832244,628,0.9442675159235668,0.8885553775326017,0.05573247281210002,10
ens_entropy_total,6.897795793265034e-07,0.3425925925925926,629,0.9443561208267091,0.8887305221553375,0.05564386786621791,10
ens_entropy_total,6.899631611257551e-07,0.3431372549019608,630,0.9444444444444444,0.8889045637299852,0.055555544205861285,10
ens_entropy_total,6.931321632087206e-07,0.34368191721132896,631,0.9445324881141046,0.8890830834752126,0.055467500493420904,10
ens_entropy_total,6.964740681852642e-07,0.3442265795206972,632,0.944620253164557,0.8892560328426956,0.05537973540001399,10
ens_entropy_total,6.985317795334382e-07,0.34477124183006536,633,0.943127962085308,0.8862772105278917,0.05687202643625359,10
ens_entropy_total,7.106447292197963e-07,0.3453159041394335,634,0.943217665615142,0.8864590588001193,0.056782322862426106,10
ens_entropy_total,7.108871067171872e-07,0.34586056644880175,635,0.9433070866141732,0.886639756419284,0.056692901819517465,10
ens_entropy_total,7.151678863668195e-07,0.3464052287581699,636,0.9433962264150944,0.8868193142721557,0.05660376197446214,10
ens_entropy_total,7.176820231977919e-07,0.34694989106753815,637,0.9434850863422292,0.8869955156950672,0.05651490200309998,10
ens_entropy_total,7.207714166543856e-07,0.3474945533769063,638,0.9435736677115988,0.8871739450803164,0.05642632058935757,10
ens_entropy_total,7.208685016389652e-07,0.3480392156862745,639,0.9436619718309859,0.8873490494892413,0.056338016425727576,10
ens_entropy_total,7.254150843457284e-07,0.3485838779956427,640,0.94375,0.8875263610091384,0.05624998821219175,10
ens_entropy_total,7.267672163408826e-07,0.3491285403050109,641,0.9438377535101404,0.8877003786146015,0.056162234657544635,10
ens_entropy_total,7.294358821507352e-07,0.34967320261437906,642,0.9439252336448598,0.8878765827390481,0.05607475447821302,10
ens_entropy_total,7.343284029726662e-07,0.3502178649237473,643,0.9440124416796267,0.8880516892839526,0.05598754639852558,10
ens_entropy_total,7.353564393366693e-07,0.35076252723311546,644,0.9440993788819876,0.8882257084727458,0.05590060915128993,10
ens_entropy_total,7.371781386592409e-07,0.35130718954248363,645,0.9441860465116279,0.8883986504022838,0.0558139414767479,10
ens_entropy_total,7.37859202301812e-07,0.35185185185185186,646,0.9442724458204335,0.8885715928474233,0.05572754212311766,10
ens_entropy_total,7.387476171785784e-07,0.35239651416122003,647,0.9443585780525502,0.8887434680015667,0.05564140984623405,10
ens_entropy_total,7.401885284641563e-07,0.35294117647058826,648,0.9444444444444444,0.8889153436633935,0.055555543409580375,10
ens_entropy_total,7.497162705439021e-07,0.35348583877995643,649,0.9445300462249615,0.8890861618798956,0.05546994158357832,10
ens_entropy_total,7.542437287567233e-07,0.3540305010893246,650,0.9446153846153846,0.8892569805963086,0.05538460314740014,10
ens_entropy_total,7.55262053048328e-07,0.3545751633986928,651,0.9447004608294931,0.8894267515923566,0.05529952688758521,10
ens_entropy_total,7.552677953100811e-07,0.355119825708061,652,0.9447852760736196,0.8895954844778927,0.055214711597891805,10
ens_entropy_total,7.558132430835576e-07,0.35566448801742917,653,0.9448698315467075,0.8897631887456038,0.05513015607932743,10
ens_entropy_total,7.59830867221722e-07,0.3562091503267974,654,0.9434250764525994,0.8868691968919186,0.05657491112773648,10
ens_entropy_total,7.619836517092111e-07,0.35675381263616557,655,0.9419847328244275,0.8839843385848793,0.05801525471015515,10
ens_entropy_total,7.649238556304093e-07,0.3572984749455338,656,0.9420731707317073,0.8841624922164704,0.057926816756997596,10
ens_entropy_total,7.672559552946368e-07,0.35784313725490197,657,0.9421613394216134,0.8843374163778885,0.0578386480211443,10
ens_entropy_total,7.688650698288567e-07,0.35838779956427014,658,0.9422492401215805,0.8845112837519513,0.05775074727522545,10
ens_entropy_total,7.721629258046216e-07,0.35893246187363836,659,0.9423368740515933,0.8846883518750459,0.05766311329910542,10
ens_entropy_total,7.738220480921174e-07,0.35947712418300654,660,0.9424242424242424,0.884861172322609,0.05757574488034061,10
ens_entropy_total,7.75432765136709e-07,0.3600217864923747,661,0.9425113464447806,0.8850371645124674,0.05748864081368251,10
ens_entropy_total,7.81725485216491e-07,0.36056644880174293,662,0.9425981873111783,0.8852120902387385,0.057401799900743664,10
ens_entropy_total,7.856903815601502e-07,0.3611111111111111,663,0.942684766214178,0.8853838734918931,0.05731522095099019,10
ens_entropy_total,7.857428221758945e-07,0.3616557734204793,664,0.9427710843373494,0.8855577427226299,0.0572289027812012,10
ens_entropy_total,7.888692540230959e-07,0.3622004357298475,665,0.9428571428571428,0.885728497784209,0.0571428442146529,10
ens_entropy_total,7.890997013248423e-07,0.3627450980392157,666,0.9429429429429429,0.8858982335596611,0.05705704408221794,10
ens_entropy_total,8.039979839277705e-07,0.3632897603485839,667,0.9430284857571214,0.8860669591484464,0.05697150122022508,10
ens_entropy_total,8.063914363981349e-07,0.3638344226579521,668,0.9431137724550899,0.8862346835420346,0.05688621447437364,10
ens_entropy_total,8.094503955499767e-07,0.36437908496732024,669,0.9431988041853513,0.8864075067024129,0.05680118269610196,10
ens_entropy_total,8.164881848447876e-07,0.36492374727668847,670,0.9432835820895522,0.8865792920338211,0.056716404743412815,10
ens_entropy_total,8.186710867650621e-07,0.36546840958605664,671,0.9433681073025335,0.8867500488567519,0.056631879481895415,10
ens_entropy_total,8.192830247577579e-07,0.3660130718954248,672,0.9434523809523809,0.8869197863804235,0.05654760578360242,10
ens_entropy_total,8.261830765541838e-07,0.36655773420479304,673,0.9435364041604755,0.8870885137044362,0.0564635825265994,10
ens_entropy_total,8.324076379890627e-07,0.3671023965141612,674,0.9436201780415431,0.8872562398203989,0.056379808596221714,10
ens_entropy_total,8.340772060514255e-07,0.36764705882352944,675,0.9437037037037037,0.8874229736135251,0.0562962828847504,10
ens_entropy_total,8.405078662058782e-07,0.3681917211328976,676,0.9437869822485208,0.8875897076842291,0.056213004290205,10
ens_entropy_total,8.443247560610949e-07,0.3687363834422658,677,0.9438700147710487,0.88775545821044,0.05612997171776129,10
ens_entropy_total,8.527329782540915e-07,0.369281045751634,678,0.943952802359882,0.8879202338692838,0.05604718407842421,10
ens_entropy_total,8.621893449824186e-07,0.3698257080610022,679,0.9425625920471281,0.8851443665178977,0.057437394339996464,10
ens_entropy_total,8.643759511717264e-07,0.37037037037037035,680,0.9411764705882353,0.8823682048177139,0.05882351574766732,10
ens_entropy_total,8.654536412277291e-07,0.3709150326797386,681,0.9397944199706314,0.8796005226323074,0.06020556631410572,10
ens_entropy_total,8.697784249286096e-07,0.37145969498910675,682,0.9398826979472141,0.8797778026192463,0.060117288286131054,10
ens_entropy_total,8.724935147266586e-07,0.3720043572984749,683,0.9399707174231332,0.8799540444722616,0.06002926875873419,10
ens_entropy_total,8.925571314850144e-07,0.37254901960784315,684,0.9400584795321637,0.8801292572835452,0.05994150659663277,10
ens_entropy_total,8.981805540014832e-07,0.3730936819172113,685,0.9401459854014599,0.8803044703094569,0.05985400067393216,10
ens_entropy_total,9.124923649493112e-07,0.37363834422657954,686,0.9402332361516035,0.8804786632784014,0.059766749869297385,10
ens_entropy_total,9.135674300280378e-07,0.3741830065359477,687,0.9403202328966521,0.8806518450723919,0.05967975306982306,10
ens_entropy_total,9.17583991914813e-07,0.3747276688453159,688,0.940406976744186,0.8808260384628385,0.05959300916767376,10
ens_entropy_total,9.271864059462551e-07,0.3752723311546841,689,0.9404934687953556,0.8809992206752744,0.05950651706121658,10
ens_entropy_total,9.45250362911073e-07,0.3758169934640523,690,0.9405797101449276,0.8811714004889237,0.05942027565495503,10
ens_entropy_total,9.500238650513831e-07,0.37636165577342046,691,0.9406657018813314,0.8813435805080309,0.05933428386161305,10
ens_entropy_total,9.524664431571035e-07,0.3769063180827887,692,0.9407514450867052,0.8815147668047574,0.05924854059925491,10
ens_entropy_total,9.532391927969211e-07,0.37745098039215685,693,0.9408369408369408,0.8816859533039902,0.05916304479213279,10
ens_entropy_total,9.583731495907704e-07,0.3779956427015251,694,0.9394812680115274,0.8789715823215799,0.06051871756038165,10
ens_entropy_total,9.612377330232089e-07,0.37854030501089325,695,0.939568345323741,0.8791454477704633,0.06043164019092163,10
ens_entropy_total,9.660854754534871e-07,0.3790849673202614,696,0.9396551724137931,0.8793183169297841,0.06034481304337123,10
ens_entropy_total,9.873247247837856e-07,0.37962962962962965,697,0.93974175035868,0.879490198338534,0.06025823503932775,10
ens_entropy_total,9.879323400326564e-07,0.3801742919389978,698,0.9383954154727794,0.8768009457273974,0.0616045698661893,10
ens_entropy_total,9.926483192277192e-07,0.380718954248366,699,0.9384835479256081,0.8769754049042844,0.0615164373540864,10
ens_entropy_total,9.98462539115118e-07,0.3812636165577342,700,0.9385714285714286,0.8771488743408486,0.06142855664866334,10
ens_entropy_total,9.998436184318729e-07,0.3818082788671024,701,0.9386590584878745,0.8773263551158447,0.061340926672667044,10
ens_entropy_total,1.0124251884511201e-06,0.38235294117647056,702,0.9387464387464387,0.8774988434098712,0.06125354635364756,10
ens_entropy_total,1.0165934442586136e-06,0.3828976034858388,703,0.9388335704125178,0.8776703586647296,0.06116641462692968,10
ens_entropy_total,1.0177348779052e-06,0.38344226579520696,704,0.9389204545454546,0.8778409090909092,0.061079530433429105,10
ens_entropy_total,1.0230617008140785e-06,0.3839869281045752,705,0.9390070921985816,0.8780173749290799,0.060992892719456786,10
ens_entropy_total,1.0231322858200877e-06,0.38453159041394336,706,0.9390934844192634,0.8781928339284998,0.06090650043809593,10
ens_entropy_total,1.040543258482351e-06,0.38507625272331153,707,0.9391796322489392,0.8783624280301364,0.0608203525464343,10
ens_entropy_total,1.0472157071411358e-06,0.38562091503267976,708,0.9392655367231638,0.878536888974003,0.060734448009832555,10
ens_entropy_total,1.052904207033351e-06,0.3861655773420479,709,0.9393511988716502,0.8787055345796846,0.06064878579866283,10
ens_entropy_total,1.053373808158901e-06,0.3867102396514161,710,0.9394366197183098,0.8788732394366197,0.06056336488945662,10
ens_entropy_total,1.0657251107438637e-06,0.3872549019607843,711,0.939521800281294,0.879046711002623,0.060478184760779506,10
ens_entropy_total,1.1202206991005524e-06,0.3877995642701525,712,0.9396067415730337,0.8792192012119107,0.060393243400491084,10
ens_entropy_total,1.1207503332902713e-06,0.3883442265795207,713,0.9396914446002805,0.8793907183685352,0.06030854030484308,10
ens_entropy_total,1.1303431719110943e-06,0.3888888888888889,714,0.9397759103641457,0.8795574908791338,0.06022407447195712,10
ens_entropy_total,1.1309931718632487e-06,0.38943355119825707,715,0.9398601398601398,0.8797280433753604,0.060139844907080284,10
ens_entropy_total,1.1382600464660262e-06,0.3899782135076253,716,0.9399441340782123,0.8798976391467849,0.06005585062851029,10
ens_entropy_total,1.1426050636644217e-06,0.39052287581699346,717,0.9400278940027894,0.880066286221102,0.05997209063444471,10
ens_entropy_total,1.1472417614904257e-06,0.39106753812636164,718,0.9401114206128134,0.8802339925364451,0.05988856395473553,10
ens_entropy_total,1.1612385640288355e-06,0.39161220043572986,719,0.9401947148817803,0.8803998406208053,0.05980526961510007,10
ens_entropy_total,1.1622405155591463e-06,0.39215686274509803,720,0.9402777777777778,0.8805666142023887,0.05972220664854603,10
ens_entropy_total,1.168389081746694e-06,0.3927015250544662,721,0.9403606102635229,0.8807315449925561,0.05963937409524395,10
ens_entropy_total,1.1688007093595816e-06,0.39324618736383443,722,0.9404432132963989,0.8808973935994722,0.05955677099164837,10
ens_entropy_total,1.1826476992611005e-06,0.3937908496732026,723,0.9405255878284924,0.8810614146839743,0.05947439638787142,10
ens_entropy_total,1.225314030854755e-06,0.39433551198257083,724,0.9406077348066298,0.8812263459895007,0.059392249334675074,10
ens_entropy_total,1.2307068375040895e-06,0.394880174291939,725,0.9406896551724138,0.8813903674140245,0.05931032889358764,10
ens_entropy_total,1.254461162981908e-06,0.3954248366013072,726,0.9393939393939394,0.878802595136017,0.06060604460370913,10
ens_entropy_total,1.2649127701983197e-06,0.3959694989106754,727,0.9394773039889959,0.8789690347186487,0.060522679930894455,10
ens_entropy_total,1.2702796192693453e-06,0.39651416122004357,728,0.9395604395604396,0.879135474523062,0.060439544281457556,10
ens_entropy_total,1.2888213026333092e-06,0.39705882352941174,729,0.9382716049382716,0.876554591807936,0.06172837882429798,10
ens_entropy_total,1.2983258414488035e-06,0.39760348583877997,730,0.9383561643835616,0.8767234326801114,0.061643819299104695,10
ens_entropy_total,1.3064549841696246e-06,0.39814814814814814,731,0.9384404924760602,0.8768922737224228,0.06155949112956706,10
ens_entropy_total,1.316669431878994e-06,0.39869281045751637,732,0.9371584699453552,0.8743319499596931,0.0628415135792738,10
ens_entropy_total,1.328821423304881e-06,0.39923747276688454,733,0.937244201909959,0.8745031189983474,0.06275578153288128,10
ens_entropy_total,1.3405397204495945e-06,0.3997821350762527,734,0.9373297002724795,0.87467428825953,0.06267028308782051,10
ens_entropy_total,1.3742278967248435e-06,0.40032679738562094,735,0.9374149659863945,0.8748445273631839,0.06258501728878907,10
ens_entropy_total,1.3773910318849886e-06,0.4008714596949891,736,0.9375,0.8750138438706724,0.06249998319875104,10
ens_entropy_total,1.3886476509318417e-06,0.4014161220043573,737,0.937584803256445,0.8751822452616231,0.06241517985644266,10
ens_entropy_total,1.3953408617209384e-06,0.4019607843137255,738,0.9376693766937669,0.8753524850193866,0.06233060633293501,10
ens_entropy_total,1.3995280098398283e-06,0.4025054466230937,739,0.9377537212449256,0.8755218021765561,0.06224626169547704,10
ens_entropy_total,1.4112924193149913e-06,0.40305010893246185,740,0.9378378378378378,0.875689296278713,0.062162145015524854,10
ens_entropy_total,1.4149100683774327e-06,0.4035947712418301,741,0.9379217273954116,0.8758576985271622,0.06207825537418592,10
ens_entropy_total,1.4390599762079614e-06,0.40413943355119825,742,0.9380053908355795,0.8760251930522968,0.06199459184514891,10
ens_entropy_total,1.4705331400693897e-06,0.4046840958605665,743,0.9380888290713324,0.8761917871736168,0.06191115351816587,10
ens_entropy_total,1.5069670072194584e-06,0.40522875816993464,744,0.9381720430107527,0.8763583815028904,0.06182793948475018,10
ens_entropy_total,1.5210851831338423e-06,0.4057734204793028,745,0.9369127516778524,0.8738439144956099,0.06308723072274117,10
ens_entropy_total,1.5492802425563031e-06,0.40631808278867104,746,0.9369973190348525,0.8740127489238154,0.06300266327738153,10
ens_entropy_total,1.5541765812964344e-06,0.4068627450980392,747,0.9370816599732262,0.8741815836155459,0.06291832224186883,10
ens_entropy_total,1.5605161826161182e-06,0.4074074074074074,748,0.9371657754010695,0.8743495167838966,0.0628342067166237,10
ens_entropy_total,1.5639783880965702e-06,0.4079520697167756,749,0.9372496662216289,0.8745165556304115,0.06275031579863753,10
ens_entropy_total,1.5794918504212733e-06,0.4084967320261438,750,0.9373333333333334,0.874684489317075,0.06266664858848989,10
ens_entropy_total,1.581334730865973e-06,0.409041394335512,751,0.9374167776298269,0.8748506412233769,0.06258320419708234,10
ens_entropy_total,1.581334731026656e-06,0.4095860566448802,752,0.9375,0.8750176808396277,0.062499981728833726,10
ens_entropy_total,1.6152852212943366e-06,0.41013071895424835,753,0.9375830013280213,0.8751838332539811,0.06241698030021278,10
ens_entropy_total,1.6255633710064948e-06,0.4106753812636166,754,0.9376657824933687,0.8753491055160431,0.062334199033689794,10
ens_entropy_total,1.6494993707099865e-06,0.41122004357298475,755,0.937748344370861,0.8755135046009311,0.062251637053328854,10
ens_entropy_total,1.651297380008878e-06,0.4117647058823529,756,0.9378306878306878,0.8756787773610255,0.06216929349941313,10
ens_entropy_total,1.660392455711647e-06,0.41230936819172115,757,0.9379128137384413,0.8758423104169066,0.06208716748843217,10
ens_entropy_total,1.6648795050043464e-06,0.4128540305010893,758,0.9379947229551451,0.8760049840246694,0.06200525816840652,10
ens_entropy_total,1.673012516283306e-06,0.4133986928104575,759,0.9380764163372859,0.876166804941803,0.06192356468255254,10
ens_entropy_total,1.6803270662209174e-06,0.4139433551198257,760,0.9381578947368421,0.8763312052514229,0.061842086178959775,10
ens_entropy_total,1.6805349620539622e-06,0.4144880174291939,761,0.938239159001314,0.8764947392774145,0.0617608218140187,10
ens_entropy_total,1.6901925123710897e-06,0.4150326797385621,762,0.9383202099737533,0.8766574138489198,0.06167977073728193,10
ens_entropy_total,1.7208073529295288e-06,0.4155773420479303,763,0.9384010484927916,0.8768192357234864,0.06159893211173066,10
ens_entropy_total,1.7496845809205414e-06,0.41612200435729846,764,0.9384816753926701,0.8769802115880063,0.06151830510327087,10
ens_entropy_total,1.7531480827841322e-06,0.4166666666666667,765,0.938562091503268,0.8771403480596341,0.06143788888409437,10
ens_entropy_total,1.7533603510253632e-06,0.41721132897603486,766,0.9386422976501305,0.8772996516866953,0.06135768263755849,10
ens_entropy_total,1.7582877919489986e-06,0.417755991285403,767,0.9387222946544981,0.8774581289495781,0.061277685524750526,10
ens_entropy_total,1.7670597600117258e-06,0.41830065359477125,768,0.9388020833333334,0.8776157862616126,0.06119789673704712,10
ens_entropy_total,1.7676004622485296e-06,0.4188453159041394,769,0.9388816644993498,0.8777726299699361,0.06111831546240196,10
ens_entropy_total,1.799080991285225e-06,0.41938997821350765,770,0.938961038961039,0.8779336072153753,0.06103894088982297,10
ens_entropy_total,1.8036965610091546e-06,0.4199346405228758,771,0.9390402075226978,0.878089643826768,0.0609597722205819,10
ens_entropy_total,1.8247898908595405e-06,0.420479302832244,772,0.939119170984456,0.8782497818938326,0.06088080864643025,10
ens_entropy_total,1.8298958667470078e-06,0.4210239651416122,773,0.9391979301423027,0.8784050176212486,0.060802049376069166,10
ens_entropy_total,1.833207971457793e-06,0.4215686274509804,774,0.9392764857881137,0.8785643230540182,0.060723493617767986,10
ens_entropy_total,1.8375141852340459e-06,0.42211328976034856,775,0.9380645161290323,0.8761444980855669,0.06193546316430322,10
ens_entropy_total,1.843440056714341e-06,0.4226579520697168,776,0.9381443298969072,0.8763018065887354,0.061855649292321443,10
ens_entropy_total,1.8517220200941842e-06,0.42320261437908496,777,0.9382239382239382,0.876463223165133,0.0617760408521726,10
ens_entropy_total,1.8602636907486638e-06,0.42374727668845313,778,0.9383033419023136,0.87661972947792,0.06169663706028543,10
ens_entropy_total,1.9050498835731124e-06,0.42429193899782136,779,0.938382541720154,0.8767803122672658,0.06161743712563524,10
ens_entropy_total,1.921978539442859e-06,0.42483660130718953,780,0.9384615384615385,0.8769400674463091,0.06153844026638401,10
ens_entropy_total,1.9274615353174354e-06,0.42538126361655776,781,0.93854033290653,0.8770957779540879,0.06145964517300933,10
ens_entropy_total,1.9423224850541747e-06,0.42592592592592593,782,0.9386189258312021,0.8772547121685786,0.061381052130124875,10
ens_entropy_total,1.966503266619949e-06,0.4264705882352941,783,0.9386973180076629,0.8774096326594517,0.06130265983382062,10
ens_entropy_total,1.9783322343151323e-06,0.42701525054466233,784,0.9387755102040817,0.877567752220451,0.06122446751691922,10
ens_entropy_total,1.9945307033640304e-06,0.4275599128540305,785,0.9388535031847134,0.8777218886905728,0.0611464744148189,10
ens_entropy_total,2.010327323383568e-06,0.42810457516339867,786,0.9389312977099237,0.8778752468196679,0.06106867976718921,10
ens_entropy_total,2.0110260378346855e-06,0.4286492374727669,787,0.9390088945362135,0.8780325582296382,0.06099108281873544,10
ens_entropy_total,2.016065673051986e-06,0.42919389978213507,788,0.9390862944162437,0.8781851441527323,0.06091368281645028,10
ens_entropy_total,2.027831846739828e-06,0.4297385620915033,789,0.9391634980988594,0.8783416533353893,0.06083647901095402,10
ens_entropy_total,2.0486484225627618e-06,0.43028322440087147,790,0.9392405063291139,0.8784934728693099,0.06075947065647609,10
ens_entropy_total,2.0633410748779716e-06,0.43082788671023964,791,0.9393173198482933,0.8786491859446812,0.060682657012220996,10
ens_entropy_total,2.069444464239588e-06,0.43137254901960786,792,0.9381313131313131,0.8762736721290569,0.061868663603957146,10
ens_entropy_total,2.072091452476595e-06,0.43191721132897604,793,0.9382093316519546,0.8764275060662052,0.061790644958177786,10
ens_entropy_total,2.130182902838295e-06,0.4324618736383442,794,0.9370277078085643,0.8740610090346158,0.06297226867214416,10
ens_entropy_total,2.1806547064950738e-06,0.43300653594771243,795,0.9371069182389937,0.8742168217201444,0.06289305810861673,10
ens_entropy_total,2.197352095433842e-06,0.4335511982570806,796,0.9371859296482412,0.8743774106596134,0.0628140465652828,10
ens_entropy_total,2.2317494322021795e-06,0.4340958605664488,797,0.9372647427854455,0.8745371886255447,0.06273523329160481,10
ens_entropy_total,2.253992825686016e-06,0.434640522875817,798,0.9373433583959899,0.8746922265212803,0.06265661754316772,10
ens_entropy_total,2.2622968526140544e-06,0.4351851851851852,799,0.9374217772215269,0.8748511997995112,0.06257819857942667,10
ens_entropy_total,2.2706897058387663e-06,0.4357298474945534,800,0.9375,0.8750054685107527,0.06249997566243172,10
ens_entropy_total,2.3442284080219086e-06,0.4362745098039216,801,0.9375780274656679,0.8751636431643912,0.06242194805277753,10
ens_entropy_total,2.3537113152419534e-06,0.43681917211328974,802,0.9364089775561097,0.8728290271429905,0.06359099781795921,10
ens_entropy_total,2.357409860217231e-06,0.43736383442265797,803,0.9364881693648817,0.8729891420649615,0.06351180586487848,10
ens_entropy_total,2.374526240375604e-06,0.43790849673202614,804,0.9365671641791045,0.8731484575119723,0.0634328109053563,10
ens_entropy_total,2.3807595823180243e-06,0.4384531590413943,805,0.9366459627329192,0.8733046336157013,0.06335401220611207,10
ens_entropy_total,2.381129940609905e-06,0.43899782135076254,806,0.9367245657568238,0.8734631557561243,0.06327540903710976,10
ens_entropy_total,2.4084383137496416e-06,0.4395424836601307,807,0.9368029739776952,0.8736185618610994,0.06319700066935324,10
ens_entropy_total,2.4285143693987476e-06,0.4400871459694989,808,0.9368811881188119,0.8737762966048741,0.06311878638013746,10
ens_entropy_total,2.4418167948116285e-06,0.4406318082788671,809,0.9369592088998764,0.8739309383908846,0.06304076545029562,10
ens_entropy_total,2.509646534480972e-06,0.4411764705882353,810,0.9358024691358025,0.8716213744925203,0.06419750506063462,10
ens_entropy_total,2.569030711756985e-06,0.4417211328976035,811,0.935881627620222,0.8717778764236936,0.06411834641819514,10
ens_entropy_total,2.5908415666828293e-06,0.4422657952069717,812,0.9359605911330049,0.8719374973461849,0.06403938274606849,10
ens_entropy_total,2.6188098186216668e-06,0.44281045751633985,813,0.9360393603936039,0.8720932343384101,0.06396061332432271,10
ens_entropy_total,2.6413262489683238e-06,0.4433551198257081,814,0.9361179361179361,0.8722482117526335,0.06388203743747341,10
ens_entropy_total,2.6762172675094975e-06,0.44389978213507625,815,0.9361963190184049,0.8724070450097848,0.06380365437215088,10
ens_entropy_total,2.730831531585861e-06,0.4444444444444444,816,0.9362745098039216,0.8725612686208555,0.06372546341790307,10
ens_entropy_total,2.741773961475131e-06,0.44498910675381265,817,0.9363525091799265,0.8727193197955551,0.06364746387272249,10
ens_entropy_total,2.7887447581041707e-06,0.4455337690631808,818,0.9352078239608802,0.8704264921246899,0.064792148919328,10
ens_entropy_total,2.795869073347461e-06,0.44607843137254904,819,0.9352869352869353,0.8705825529288647,0.06471303742069545,10
ens_entropy_total,2.819949211197202e-06,0.4466230936819172,820,0.9353658536585366,0.8707424723699395,0.0646341188750542,10
ens_entropy_total,2.8388318489222517e-06,0.4471677559912854,821,0.9342265529841657,0.8684677414569599,0.06577341937433323,10
ens_entropy_total,2.8406018731150096e-06,0.4477124183006536,822,0.9343065693430657,0.8686255823176686,0.06569340284062913,10
ens_entropy_total,2.990822474977985e-06,0.4482570806100218,823,0.9343863912515188,0.8687826626118277,0.06561358074606018,10
ens_entropy_total,3.0093640433606934e-06,0.44880174291938996,824,0.9344660194174758,0.8689443920829407,0.06553395239298948,10
ens_entropy_total,3.0315097423213034e-06,0.4493464052287582,825,0.9333333333333333,0.8666833159495232,0.06666663828874146,10
ens_entropy_total,3.061684884103315e-06,0.44989106753812635,826,0.9334140435835351,0.8668468225542665,0.06658592784824928,10
ens_entropy_total,3.1275490604016747e-06,0.4504357298474945,827,0.9334945586457074,0.8670056460832674,0.06650541259110479,10
ens_entropy_total,3.1845285229739656e-06,0.45098039215686275,828,0.9323671497584541,0.8647556045571482,0.06763282127940776,10
ens_entropy_total,3.204643950451791e-06,0.4515250544662309,829,0.9324487334137516,0.8649208566108009,0.06755123742406997,10
ens_entropy_total,3.2432829805302414e-06,0.45206971677559915,830,0.9325301204819277,0.8650813923786081,0.0674698501533213,10
ens_entropy_total,3.286812125012767e-06,0.4526143790849673,831,0.9326113116726835,0.8652458446748132,0.06738865875708609,10
ens_entropy_total,3.323182618763632e-06,0.4531590413943355,832,0.9326923076923077,0.8654095026807174,0.06730766252964121,10
ens_entropy_total,3.3371750742264848e-06,0.4537037037037037,833,0.9315726290516206,0.8631754274237006,0.0684273409619165,10
ens_entropy_total,3.3475646020395273e-06,0.4542483660130719,834,0.9316546762589928,0.8633376455368694,0.06834529354582387,10
ens_entropy_total,3.3816594236312103e-06,0.45479302832244006,835,0.9317365269461078,0.8635030069775644,0.06826344264783672,10
ens_entropy_total,3.4596625478001915e-06,0.4553376906318083,836,0.930622009569378,0.861279746408116,0.0693779598081329,10
ens_entropy_total,3.461451096741949e-06,0.45588235294117646,837,0.9307048984468339,0.8614467803343816,0.06929507071462156,10
ens_entropy_total,3.4689504683623955e-06,0.4564270152505447,838,0.9307875894988067,0.8616130152782602,0.0692123794465267,10
ens_entropy_total,3.5804522699506363e-06,0.45697167755991286,839,0.930870083432658,0.8617768865003665,0.06912988528841062,10
ens_entropy_total,3.6095960258091066e-06,0.45751633986928103,840,0.930952380952381,0.8619423286180631,0.0690475875426934,10
ens_entropy_total,3.6182589701787817e-06,0.45806100217864926,841,0.9310344827586207,0.8621054238495592,0.06896548551032466,10
ens_entropy_total,3.6524361716463513e-06,0.45860566448801743,842,0.9311163895486936,0.862270078797895,0.06888357849200984,10
ens_entropy_total,3.671646854421129e-06,0.4591503267973856,843,0.930011862396204,0.8600562172382649,0.06998810541531043,10
ens_entropy_total,3.708707868752723e-06,0.4596949891067538,844,0.9300947867298578,0.860220969661584,0.069905180850141,10
ens_entropy_total,3.783360650100266e-06,0.460239651416122,845,0.9301775147928995,0.8603872918971143,0.06982245255035176,10
ens_entropy_total,3.817292597038384e-06,0.46078431372549017,846,0.9302600472813238,0.8605528269943175,0.06973991982311266,10
ens_entropy_total,3.9293881575593096e-06,0.4613289760348584,847,0.9303423848878394,0.8607168041205505,0.06965758196966783,10
ens_entropy_total,4.011907408141202e-06,0.46187363834422657,848,0.9292452830188679,0.8585283388201796,0.07075468358590002,10
ens_entropy_total,4.014315183686039e-06,0.4624183006535948,849,0.9293286219081273,0.8586954712647505,0.07067134444431042,10
ens_entropy_total,4.019345695180422e-06,0.46296296296296297,850,0.9294117647058824,0.8588610362367372,0.07058820139442964,10
ens_entropy_total,4.02924231500616e-06,0.46350762527233114,851,0.9283196239717979,0.8566829831230968,0.07168034187621632,10
ens_entropy_total,4.044307018729053e-06,0.46405228758169936,852,0.9284037558685446,0.8568501074202611,0.07159620972660123,10
ens_entropy_total,4.163652146051805e-06,0.46459694989106753,853,0.9284876905041032,0.8570164519151766,0.07151227482955506,10
ens_entropy_total,4.164233913316745e-06,0.4651416122004357,854,0.9285714285714286,0.8571820220529777,0.07142853650130955,10
ens_entropy_total,4.202666196031633e-06,0.46568627450980393,855,0.928654970760234,0.8573507249389389,0.07134499404923081,10
ens_entropy_total,4.274340844845444e-06,0.4662309368191721,856,0.9287383177570093,0.8575155265944093,0.07126164678427145,10
ens_entropy_total,4.2890598058918435e-06,0.46677559912854033,857,0.9288214702450408,0.8576834390968314,0.07117849402754779,10
ens_entropy_total,4.304661645562197e-06,0.4673202614379085,858,0.9289044289044289,0.8578474776061841,0.07109553509889266,10
ens_entropy_total,4.336719431017853e-06,0.4678649237472767,859,0.9289871944121071,0.8580146052649406,0.07101276932010822,10
ens_entropy_total,4.345833933486542e-06,0.4684095860566449,860,0.9290697674418604,0.8581778859151121,0.07093019601917852,10
ens_entropy_total,4.394074695932764e-06,0.46895424836601307,861,0.9291521486643438,0.8583442342184403,0.07084781452244342,10
ens_entropy_total,4.403290328439863e-06,0.46949891067538124,862,0.9292343387470998,0.8585098081425074,0.07076562416536454,10
ens_entropy_total,4.443267195664051e-06,0.47004357298474947,863,0.929316338354577,0.8586746130820547,0.07068362428113395,10
ens_entropy_total,4.519795390335045e-06,0.47058823529411764,864,0.9293981481481481,0.8588386543818298,0.07060181420558201,10
ens_entropy_total,4.562046047250158e-06,0.4711328976034858,865,0.9294797687861271,0.8590011837861382,0.07052019328303515,10
ens_entropy_total,4.581786026390427e-06,0.47167755991285404,866,0.9284064665127021,0.856849581682548,0.0715934952710372,10
ens_entropy_total,4.585636380179568e-06,0.4722222222222222,867,0.9284890426758939,0.8570151778731827,0.07151091882278614,10
ens_entropy_total,4.685232475895379e-06,0.47276688453159044,868,0.9285714285714286,0.8571792530944142,0.071428532635229,10
ens_entropy_total,4.716421662018453e-06,0.4733115468409586,869,0.9286536248561565,0.8573425758723132,0.07134633605676484,10
ens_entropy_total,4.753496950351457e-06,0.4738562091503268,870,0.9287356321839081,0.8575074099316862,0.07126432843311795,10
ens_entropy_total,4.780389300986039e-06,0.474400871459695,871,0.928817451205511,0.8576699858202387,0.07118250911424479,10
ens_entropy_total,4.809156170706262e-06,0.4749455337690632,872,0.9288990825688074,0.8578318195444434,0.0711008774521637,10
ens_entropy_total,4.81264442826398e-06,0.47549019607843135,873,0.9289805269186713,0.8579958967147483,0.07101943280393352,10
ens_entropy_total,4.827359035385789e-06,0.4760348583877996,874,0.9290617848970252,0.8581569937282084,0.070938174526775,10
ens_entropy_total,4.844452630972521e-06,0.47657952069716775,875,0.9291428571428572,0.8583173586699329,0.07085710198152015,10
ens_entropy_total,4.9688485083949934e-06,0.477124183006536,876,0.9292237442922374,0.85847699651873,0.07077621452393197,10
ens_entropy_total,5.135901035091678e-06,0.47766884531590414,877,0.9293044469783353,0.8586359122083622,0.07069551151760159,10
ens_entropy_total,5.357478764975765e-06,0.4782135076252723,878,0.929384965831435,0.8587992384351606,0.07061499232809076,10
ens_entropy_total,5.3622723109855246e-06,0.47875816993464054,879,0.9294653014789533,0.8589574372272861,0.07053465634456102,10
ens_entropy_total,5.418725753190985e-06,0.4793028322440087,880,0.9295454545454546,0.8591200165255113,0.07045450293850568,10
ens_entropy_total,5.424766647300932e-06,0.4798474945533769,881,0.9284903518728718,0.8570155213499067,0.07150960527184469,10
ens_entropy_total,5.537531257483054e-06,0.4803921568627451,882,0.9285714285714286,0.8571751702865956,0.07142852822622074,10
ens_entropy_total,5.7487417854275805e-06,0.4809368191721133,883,0.928652321630804,0.857339224853118,0.07134763480445472,10
ens_entropy_total,5.901565891179732e-06,0.48148148148148145,884,0.9287330316742082,0.8574981577008107,0.07126692438781036,10
ens_entropy_total,5.908376874379629e-06,0.4820261437908497,885,0.9288135593220339,0.8576563788477201,0.07118639636706768,10
ens_entropy_total,6.043524686677636e-06,0.48257080610021785,886,0.9288939051918735,0.857819687915514,0.07110605011483725,10
ens_entropy_total,6.08545920413065e-06,0.4831154684095861,887,0.9289740698985344,0.8579772025466051,0.07102588502344741,10
ens_entropy_total,6.384484454893128e-06,0.48366013071895425,888,0.9290540540540541,0.8581340149716998,0.07094590046122252,10
ens_entropy_total,6.593524708928907e-06,0.4842047930283224,889,0.9291338582677166,0.8582965836034218,0.07086609582577273,10
ens_entropy_total,6.748953255751607e-06,0.48474945533769065,890,0.9292134831460674,0.8584584160065433,0.0707864705146775,10
ens_entropy_total,6.807284262675247e-06,0.4852941176470588,891,0.9292929292929293,0.8586195171710302,0.07070702393157463,10
ens_entropy_total,6.851086903657261e-06,0.485838779956427,892,0.929372197309417,0.8587756332931242,0.07062775547647078,10
ens_entropy_total,6.884037193427337e-06,0.4863834422657952,893,0.9294512877939529,0.858936008565289,0.07054866455178044,10
ens_entropy_total,7.0814774145728665e-06,0.4869281045751634,894,0.9295302013422819,0.8590956624420217,0.0704697505491764,10
ens_entropy_total,7.150958034228048e-06,0.4874727668845316,895,0.929608938547486,0.8592510864762722,0.07039101288539525,10
ens_entropy_total,7.227755136347852e-06,0.4880174291938998,896,0.9296875,0.8594100242087331,0.070312450969453,10
ens_entropy_total,7.25204910533175e-06,0.48856209150326796,897,0.9297658862876255,0.8595647603498021,0.07023406421757528,10
ens_entropy_total,7.322566820367741e-06,0.4891067538126362,898,0.9298440979955457,0.8597229867444248,0.07015585204104885,10
ens_entropy_total,7.3504941035734376e-06,0.48965141612200436,899,0.9299221357063404,0.8598770395477431,0.07007781386055811,10
ens_entropy_total,7.699889652841842e-06,0.49019607843137253,900,0.93,0.8600304131447982,0.06999994907154772,10
ens_entropy_total,7.889887455402612e-06,0.49074074074074076,901,0.93007769145394,0.8601831120175574,0.06992225710881646,10
ens_entropy_total,7.906266092658499e-06,0.4912854030501089,902,0.9301552106430155,0.8603406326034064,0.06984473741082478,10
ens_entropy_total,8.018174207728951e-06,0.4918300653594771,903,0.9302325581395349,0.8604974509501004,0.0697673893979579,10
ens_entropy_total,8.265571860376264e-06,0.4923747276688453,904,0.9303097345132744,0.8606535717431517,0.06969021249008278,10
ens_entropy_total,8.279937194053991e-06,0.4929193899782135,905,0.9303867403314917,0.8608056014667718,0.06961320613781087,10
ens_entropy_total,8.573867528827364e-06,0.4934640522875817,906,0.9304635761589404,0.8609610297234226,0.0695363697549879,10
ens_entropy_total,8.639765989854561e-06,0.4940087145969499,907,0.9305402425578831,0.8611123939341645,0.0694597027968489,10
ens_entropy_total,8.824177236950975e-06,0.49455337690631807,908,0.9306167400881057,0.8612630966239813,0.06938320469454004,10
ens_entropy_total,8.987170973824397e-06,0.4950980392156863,909,0.9306930693069307,0.8614178373080693,0.06930687489240113,10
ens_entropy_total,9.17317076751671e-06,0.49564270152505446,910,0.9307692307692308,0.8615678831693784,0.06923071283381559,10
ens_entropy_total,9.176168972460096e-06,0.49618736383442263,911,0.9308452250274424,0.8617219404657215,0.06915471798039784,10
ens_entropy_total,9.192308573595776e-06,0.49673202614379086,912,0.930921052631579,0.8618713337820945,0.06907888978112525,10
ens_entropy_total,9.574725771585683e-06,0.49727668845315903,913,0.9309967141292442,0.8620247122066594,0.06900322766034668,10
ens_entropy_total,9.858875396380905e-06,0.49782135076252726,914,0.9310722100656456,0.8621774158804016,0.06892773108040565,10
ens_entropy_total,9.944130266289117e-06,0.49836601307189543,915,0.9311475409836065,0.8623261612535733,0.06885239951377174,10
ens_entropy_total,1.0686295943916656e-05,0.4989106753812636,916,0.9312227074235808,0.8624781949726902,0.0687772323694973,10
ens_entropy_total,1.0727926079359832e-05,0.49945533769063183,917,0.9312977099236641,0.8626262962531419,0.0687022291634446,10
ens_entropy_total,1.1153032504319665e-05,0.5,918,0.9313725490196079,0.8627776644157719,0.06862738933032096,10
ens_entropy_total,1.1281226100682332e-05,0.5005446623093682,919,0.9303590859630033,0.8607562571615263,0.06964085164146652,10
ens_entropy_total,1.2252946696577483e-05,0.5010893246187363,920,0.9304347826086956,0.8609090050080316,0.06956515417682771,10
ens_entropy_total,1.2737816270676443e-05,0.5016339869281046,921,0.9305103148751357,0.8610584674567928,0.0694896210556103,10
ens_entropy_total,1.3036499814241725e-05,0.5021786492374728,922,0.93058568329718,0.8612072858648201,0.06941425175744541,10
ens_entropy_total,1.3168439400695167e-05,0.5027233115468409,923,0.9306608884073673,0.8613593691325573,0.06933904576278696,10
ens_entropy_total,1.3578020444244409e-05,0.5032679738562091,924,0.9307359307359307,0.8615107913669066,0.06926400251983482,10
ens_entropy_total,1.3689603047869118e-05,0.5038126361655774,925,0.9308108108108109,0.861658970667963,0.06918912152386768,10
ens_entropy_total,1.3741732661960136e-05,0.5043572984749455,926,0.9308855291576674,0.8618065141961722,0.06911440225386284,10
ens_entropy_total,1.4076844029080189e-05,0.5049019607843137,927,0.9309600862998921,0.8619572804690773,0.06903984416444277,10
ens_entropy_total,1.4422248435003416e-05,0.5054466230936819,928,0.9299568965517241,0.8599567240274514,0.07004303294059717,10
ens_entropy_total,1.4607156219898402e-05,0.5059912854030502,929,0.930032292787944,0.8601088364140972,0.06996763572007218,10
ens_entropy_total,1.4750508364144955e-05,0.5065359477124183,930,0.9290322580645162,0.8581038906997712,0.07096766945016258,10
ens_entropy_total,1.4880088427339603e-05,0.5070806100217865,931,0.9291084854994629,0.8582547474486499,0.07089144101393778,10
ens_entropy_total,1.5362455892168674e-05,0.5076252723311547,932,0.9291845493562232,0.8584082203889216,0.07081537612052645,10
ens_entropy_total,1.5420194493631668e-05,0.5081699346405228,933,0.9292604501607717,0.8585610334245972,0.07073947427705639,10
ens_entropy_total,1.6192340249122947e-05,0.5087145969498911,934,0.9293361884368309,0.858711247816859,0.07066373490415935,10
ens_entropy_total,1.731275529852013e-05,0.5092592592592593,935,0.9283422459893048,0.8567292320851506,0.07165767616962294,10
ens_entropy_total,1.732494043411283e-05,0.5098039215686274,936,0.9284188034188035,0.8568807339449542,0.07158111755963388,10
ens_entropy_total,1.7637235932646362e-05,0.5103485838779956,937,0.928495197438634,0.8570348491645811,0.07150472233739417,10
ens_entropy_total,1.7687983242259525e-05,0.5108932461873639,938,0.9285714285714286,0.8571883052842555,0.07142849000078381,10
ens_entropy_total,1.8171460988569955e-05,0.511437908496732,939,0.9286474973375932,0.857339165572555,0.07135241999553849,10
ens_entropy_total,1.8363769031733575e-05,0.5119825708061002,940,0.9276595744680851,0.8553584359160029,0.07234034161354908,10
ens_entropy_total,1.8451109702472702e-05,0.5125272331154684,941,0.926673751328374,0.8533927027142976,0.07332616349758905,10
ens_entropy_total,1.8831251355854922e-05,0.5130718954248366,942,0.9267515923566879,0.8535467560734903,0.07324832118652982,10
ens_entropy_total,1.9667516172991143e-05,0.5136165577342048,943,0.926829268292683,0.8537001603144232,0.07317064390498822,10
ens_entropy_total,1.9981050988421158e-05,0.514161220043573,944,0.926906779661017,0.8538529195311519,0.07309313116936116,10
ens_entropy_total,2.0074794901071786e-05,0.5147058823529411,945,0.926984126984127,0.8540096140283316,0.07301578247449929,10
ens_entropy_total,2.076806154346661e-05,0.5152505446623094,946,0.927061310782241,0.8541656426640452,0.0729385972531328,10
ens_entropy_total,2.07844846511397e-05,0.5157952069716776,947,0.9271383315733897,0.8543177617600567,0.07286157504044831,10
ens_entropy_total,2.0969923072195037e-05,0.5163398692810458,948,0.9261603375527426,0.8523679854770677,0.07383956762801215,10
ens_entropy_total,2.1161578127497226e-05,0.5168845315904139,949,0.9251844046364595,0.8504108323879341,0.07481549909920339,10
ens_entropy_total,2.124964713374233e-05,0.5174291938997821,950,0.9252631578947368,0.8505660544564325,0.07473674439197389,10
ens_entropy_total,2.1549323368355608e-05,0.5179738562091504,951,0.92534174553102,0.8507206292987379,0.07465815528630619,10
ens_entropy_total,2.1663052300546668e-05,0.5185185185185185,952,0.9254201680672269,0.8508798249174889,0.07457973127489345,10
ens_entropy_total,2.178809283013891e-05,0.5190631808278867,953,0.925498426023085,0.8510383483293742,0.07450147183713718,10
ens_entropy_total,2.3017561598533052e-05,0.5196078431372549,954,0.9255765199161425,0.851192280822008,0.07442337636890906,10
ens_entropy_total,2.4400296998288037e-05,0.5201525054466231,955,0.9256544502617801,0.8513455741298985,0.07434544434262404,10
ens_entropy_total,2.4618675585072416e-05,0.5206971677559913,956,0.9246861924686193,0.8494040221938285,0.07531370044144589,10
ens_entropy_total,2.5677130702823237e-05,0.5212418300653595,957,0.9247648902821317,0.849558526850825,0.07523500085364608,10
ens_entropy_total,2.7726020646704983e-05,0.5217864923747276,958,0.9248434237995825,0.8497123932368835,0.07515646540337954,10
ens_entropy_total,2.852717237124272e-05,0.5223311546840959,959,0.9249217935349322,0.8498721539023498,0.07507809367560447,10
ens_entropy_total,3.105561695238867e-05,0.5228758169934641,960,0.9239583333333333,0.8479509832850225,0.07604155168734092,10
ens_entropy_total,3.124175233187775e-05,0.5234204793028322,961,0.922996878251821,0.8460229339522959,0.07700300456866854,10
ens_entropy_total,3.344207908155417e-05,0.5239651416122004,962,0.9230769230769231,0.8461797752808989,0.07692295737169835,10
ens_entropy_total,3.531772935344704e-05,0.5245098039215687,963,0.9231568016614745,0.8463425993807301,0.07684307626934532,10
ens_entropy_total,3.6428629924757813e-05,0.5250544662309368,964,0.9232365145228216,0.8465047423958137,0.07676336080584446,10
ens_entropy_total,3.657475448459818e-05,0.525599128540305,965,0.9233160621761658,0.8466662085906432,0.07668381054395197,10
ens_entropy_total,3.905517649498171e-05,0.5261437908496732,966,0.9233954451345756,0.8468224070764603,0.07660442478191985,10
ens_entropy_total,3.9194684561108325e-05,0.5266884531590414,967,0.922440537745605,0.844918391043008,0.07755932936177036,10
ens_entropy_total,4.0521962302996864e-05,0.5272331154684096,968,0.9225206611570248,0.8450757123102924,0.07747920303950427,10
ens_entropy_total,4.285428752960072e-05,0.5277777777777778,969,0.9226006191950464,0.8452383233991988,0.07739924190716642,10
ens_entropy_total,4.336332349382194e-05,0.528322440087146,970,0.9226804123711341,0.8454002592600465,0.07731944560171301,10
ens_entropy_total,4.5094621516765854e-05,0.5288671023965141,971,0.9227600411946447,0.8455615240898574,0.07723981351421184,10
ens_entropy_total,4.562619406021234e-05,0.5294117647058824,972,0.9228395061728395,0.8457221220509434,0.07716034523537958,10
ens_entropy_total,4.638816712560899e-05,0.5299564270152506,973,0.9229188078108942,0.8458788023426,0.07708104024130266,10
ens_entropy_total,4.8115377157697884e-05,0.5305010893246187,974,0.9219712525667351,0.8439898668442638,0.0780285919952302,10
ens_entropy_total,4.870824011872192e-05,0.5310457516339869,975,0.9220512820512821,0.8441476495951205,0.07794855897912724,10
ens_entropy_total,4.872330452022547e-05,0.5315904139433552,976,0.9221311475409836,0.844309366289418,0.077868689963875,10
ens_entropy_total,4.920831138415023e-05,0.5321350762527233,977,0.9211873080859775,0.8424163840541611,0.07881252586092621,10
ens_entropy_total,5.0345429321010424e-05,0.5326797385620915,978,0.9212678936605317,0.8425792371658996,0.07873193664276297,10
ens_entropy_total,5.0656404855721794e-05,0.5332244008714597,979,0.9213483146067416,0.8427381416802442,0.07865151203496758,10
ens_entropy_total,5.16722202559622e-05,0.5337690631808278,980,0.9204081632653062,0.8408640474326734,0.07959165963924564,10
ens_entropy_total,5.2859297898687994e-05,0.5343137254901961,981,0.9204892966360856,0.8410240215408523,0.0795105224418023,10
ens_entropy_total,5.3190747933336566e-05,0.5348583877995643,982,0.9205702647657841,0.8411879595111815,0.07942955046610835,10
ens_entropy_total,5.443383699844113e-05,0.5354030501089324,983,0.9206510681586979,0.8413472879188549,0.07934874313326545,10
ens_entropy_total,5.720557881666346e-05,0.5359477124183006,984,0.9197154471544715,0.8394706844426821,0.08028435997818495,10
ens_entropy_total,5.767912509359125e-05,0.5364923747276689,985,0.9187817258883249,0.837609479649665,0.08121807705456358,10
ens_entropy_total,5.7681657212065116e-05,0.5370370370370371,986,0.9188640973630832,0.8377762513316415,0.08113570139832779,10
ens_entropy_total,6.11869068975254e-05,0.5375816993464052,987,0.9179331306990881,0.835921001052854,0.08206666360105455,10
ens_entropy_total,6.448434456103244e-05,0.5381263616557734,988,0.9180161943319838,0.8360888087825659,0.08198359524369167,10
ens_entropy_total,7.826297244480826e-05,0.5386710239651417,989,0.9180990899898888,0.8362525882879587,0.08190069372168467,10
ens_entropy_total,8.775045814642797e-05,0.5392156862745098,990,0.9181818181818182,0.8364197153103314,0.08181795887613875,10
ens_entropy_total,8.78752406185573e-05,0.539760348583878,991,0.9182643794147326,0.8365861652684273,0.0817353909924523,10
ens_entropy_total,9.7486368583419e-05,0.5403050108932462,992,0.9183467741935484,0.8367492889069483,0.08165298875792162,10
ens_entropy_total,9.847035759206896e-05,0.5408496732026143,993,0.918429003021148,0.8369117596368112,0.0815707524054938,10
ens_entropy_total,0.00010871669830511414,0.5413943355119826,994,0.9175050301810865,0.835070821529745,0.08249471685620964,10
ens_entropy_total,0.00012248739927206865,0.5419389978213508,995,0.9175879396984925,0.8352342948536718,0.08241179777317283,10
ens_entropy_total,0.00012364423706824964,0.5424836601307189,996,0.9176706827309237,0.8354017614220358,0.0823290450935916,10
ens_entropy_total,0.00013105396918790098,0.5430283224400871,997,0.917753259779338,0.835568552993612,0.08224645777077472,10
ens_entropy_total,0.00013706489672787045,0.5435729847494554,998,0.9168336673346693,0.8337234277455486,0.08316603943505706,10
ens_entropy_total,0.00015112551178734503,0.5441176470588235,999,0.9159159159159159,0.8318949974759009,0.08408377885601463,10
ens_entropy_total,0.00015345717355027936,0.5446623093681917,1000,0.916,0.8320644872369011,0.08399968259177482,10
ens_entropy_total,0.00015420063096272107,0.5452069716775599,1001,0.916083916083916,0.8322332979513004,0.08391575428624401,10
ens_entropy_total,0.00015865866994054743,0.545751633986928,1002,0.9161676646706587,0.8323994312954754,0.08383199310750658,10
ens_entropy_total,0.0001736415468307566,0.5462962962962963,1003,0.9162512462612163,0.8325649056423791,0.08374839761686628,10
ens_entropy_total,0.00017638527306058203,0.5468409586056645,1004,0.9153386454183267,0.830747140114554,0.08466098434222045,10
ens_entropy_total,0.0002045968281325945,0.5473856209150327,1005,0.9154228855721394,0.830913571449779,0.08457672756001063,10
ens_entropy_total,0.0002178682083464491,0.5479302832244008,1006,0.915506958250497,0.8310833501242527,0.08449263708075103,10
ens_entropy_total,0.00024418623503949977,0.5484749455337691,1007,0.9155908639523337,0.8312491251451519,0.08440871120356333,10
ens_entropy_total,0.00024572809574814803,0.5490196078431373,1008,0.9156746031746031,0.8314182276090035,0.08432495170409035,10
ens_entropy_total,0.0002723547101035489,0.5495642701525054,1009,0.9147670961347869,0.8295969585333093,0.08523243604526122,10
ens_entropy_total,0.0003050118337756722,0.5501089324618736,1010,0.9148514851485149,0.8297637153294972,0.08514802132797629,10
ens_entropy_total,0.00030515589666953126,0.5506535947712419,1011,0.9149357072205737,0.8299338090320159,0.08506377358968965,10
ens_entropy_total,0.0003336760288518369,0.55119825708061,1012,0.9140316205533597,0.8281196314227707,0.08596783195504983,10
ens_entropy_total,0.0003868261183286081,0.5517429193899782,1013,0.914116485686081,0.8282873548213628,0.08588293351159666,10
ens_entropy_total,0.000440429109444189,0.5522875816993464,1014,0.9142011834319527,0.8284544213559837,0.08579819734193979,10
ens_entropy_total,0.0004807268847184689,0.5528322440087146,1015,0.9133004926108375,0.8266600425393178,0.08669884587986178,10
ens_entropy_total,0.00048317624855521535,0.5533769063180828,1016,0.9133858267716536,0.8268280211351628,0.08661346927894623,10
ens_entropy_total,0.00049436560240916,0.553921568627451,1017,0.9124877089478859,0.8250256624388885,0.08751154364843816,10
ens_entropy_total,0.0005385916143984531,0.5544662309368191,1018,0.912573673870334,0.8251945776786506,0.08742553099664319,10
ens_entropy_total,0.0005664377364736276,0.5550108932461874,1019,0.9126594700686947,0.8253688894708363,0.0873396843991934,10
ens_entropy_total,0.0005741787759551859,0.5555555555555556,1020,0.9117647058823529,0.8235863850198321,0.08823439751508282,10
ens_entropy_total,0.0006763520458311647,0.5561002178649237,1021,0.9118511263467189,0.8237615938749051,0.08814791582005589,10
ens_entropy_total,0.000679769731236096,0.5566448801742919,1022,0.9119373776908023,0.8239313948814149,0.08806160301906217,10
ens_entropy_total,0.0009494597705416723,0.5571895424836601,1023,0.9120234604105572,0.8241059147180192,0.08797543110725878,10
ens_entropy_total,0.0014877748250531361,0.5577342047930284,1024,0.912109375,0.824275058346172,0.08788936922295441,10
ens_entropy_total,0.0016642366661901709,0.5582788671023965,1025,0.9121951219512195,0.824443547895987,0.08780345553974475,10
ens_entropy_total,0.0016643496307680377,0.5588235294117647,1026,0.9122807017543859,0.8246173832776833,0.08771770931689808,10
ens_entropy_total,0.0020807714577660927,0.559368191721133,1027,0.9123661148977604,0.8247852230419846,0.0876320825814732,10
ens_entropy_total,0.002599723049687785,0.5599128540305011,1028,0.9124513618677043,0.8249583774784319,0.087546561521166,10
ens_entropy_total,0.0027281542903154375,0.5604575163398693,1029,0.9125364431486881,0.8251308544626471,0.0874611913502699,10
ens_entropy_total,0.0029072931343150196,0.5610021786492375,1030,0.912621359223301,0.8253026579625805,0.0873759654149833,10
ens_entropy_total,0.0032568557030927692,0.5615468409586056,1031,0.9117361784675073,0.823539590319796,0.08826079440672073,10
ens_entropy_total,0.0036247477399708027,0.5620915032679739,1032,0.9118217054263565,0.8237122691094758,0.08817487096935057,10
ens_entropy_total,0.005627388340180076,0.5626361655773421,1033,0.9119070667957405,0.8238809773169684,0.08808885621730494,10
ens_entropy_total,0.005633329128791782,0.5631808278867102,1034,0.9110251450676983,0.8221248237665529,0.08897012503884598,10
ens_entropy_total,0.007002911839654692,0.5637254901960784,1035,0.9111111111111111,0.8222983640700057,0.08888332265858043,10
ens_entropy_total,0.008877783820514646,0.5642701525054467,1036,0.9111969111969112,0.8224679253155314,0.08879642571225477,10
ens_entropy_total,0.013438106787034974,0.5648148148148148,1037,0.9103182256509161,0.8207186423537592,0.08967334157310253,10
ens_entropy_total,0.013517819438292479,0.565359477124183,1038,0.9094412331406551,0.8189731944073381,0.09054855560236766,10
ens_entropy_total,0.025133791549194533,0.5659041394335512,1039,0.9095283926852743,0.8191490937641194,0.09045772006347698,10
ens_entropy_total,0.037807104464803246,0.5664488017429193,1040,0.9096153846153846,0.8193209751048848,0.0903647590154139,10
ens_entropy_total,0.04613279054104954,0.5669934640522876,1041,0.909702209414025,0.8194922007585262,0.09027036025456635,10
ens_entropy_total,0.046142642050369914,0.5675381263616558,1042,0.9097888675623801,0.8196627744698401,0.09017614072484405,10
ens_entropy_total,0.05606879038776795,0.568082788671024,1043,0.909875359539789,0.8198379971627452,0.09008008053358468,10
ens_entropy_total,0.05618919004367291,0.5686274509803921,1044,0.9099616858237548,0.8200079233489356,0.08998417925303318,10
ens_entropy_total,0.07444205866179868,0.5691721132897604,1045,0.9100478468899521,0.820177204993959,0.08988449743400954,10
ens_entropy_total,0.08158752303135074,0.5697167755991286,1046,0.9101338432122371,0.8203517542032545,0.08978337295964595,10
ens_entropy_total,0.10633480854823021,0.5702614379084967,1047,0.9102196752626552,0.8205203956582634,0.08967645363327616,10
ens_entropy_total,0.15867000900121908,0.5708061002178649,1048,0.9103053435114504,0.8206883998616649,0.08955546780605933,10
ens_entropy_total,0.208609122853322,0.5713507625272332,1049,0.9103908484270734,0.8208622794523733,0.08941912297813252,10
ens_entropy_total,0.23493685262534342,0.5718954248366013,1050,0.9104761904761904,0.8210354919076129,0.08927403481446411,10
ens_entropy_total,0.3498060282805613,0.5724400871459695,1051,0.9105613701236918,0.8212080410594973,0.08908292725686368,10
ens_entropy_total,0.3531556440517598,0.5729847494553377,1052,0.9096958174904943,0.8194855863015679,0.08984121261836187,10
ens_entropy_total,0.37058172503706704,0.5735294117647058,1053,0.9097815764482431,0.8196543984423592,0.08964018264159888,10
ens_entropy_total,0.40856388835804336,0.5740740740740741,1054,0.9098671726755219,0.819827763042829,0.08942041736190294,10
ens_entropy_total,0.42962631072118873,0.5746187363834423,1055,0.909952606635071,0.8200004669481525,0.08918966423315484,10
ens_entropy_total,0.4340766000248299,0.5751633986928104,1056,0.9100378787878788,0.820172513928026,0.08830657955270264,10
ens_entropy_total,0.4355697852952518,0.5757080610021786,1057,0.9101229895931883,0.8203406933741741,0.08807398955648817,10
ens_entropy_total,0.43909248594495065,0.5762527233115469,1058,0.9102079395085066,0.8205082415129383,0.0878398439400039,10
ens_entropy_total,0.4404080175165819,0.576797385620915,1059,0.9102927289896129,0.8206796367428058,0.08760539122451547,10
ens_entropy_total,0.4404080225144437,0.5773420479302832,1060,0.909433962264151,0.818954934438771,0.0876741083882492,10
ens_entropy_total,0.44179683207555975,0.5778867102396514,1061,0.9095193213949104,0.8191271735424479,0.08743946137718443,10
ens_entropy_total,0.4426119569790107,0.5784313725490197,1062,0.9096045197740112,0.8192987617909897,0.08720479020131187,10
ens_entropy_total,0.44361152747465876,0.5789760348583878,1063,0.909689557855127,0.8194671478611611,0.08696998815441381,10
ens_entropy_total,0.4476020648403365,0.579520697167756,1064,0.9097744360902256,0.8196380895876595,0.08673332879615339,10
ens_entropy_total,0.4479486228046984,0.5800653594771242,1065,0.9098591549295775,0.8198083877926527,0.08649691323623401,10
ens_entropy_total,0.4487614408851031,0.5806100217864923,1066,0.9099437148217636,0.8199761459949547,0.08626047035690257,10
ens_entropy_total,0.4487615470141304,0.5811546840958606,1067,0.9090909090909091,0.8182790242806148,0.08696167773075318,10
ens_entropy_total,0.44876242655120774,0.5816993464052288,1068,0.9091760299625468,0.8184501069012651,0.08672524188502062,10
ens_entropy_total,0.4487628226280779,0.5822440087145969,1069,0.9083255378858747,0.8167580293643326,0.08742470185483481,10
ens_entropy_total,0.44915857909802626,0.5827886710239651,1070,0.908411214953271,0.8169279653619191,0.0871880461910032,10
ens_entropy_total,0.4494678008442302,0.5833333333333334,1071,0.9084967320261438,0.8170972699992681,0.08695165368807382,10
ens_entropy_total,0.44946780554747534,0.5838779956427015,1072,0.9085820895522388,0.817269125203071,0.0867157022132157,10
ens_entropy_total,0.4495967681171642,0.5844226579520697,1073,0.9086672879776329,0.8174403383345082,0.08648011607157179,10
ens_entropy_total,0.45024740321506085,0.5849673202614379,1074,0.9078212290502793,0.8157408594808732,0.08717569159362713,10
ens_entropy_total,0.45024744950044515,0.585511982570806,1075,0.9079069767441861,0.8159128766715734,0.08693974043681946,10
ens_entropy_total,0.45024756897079415,0.5860566448801743,1076,0.9079925650557621,0.8160842541436464,0.08670422778200729,10
ens_entropy_total,0.45034644864285567,0.5866013071895425,1077,0.9080779944289693,0.8162549954590651,0.08646909547352825,10
ens_entropy_total,0.45037207367748194,0.5871459694989106,1078,0.9081632653061225,0.8164251041534073,0.0862343846416914,10
ens_entropy_total,0.45037928988624654,0.5876906318082789,1079,0.9082483781278962,0.8165945837360992,0.08600010470910592,10
ens_entropy_total,0.4504303340400607,0.5882352941176471,1080,0.9074074074074074,0.8149055847098303,0.0866921552007156,10
ens_entropy_total,0.4504303537314631,0.5887799564270153,1081,0.906567992599445,0.8132198999902488,0.08738292529157259,10
ens_entropy_total,0.45043206534025193,0.5893246187363834,1082,0.9066543438077634,0.813392847995137,0.08714820314279931,10
ens_entropy_total,0.4504354445684404,0.5898692810457516,1083,0.9067405355493998,0.8135645219845681,0.08691391252256582,10
ens_entropy_total,0.45046567363768486,0.5904139433551199,1084,0.9068265682656826,0.8137355645232635,0.08606492119659645,10
ens_entropy_total,0.4504713576847078,0.590958605664488,1085,0.9059907834101383,0.8120574000169823,0.08675369929138389,10
ens_entropy_total,0.45047139441830475,0.5915032679738562,1086,0.9060773480662984,0.8122292060779887,0.08652039858413836,10
ens_entropy_total,0.45047170779938467,0.5920479302832244,1087,0.906163753449862,0.8124003830704519,0.08628752695393833,10
ens_entropy_total,0.45048275088199496,0.5925925925925926,1088,0.9053308823529411,0.8107423445089202,0.08636136003881063,10
ens_entropy_total,0.45049943119061153,0.5931372549019608,1089,0.9044995408631772,0.8090729783037475,0.08704731996041513,10
ens_entropy_total,0.4504998987709552,0.593681917211329,1090,0.9045871559633027,0.8092462399499221,0.08681458978081091,10
ens_entropy_total,0.4505067481335557,0.5942265795206971,1091,0.9046746104491292,0.8094188706626937,0.08658228233749961,10
ens_entropy_total,0.4505130714382086,0.5947712418300654,1092,0.9047619047619048,0.8095953431602667,0.08635039676832446,10
ens_entropy_total,0.45052379611790033,0.5953159041394336,1093,0.9048490393412626,0.8097673468977913,0.0861189294135248,10
ens_entropy_total,0.4505292296919726,0.5958605664488017,1094,0.9049360146252285,0.8099387265547219,0.08588788213090594,10
ens_entropy_total,0.45053618151531116,0.5964052287581699,1095,0.9050228310502283,0.8101094855214318,0.08565725290810143,10
ens_entropy_total,0.4505411605956656,0.5969498910675382,1096,0.9051094890510949,0.8102796271637817,0.08542704171902207,10
ens_entropy_total,0.45054123924437395,0.5974945533769063,1097,0.9042844120328167,0.8086230529595014,0.08550108658453559,10
ens_entropy_total,0.4505427391498155,0.5980392156862745,1098,0.9043715846994536,0.8088002626944089,0.08527143605842841,10
ens_entropy_total,0.4505431824058017,0.5985838779956427,1099,0.9044585987261147,0.8089768229515849,0.08504220320807718,10
ens_entropy_total,0.4505436984921221,0.599128540305011,1100,0.9036363636363637,0.8073396011301863,0.08572247776232052,10
ens_entropy_total,0.45054560243290376,0.5996732026143791,1101,0.9028156221616712,0.8056916750922415,0.08640151550272283,10
ens_entropy_total,0.45054566749448177,0.6002178649237473,1102,0.9029038112522686,0.8058702860397959,0.0861718798167149,10
ens_entropy_total,0.4505457101798098,0.6007625272331155,1103,0.9020852221214869,0.8042404383079003,0.08684927880418955,10
ens_entropy_total,0.4505457132856338,0.6013071895424836,1104,0.9021739130434783,0.8044152239599225,0.08661965351638833,10
ens_entropy_total,0.4505474639920025,0.6018518518518519,1105,0.9013574660633484,0.8027758264682717,0.0866920865237574,10
ens_entropy_total,0.45054750675348343,0.6023965141612201,1106,0.9005424954792043,0.8011396141788141,0.08736717672289739,10
ens_entropy_total,0.4505484114675833,0.6029411764705882,1107,0.90063233965673,0.801316399188101,0.08713770437234626,10
ens_entropy_total,0.4505490539624313,0.6034858387799564,1108,0.9007220216606499,0.8014925518989157,0.08690864587153385,10
ens_entropy_total,0.45054917819528995,0.6040305010893247,1109,0.9008115419296664,0.8016680756974703,0.08607884474064469,10
ens_entropy_total,0.45055049140183945,0.6045751633986928,1110,0.9009009009009009,0.8018429739458404,0.0858511520808506,10
ens_entropy_total,0.4505509332909089,0.605119825708061,1111,0.900990099009901,0.802024947351369,0.08562386906171042,10
ens_entropy_total,0.4505516895103038,0.6056644880174292,1112,0.9001798561151079,0.8003984527613551,0.0856967439564719,10
ens_entropy_total,0.45055176636839567,0.6062091503267973,1113,0.9002695417789758,0.8005810997312415,0.08547000761887417,10
ens_entropy_total,0.45055237640315615,0.6067538126361656,1114,0.900359066427289,0.8007566651305633,0.08524367800807071,10
ens_entropy_total,0.4505529270503764,0.6072984749455338,1115,0.8995515695067264,0.7991359371029122,0.08531669849500916,10
ens_entropy_total,0.4505530005050997,0.6078431372549019,1116,0.899641577060932,0.7993121586081329,0.08509091151913253,10
ens_entropy_total,0.45055388222738113,0.6083877995642701,1117,0.8997314234556849,0.7994877564823809,0.0848655283267105,10
ens_entropy_total,0.45055391274891676,0.6089324618736384,1118,0.8998211091234347,0.7996627340302643,0.08464054830729487,10
ens_entropy_total,0.4505539252626193,0.6094771241830066,1119,0.8990169794459338,0.7980489581187202,0.08471384731788265,10
ens_entropy_total,0.4505547100172894,0.6100217864923747,1120,0.8991071428571429,0.7982335873481492,0.08448940403568704,10
ens_entropy_total,0.450554716155655,0.6105664488017429,1121,0.8991971454058876,0.7984175508002157,0.08426536118413411,10
ens_entropy_total,0.45055482486941045,0.6111111111111112,1122,0.8992869875222816,0.7985931736515531,0.08404171763575115,10
ens_entropy_total,0.4505548311807395,0.6116557734204793,1123,0.8993766696349065,0.7987681787980229,0.0838184723804896,10
ens_entropy_total,0.4505558347428871,0.6122004357298475,1124,0.8985765124555161,0.797162658021459,0.08389217776766088,10
ens_entropy_total,0.45055585234221174,0.6127450980392157,1125,0.8986666666666666,0.7973382972940514,0.0836694617532044,10
ens_entropy_total,0.450556018717566,0.6132897603485838,1126,0.8978685612788633,0.7957474328438255,0.08433524070202995,10
ens_entropy_total,0.4505561762382801,0.6138344226579521,1127,0.8979591836734694,0.795923669579156,0.08411252661113114,10
ens_entropy_total,0.4505563971944222,0.6143790849673203,1128,0.8971631205673759,0.7943372323671148,0.08477673210435993,10
ens_entropy_total,0.450556866085257,0.6149237472766884,1129,0.8972542072630647,0.7945140569054412,0.08455402112077647,10
ens_entropy_total,0.45055688977745445,0.6154684095860566,1130,0.8964601769911504,0.7929203539823009,0.08521666005511029,10
ens_entropy_total,0.45055707754339835,0.6160130718954249,1131,0.896551724137931,0.7930977870827425,0.08499395381302252,10
ens_entropy_total,0.45055727483216645,0.616557734204793,1132,0.8966431095406361,0.7932746036998422,0.08477164093657355,10
ens_entropy_total,0.450557283754939,0.6171023965141612,1133,0.8958517210944396,0.7916864030714001,0.08543233302059144,10
ens_entropy_total,0.4505572951093115,0.6176470588235294,1134,0.8959435626102292,0.7918638183498053,0.08521002564144993,10
ens_entropy_total,0.4505572976771298,0.6181917211328976,1135,0.8960352422907489,0.7920535353849021,0.08498810999196718,10
ens_entropy_total,0.4505573387946399,0.6187363834422658,1136,0.8961267605633803,0.7922303371483129,0.08476658501656152,10
ens_entropy_total,0.450557370886822,0.619281045751634,1137,0.8953386103781882,0.7906488812419058,0.08542495716517613,10
ens_entropy_total,0.4505573736463774,0.6198257080610022,1138,0.8954305799648506,0.7908262719063845,0.08520343762133742,10
ens_entropy_total,0.45055744541326415,0.6203703703703703,1139,0.8946444249341527,0.7892587978438652,0.08586027013588055,10
ens_entropy_total,0.45055745970596217,0.6209150326797386,1140,0.8947368421052632,0.7894503546099291,0.08563875732243285,10
ens_entropy_total,0.45055776916019147,0.6214596949891068,1141,0.894829097283085,0.7896283003097497,0.08541763261884847,10
ens_entropy_total,0.450557956808326,0.6220043572984749,1142,0.8949211908931699,0.7898191745525376,0.08519689507184547,10
ens_entropy_total,0.4505580166637674,0.6225490196078431,1143,0.89501312335958,0.7899965091283232,0.08439327983840424,10
ens_entropy_total,0.45055815739064203,0.6230936819172114,1144,0.8951048951048951,0.7901867044884884,0.08417382350053301,10
ens_entropy_total,0.4505585256979039,0.6236383442265795,1145,0.8951965065502183,0.7903634310823594,0.08395475029264902,10
ens_entropy_total,0.4505585790635042,0.6241830065359477,1146,0.8952879581151832,0.7905395525661646,0.08373605938254701,10
ens_entropy_total,0.4505586194775246,0.6247276688453159,1147,0.8953792502179599,0.7907290729072908,0.08351774977733575,10
ens_entropy_total,0.45055903868799174,0.6252723311546841,1148,0.8954703832752613,0.7909045926312689,0.0832998202755583,10
ens_entropy_total,0.45055912791265174,0.6258169934640523,1149,0.8955613577023499,0.7910795134280052,0.08308227006322001,10
ens_entropy_total,0.45055919186447735,0.6263616557734205,1150,0.8956521739130435,0.7912683623339223,0.08286509816452463,10
ens_entropy_total,0.4505594293292635,0.6269063180827886,1151,0.895742832319722,0.7914426875083048,0.08264830349975881,10
ens_entropy_total,0.45056003451050974,0.6274509803921569,1152,0.8958333333333334,0.7916308682951535,0.08243188488821425,10
ens_entropy_total,0.4505600830787372,0.6279956427015251,1153,0.8959236773633998,0.7918183842602902,0.08221584165138439,10
ens_entropy_total,0.45056013223870284,0.6285403050108932,1154,0.8960138648180243,0.7919921170900526,0.0820001728131065,10
ens_entropy_total,0.4505602666669688,0.6290849673202614,1155,0.8952380952380953,0.7904455590292617,0.08265067822084746,10
ens_entropy_total,0.4505602721981567,0.6296296296296297,1156,0.8953287197231834,0.7906198357004287,0.08243500628061941,10
ens_entropy_total,0.450560302257222,0.6301742919389978,1157,0.8945548833189283,0.789077466072544,0.08308401137168236,10
ens_entropy_total,0.4505603443225632,0.630718954248366,1158,0.8946459412780656,0.789266738464384,0.0828683376749054,10
ens_entropy_total,0.4505604246728854,0.6312636165577342,1159,0.8938740293356342,0.7877172422316964,0.08351584887672135,10
ens_entropy_total,0.4505604285409403,0.6318082788671024,1160,0.8939655172413793,0.7879070763046956,0.08330017471232433,10
ens_entropy_total,0.4505604667888221,0.6323529411764706,1161,0.8940568475452196,0.7880962450196987,0.0830848720591798,10
ens_entropy_total,0.4505605473827958,0.6328976034858388,1162,0.8941480206540448,0.7882722066348071,0.08286993993549355,10
ens_entropy_total,0.45056055084168034,0.633442265795207,1163,0.8942390369733448,0.7884475744135868,0.08265537742668116,10
ens_entropy_total,0.4505605641487176,0.6339869281045751,1164,0.8943298969072165,0.7886360817984801,0.08244118357487004,10
ens_entropy_total,0.4505606187583515,0.6345315904139434,1165,0.894420600858369,0.7888108590082753,0.08222735740870081,10
ens_entropy_total,0.4505606860500324,0.6350762527233116,1166,0.8945111492281304,0.7889850483625588,0.08201389797539749,10
ens_entropy_total,0.45056074817143366,0.6356209150326797,1167,0.8937446443873179,0.7874572955252467,0.08265770236408954,10
ens_entropy_total,0.450560758859109,0.6361655773420479,1168,0.8938356164383562,0.7876463274450466,0.08244423995875926,10
ens_entropy_total,0.4505608064339403,0.6367102396514162,1169,0.8939264328485885,0.787821036391687,0.08223114273328429,10
ens_entropy_total,0.4505608289983736,0.6372549019607843,1170,0.8931623931623932,0.7862873175222481,0.0823033096460264,10
ens_entropy_total,0.4505608317591077,0.6377995642701525,1171,0.8932536293766012,0.7864625654835976,0.08209069671519553,10
ens_entropy_total,0.4505608624697449,0.6383442265795207,1172,0.8924914675767918,0.784943480527651,0.08273168890960365,10
ens_entropy_total,0.4505608646536373,0.6388888888888888,1173,0.8925831202046036,0.7851192328158485,0.08251907327302649,10
ens_entropy_total,0.4505608654317047,0.6394335511982571,1174,0.8918228279386712,0.7836042066397099,0.08315860859964333,10
ens_entropy_total,0.45056087129947053,0.6399782135076253,1175,0.8919148936170213,0.7837804551151553,0.0829459915226013,10
ens_entropy_total,0.45056088856794607,0.6405228758169934,1176,0.8920068027210885,0.7839723673476473,0.08273373603010402,10
ens_entropy_total,0.45056089467470606,0.6410675381263616,1177,0.8912489379779099,0.7824506074967438,0.08280504676537877,10
ens_entropy_total,0.4505609821752985,0.6416122004357299,1178,0.8913412563667232,0.7826273739811378,0.08259327123687196,10
ens_entropy_total,0.4505610047306811,0.6421568627450981,1179,0.8914334181509754,0.7828198080216444,0.08238185494249797,10
ens_entropy_total,0.4505610061995775,0.6427015250544662,1180,0.8915254237288136,0.7829959886440698,0.08217079698005282,10
ens_entropy_total,0.4505610174711763,0.6432461873638344,1181,0.8916172734970365,0.783171586022508,0.08196009643413729,10
ens_entropy_total,0.45056104294677646,0.6437908496732027,1182,0.8917089678510999,0.7833633549355229,0.08174975239013625,10
ens_entropy_total,0.4505610439937735,0.6443355119825708,1183,0.8918005071851226,0.7835544615877209,0.08153976395681778,10
ens_entropy_total,0.4505610475031809,0.644880174291939,1184,0.8918918918918919,0.7837449094037974,0.08133013023184907,10
ens_entropy_total,0.45056107192283124,0.6454248366013072,1185,0.8919831223628693,0.7839347017848749,0.08112085030627036,10
ens_entropy_total,0.45056107789690825,0.6459694989106753,1186,0.8920741989881956,0.7841097199547195,0.08091192329480569,10
ens_entropy_total,0.45056108541715884,0.6465141612200436,1187,0.8921651221566975,0.7842988605614567,0.08070334830469765,10
ens_entropy_total,0.45056109833722663,0.6470588235294118,1188,0.8914141414141414,0.7827913463500918,0.08077570794248082,10
ens_entropy_total,0.4505611024531634,0.6476034858387799,1189,0.8915054667788057,0.7829668735858908,0.08056759834745059,10
ens_entropy_total,0.4505611222659802,0.6481481481481481,1190,0.8915966386554622,0.783141823072207,0.08035983850610075,10
ens_entropy_total,0.45056112863391673,0.6486928104575164,1191,0.8916876574307305,0.7833314765116762,0.08015242754445373,10
ens_entropy_total,0.4505611416010687,0.6492374727668845,1192,0.8917785234899329,0.7835058513454153,0.07994536458101674,10
ens_entropy_total,0.45056114392283764,0.6497821350762527,1193,0.8910310142497905,0.7820159274969992,0.08057687171354312,10
ens_entropy_total,0.45056116686642644,0.6503267973856209,1194,0.8911222780569514,0.7821907774169921,0.0803698000952146,10
ens_entropy_total,0.45056116921483036,0.650871459694989,1195,0.891213389121339,0.7823809083548362,0.08016307503904307,10
ens_entropy_total,0.45056117175755755,0.6514161220043573,1196,0.8913043478260869,0.7825703905286385,0.07995669567562438,10
ens_entropy_total,0.45056118213770135,0.6519607843137255,1197,0.8913951545530493,0.7827446687906804,0.07975066113449249,10
ens_entropy_total,0.4505611919428097,0.6525054466230937,1198,0.8914858096828047,0.7829335057897406,0.07954497055245077,10
ens_entropy_total,0.4505611948474262,0.6530501089324618,1199,0.890742285237698,0.7814409377491627,0.0796176325102521,10
ens_entropy_total,0.4505611951473853,0.6535947712418301,1200,0.8908333333333334,0.7816157103324111,0.07941239560137467,10
ens_entropy_total,0.4505611965554144,0.6541394335511983,1201,0.8900915903413822,0.7801269319959613,0.07948504694476861,10
ens_entropy_total,0.4505612013821468,0.6546840958605664,1202,0.889351081530782,0.7786408788676852,0.07955757740655874,10
ens_entropy_total,0.4505612032753278,0.6552287581699346,1203,0.8894430590191189,0.7788171898824822,0.07965633898549705,10
ens_entropy_total,0.4505612033846646,0.6557734204793029,1204,0.8895348837209303,0.7789929280828536,0.07945184445619545,10
ens_entropy_total,0.4505612084611955,0.656318082788671,1205,0.8896265560165975,0.779184526589757,0.07924768901642126,10
ens_entropy_total,0.45056120906811176,0.6568627450980392,1206,0.8888888888888888,0.7777044147140628,0.07987303097919732,10
ens_entropy_total,0.4505612108676552,0.6574074074074074,1207,0.8889809444904723,0.7778964859037916,0.07966883585518286,10
ens_entropy_total,0.45056121687246403,0.6579520697167756,1208,0.8890728476821192,0.77807269616338,0.07946497176084708,10
ens_entropy_total,0.45056121897917284,0.6584967320261438,1209,0.8891645988420182,0.7782483362397238,0.07926143841327542,10
ens_entropy_total,0.45056121970176755,0.659041394335512,1210,0.8884297520661157,0.7767826640684998,0.07958254107200204,10
ens_entropy_total,0.45056122602436344,0.6595860566448801,1211,0.8885218827415359,0.7769751785385417,0.07937919737390163,10
ens_entropy_total,0.4505612273742281,0.6601307189542484,1212,0.8877887788778878,0.7755042003072598,0.08000127173401698,10
ens_entropy_total,0.4505612296038085,0.6606753812636166,1213,0.887881286067601,0.77568131321235,0.07924831658794738,10
ens_entropy_total,0.4505612373774013,0.6612200435729847,1214,0.8879736408566722,0.7758578557813969,0.0790457506892904,10
ens_entropy_total,0.45056123813900356,0.6617647058823529,1215,0.8872427983539095,0.7744001691439663,0.07966656349954218,10
ens_entropy_total,0.4505612392062418,0.6623093681917211,1216,0.8865131578947368,0.7729452388426442,0.08028635523554754,10
ens_entropy_total,0.45056125159301086,0.6628540305010894,1217,0.885784716516023,0.7714831850756148,0.08090512840855506,10
ens_entropy_total,0.4505612551877454,0.6633986928104575,1218,0.8858784893267652,0.7716794109317473,0.08070186746942837,10
ens_entropy_total,0.45056126010447994,0.6639433551198257,1219,0.8859721082854799,0.7718749789634536,0.08049894001580066,10
ens_entropy_total,0.45056126187273304,0.664488017429194,1220,0.8860655737704918,0.7720698924731182,0.08029634522922914,10
ens_entropy_total,0.4505612619196503,0.6650326797385621,1221,0.8853398853398854,0.7706137631742096,0.08091308311222685,10
ens_entropy_total,0.4505612691304135,0.6655773420479303,1222,0.8846153846153846,0.7691602783441897,0.08098325792482801,10
ens_entropy_total,0.45056127365429555,0.6661220043572985,1223,0.884709730171709,0.7693567004297402,0.08078076408603281,10
ens_entropy_total,0.4505612820097704,0.6666666666666666,1224,0.8848039215686274,0.7695524683939816,0.08057860111528173,10
ens_entropy_total,0.4505612853517817,0.6672113289760349,1225,0.8848979591836734,0.769733465403028,0.07983255059534254,10
ens_entropy_total,0.4505612866142905,0.6677559912854031,1226,0.8841761827079935,0.7682857682857683,0.08044715152065296,10
ens_entropy_total,0.45056130146793216,0.6683006535947712,1227,0.8834555827220864,0.7668481358986181,0.08106075064394229,10
ens_entropy_total,0.450561305869778,0.6688453159041394,1228,0.8827361563517915,0.7654051070875166,0.08113046235102239,10
ens_entropy_total,0.4505613280130931,0.6693899782135077,1229,0.8820179007323027,0.7639646990104544,0.08174250693763932,10
ens_entropy_total,0.450561329470311,0.6699346405228758,1230,0.8821138211382114,0.7641490720684264,0.0815405481989891,10
ens_entropy_total,0.4505613297276272,0.670479302832244,1231,0.8813972380178716,0.7627191592733418,0.08215126526644558,10
ens_entropy_total,0.4505613367629422,0.6710239651416122,1232,0.8814935064935064,0.762903910387717,0.08194930259485485,10
ens_entropy_total,0.45056134622410915,0.6715686274509803,1233,0.8815896188158961,0.7631042868572872,0.08174766751407078,10
ens_entropy_total,0.45056140529540917,0.6721132897603486,1234,0.8808752025931929,0.7616715235059636,0.08235673197417694,10
ens_entropy_total,0.4505614066005794,0.6726579520697168,1235,0.8809716599190284,0.7618722823770143,0.08215509349522948,10
ens_entropy_total,0.450561407545652,0.673202614379085,1236,0.8802588996763754,0.7604431581566506,0.08222346865430545,10
ens_entropy_total,0.4505615002704652,0.6737472766884531,1237,0.8795472918350848,0.7590229284689817,0.08283067130880781,10
ens_entropy_total,0.4505615041228346,0.6742919389978214,1238,0.8788368336025848,0.7575983834670872,0.08289839035469725,10
ens_entropy_total,0.45056151162387736,0.6748366013071896,1239,0.8789346246973365,0.7577864141441786,0.08269696562093189,10
ens_entropy_total,0.45056152944850203,0.6753812636165577,1240,0.8782258064516129,0.756371755570244,0.08330231736974107,10
ens_entropy_total,0.45056155878527593,0.6759259259259259,1241,0.878323932312651,0.7565759476652122,0.08310089174407354,10
ens_entropy_total,0.45056157324916735,0.6764705882352942,1242,0.8776167471819646,0.7551649275159326,0.08370494344712129,10
ens_entropy_total,0.45056157657519136,0.6770152505446623,1243,0.8777152051488335,0.7553694525152397,0.0835035179937148,10
ens_entropy_total,0.4505616354810915,0.6775599128540305,1244,0.8778135048231511,0.7555733081005898,0.08330241634602088,10
ens_entropy_total,0.4505616454547318,0.6781045751633987,1245,0.8771084337349397,0.7541669086474243,0.08390485059961086,10
ens_entropy_total,0.45056167058310925,0.6786492374727668,1246,0.877207062600321,0.754357165130309,0.08370374963320057,10
ens_entropy_total,0.45056171406804857,0.6791938997821351,1247,0.8773055332798717,0.7545613477636114,0.08350297118075502,10
ens_entropy_total,0.450561743973617,0.6797385620915033,1248,0.8774038461538461,0.7547510056873353,0.08330251447376098,10
ens_entropy_total,0.4505617986113166,0.6802832244008714,1249,0.877502001601281,0.7549400677355773,0.08256861897225773,10
ens_entropy_total,0.4505618343983136,0.6808278867102396,1250,0.8776,0.755143585082003,0.08236923043281437,10
ens_entropy_total,0.45056190130370455,0.6813725490196079,1251,0.876898481215028,0.7537445643420841,0.08296952113838156,10
ens_entropy_total,0.45056195542706345,0.681917211328976,1252,0.8769968051118211,0.7539339580020471,0.08277013084152071,10
ens_entropy_total,0.4505619574701578,0.6824618736383442,1253,0.8770949720670391,0.7541227589546248,0.08257105880429609,10
ens_entropy_total,0.450561966961445,0.6830065359477124,1254,0.8771929824561403,0.7543265976989267,0.08237230426163068,10
ens_entropy_total,0.45056201582412847,0.6835511982570807,1255,0.8772908366533865,0.7545148088779599,0.0821738664350809,10
ens_entropy_total,0.45056203163003844,0.6840958605664488,1256,0.8773885350318471,0.7547024328876082,0.08197574458451228,10
ens_entropy_total,0.450562033341954,0.684640522875817,1257,0.8774860779634049,0.7549056102100505,0.08177793796277222,10
ens_entropy_total,0.45056203968507336,0.6851851851851852,1258,0.8775834658187599,0.7551081290165997,0.08158044581583525,10
ens_entropy_total,0.45056214846380704,0.6857298474945533,1259,0.8768864177918984,0.75370959579068,0.08217754851933957,10
ens_entropy_total,0.4505621658006256,0.6862745098039216,1260,0.8761904761904762,0.7523135547087643,0.08224460384689895,10
ens_entropy_total,0.4505622358081418,0.6868191721132898,1261,0.8762886597938144,0.7525024533856722,0.08204721137379081,10
ens_entropy_total,0.4505626279410223,0.6873638344226579,1262,0.875594294770206,0.7511098270252615,0.08264252455939868,10
ens_entropy_total,0.4505626611210777,0.6879084967320261,1263,0.8749010292953285,0.7497196866510644,0.08323689503163582,10
ens_entropy_total,0.45056275046940386,0.6884531590413944,1264,0.8742088607594937,0.7483383337757765,0.08383032500034451,10
ens_entropy_total,0.4505628104506997,0.6889978213507625,1265,0.8743083003952569,0.7485451033586077,0.08363230287640017,10
ens_entropy_total,0.45056286059392137,0.6895424836601307,1266,0.8744075829383886,0.7487361538634372,0.08343459355900563,10
ens_entropy_total,0.45056286932470163,0.6900871459694989,1267,0.8737174427782163,0.7473522586498701,0.08402646231044303,10
ens_entropy_total,0.4505628859044974,0.690631808278867,1268,0.8730283911671924,0.7459771545180798,0.0846173975068295,10
ens_entropy_total,0.4505629056513448,0.6911764705882353,1269,0.8731284475965327,0.7461851809981453,0.08441937928898254,10
ens_entropy_total,0.4505629158735186,0.6917211328976035,1270,0.8724409448818897,0.7448135404857646,0.08500907448065068,10
ens_entropy_total,0.45056292789725705,0.6922657952069716,1271,0.8725413060582219,0.7450066874721355,0.0848110596818751,10
ens_entropy_total,0.45056302658443664,0.6928104575163399,1272,0.8718553459119497,0.7436384408801578,0.08539951970092921,10
ens_entropy_total,0.4505630917691579,0.6933551198257081,1273,0.8711704634721131,0.7422726992160977,0.08546335969847998,10
ens_entropy_total,0.4505633823610087,0.6938997821350763,1274,0.8712715855572999,0.7424670096561314,0.08526545437914129,10
ens_entropy_total,0.4505637901442314,0.6944444444444444,1275,0.8713725490196078,0.742660723208286,0.08454498599963658,10
ens_entropy_total,0.45056393872768413,0.6949891067538126,1276,0.8714733542319749,0.7428538426186481,0.08382564695326647,10
ens_entropy_total,0.4505639557255434,0.6955337690631809,1277,0.8707909162098669,0.7414843379052019,0.08389051987921753,10
ens_entropy_total,0.4505643519342815,0.696078431372549,1278,0.8708920187793427,0.7416777531954929,0.08369446421454436,10
ens_entropy_total,0.4505645349405578,0.6966230936819172,1279,0.870992963252541,0.7418705775146626,0.08349871503745526,10
ens_entropy_total,0.4505646344515917,0.6971677559912854,1280,0.8703125,0.7405052624379903,0.08408452167015057,10
ens_entropy_total,0.45056478124710087,0.6977124183006536,1281,0.8704137392661982,0.7406983777034211,0.08388877349841531,10
ens_entropy_total,0.4505661618437161,0.6982570806100218,1282,0.8697347893915757,0.7393363544053513,0.08447336123816244,10
ens_entropy_total,0.45056628980831487,0.69880174291939,1283,0.8698363211223694,0.7395297552981851,0.08427761440660057,10
ens_entropy_total,0.45056763467776406,0.6993464052287581,1284,0.8699376947040498,0.7397427868160036,0.0840821718258451,10
ens_entropy_total,0.4505686410386455,0.6998910675381264,1285,0.8700389105058366,0.7399356004464583,0.08388703294926256,10
ens_entropy_total,0.45056875684843045,0.7004357298474946,1286,0.8693623639191291,0.7385856268558113,0.08446980247532,10
ens_entropy_total,0.45056909693017444,0.7009803921568627,1287,0.8694638694638694,0.7387989021184475,0.08427466543544018,10
ens_entropy_total,0.4505692402171863,0.7015250544662309,1288,0.8695652173913043,0.739011499299235,0.08407983133426265,10
ens_entropy_total,0.45057021578989553,0.7020697167755992,1289,0.86966640806827,0.7392234216268552,0.08388529906553709,10
ens_entropy_total,0.45057087506175586,0.7026143790849673,1290,0.8697674418604651,0.739416500735867,0.08369106807967835,10
ens_entropy_total,0.4505709526750538,0.7031590413943355,1291,0.8698683191324554,0.7396277515270254,0.08349713795652025,10
ens_entropy_total,0.4505715052311769,0.7037037037037037,1292,0.8691950464396285,0.7382847334758889,0.08356151560844975,10
ens_entropy_total,0.45057243668402014,0.704248366013072,1293,0.868522815158546,0.7369441432643771,0.08414138014161336,10
ens_entropy_total,0.4505735475865682,0.7047930283224401,1294,0.8686244204018547,0.7371383232202049,0.08394755037853943,10
ens_entropy_total,0.45057580562354116,0.7053376906318083,1295,0.8679536679536679,0.7357921701085847,0.08452621965521555,10
ens_entropy_total,0.45057687539299557,0.7058823529411765,1296,0.8672839506172839,0.7344483756834994,0.08458960714085112,10
ens_entropy_total,0.4505827477583043,0.7064270152505446,1297,0.866615265998458,0.7331145575499649,0.08516688573986872,10
ens_entropy_total,0.4505884913545817,0.7069716775599129,1298,0.8667180277349769,0.7333106889974655,0.08497285607529832,10
ens_entropy_total,0.45059038948317043,0.7075163398692811,1299,0.8668206312548113,0.7335062310781917,0.08477912423972173,10
ens_entropy_total,0.4505904634659048,0.7080610021786492,1300,0.8669230769230769,0.7337011864446917,0.08458569041776003,10
ens_entropy_total,0.45059752326374436,0.7086056644880174,1301,0.8670253651037664,0.733916320771558,0.08439255058561017,10
ens_entropy_total,0.45059931819343013,0.7091503267973857,1302,0.8671274961597543,0.7341307781106367,0.0841997065785727,10
ens_entropy_total,0.45061089997973935,0.7096949891067538,1303,0.8672294704528012,0.7343445616524402,0.0840071530481027,10
ens_entropy_total,0.4506115575856594,0.710239651416122,1304,0.8665644171779141,0.7330101314380523,0.08458176569739545,10
ens_entropy_total,0.4506165291465595,0.7107843137254902,1305,0.8666666666666667,0.7332241495176018,0.08438921182197036,10
ens_entropy_total,0.4506223690633013,0.7113289760348583,1306,0.8667687595712098,0.7334193608934353,0.08368654372016499,10
ens_entropy_total,0.4506596680057894,0.7118736383442266,1307,0.8661055853098699,0.7320889971712533,0.0842600598679365,10
ens_entropy_total,0.45066318433833336,0.7124183006535948,1308,0.8662079510703364,0.7323032446390481,0.0840681714150012,10
ens_entropy_total,0.4507030292745417,0.7129629629629629,1309,0.865546218487395,0.7309760967805972,0.08413133920002673,10
ens_entropy_total,0.45077643734498596,0.7135076252723311,1310,0.8656488549618321,0.7311723896694456,0.08393978822685379,10
ens_entropy_total,0.45085220985799757,0.7140522875816994,1311,0.8657513348588863,0.7313680975166776,0.08374849353796042,10
ens_entropy_total,0.4511460191170551,0.7145969498910676,1312,0.8650914634146342,0.7300449181151132,0.0843195462674697,10
ens_entropy_total,0.45131176391149286,0.7151416122004357,1313,0.8644325971058644,0.7287240463544181,0.08438261858550461,10
ens_entropy_total,0.4515235708110181,0.7156862745098039,1314,0.8637747336377474,0.7274105356848984,0.08495214062851804,10
ens_entropy_total,0.45219652755366013,0.7162309368191722,1315,0.8638783269961977,0.727627652299286,0.08476002108173525,10
ens_entropy_total,0.4522037209024875,0.7167755991285403,1316,0.8639817629179332,0.7278252269240013,0.0845681900981469,10
ens_entropy_total,0.4528471247108226,0.7173202614379085,1317,0.8633257403189066,0.7265157230963044,0.08513564666079765,10
ens_entropy_total,0.4553537093486901,0.7178649237472767,1318,0.862670713201821,0.7252085488318732,0.0857010487344676,10
ens_entropy_total,0.45833938293858956,0.7184095860566448,1319,0.8627748294162244,0.725407135027702,0.08550601192533273,10
ens_entropy_total,0.45869932268709784,0.7189542483660131,1320,0.8628787878787879,0.725625301453869,0.08531109736989656,10
ens_entropy_total,0.4604382071366535,0.7194989106753813,1321,0.8629825889477668,0.7258427919658857,0.08511563903859638,10
ens_entropy_total,0.46425267629136524,0.7200435729847494,1322,0.8623298033282905,0.7245335122423698,0.08567505259900736,10
ens_entropy_total,0.46825610628335,0.7205882352941176,1323,0.8624338624338624,0.724732318624862,0.08547579672677726,10
ens_entropy_total,0.46931178098407356,0.7211328976034859,1324,0.8625377643504532,0.7249305385913203,0.08527632002920676,10
ens_entropy_total,0.47269192245518415,0.721677559912854,1325,0.8618867924528302,0.7236251354946366,0.08583018096961653,10
ens_entropy_total,0.48451839118835993,0.7222222222222222,1326,0.8619909502262444,0.7238235715895357,0.08562304846110251,10
ens_entropy_total,0.49631493939382176,0.7227668845315904,1327,0.8613413715146948,0.7225269043262839,0.08616359558741873,10
ens_entropy_total,0.5159209860973205,0.7233115468409586,1328,0.8606927710843374,0.721226205281361,0.08669247269090295,10
ens_entropy_total,0.5387447646041268,0.7238562091503268,1329,0.8600451467268623,0.719927759548973,0.08679997310101566,10
ens_entropy_total,0.575826449021147,0.724400871459695,1330,0.8593984962406015,0.7186315658479744,0.08693220276649469,10
ens_entropy_total,0.5846437027416803,0.7249455337690632,1331,0.859504132231405,0.7188325706287766,0.0866629844891637,10
ens_entropy_total,0.6129361943500418,0.7254901960784313,1332,0.8596096096096096,0.7190329872626122,0.08637084838623448,10
ens_entropy_total,0.6188114819463612,0.7260348583877996,1333,0.859714928732183,0.7192328183271177,0.08578815379382382,10
ens_entropy_total,0.6249260686905113,0.7265795206971678,1334,0.8598200899550225,0.7194320663848892,0.08521218198414328,10
ens_entropy_total,0.6249520227853975,0.7271241830065359,1335,0.8591760299625468,0.7181412460721931,0.08565960681746018,10
ens_entropy_total,0.6273950288540756,0.7276688453159041,1336,0.8592814371257484,0.7183406897046685,0.08535544637602133,10
ens_entropy_total,0.6293403502018837,0.7282135076252724,1337,0.8586387434554974,0.7170528790975003,0.0855334239062499,10
ens_entropy_total,0.6308942229391862,0.7287581699346405,1338,0.8579970104633782,0.7157673008291519,0.08597366119280811,10
ens_entropy_total,0.6322775750390897,0.7293028322440087,1339,0.8581030619865572,0.7159918015950274,0.08566498912106962,10
ens_entropy_total,0.6330681247795704,0.7298474945533769,1340,0.8582089552238806,0.7161922045378035,0.08535595579169951,10
ens_entropy_total,0.6330745860579217,0.7303921568627451,1341,0.8583146905294556,0.7163920266076572,0.08504737662550194,10
ens_entropy_total,0.6338271977043837,0.7309368191721133,1342,0.8584202682563339,0.7165912703264459,0.08473847058297107,10
ens_entropy_total,0.6344150627175298,0.7314814814814815,1343,0.8585256887565152,0.716789938201449,0.08442940678820204,10
ens_entropy_total,0.6355187077040407,0.7320261437908496,1344,0.8586309523809523,0.7170137503657011,0.08411963503810582,10
ens_entropy_total,0.6355205787421861,0.7325708061002179,1345,0.857992565055762,0.7157376414285318,0.08430386319038544,10
ens_entropy_total,0.6355326731685014,0.7331154684095861,1346,0.8573551263001485,0.7144606028731605,0.08473757221545195,10
ens_entropy_total,0.6357382555157782,0.7336601307189542,1347,0.8574610244988864,0.7146602057433371,0.08442802838433199,10
ens_entropy_total,0.6357390394346583,0.7342047930283224,1348,0.857566765578635,0.714884991627743,0.08411894298410197,10
ens_entropy_total,0.6359097560163982,0.7347494553376906,1349,0.8576723498888065,0.7151090911490757,0.08381013442289655,10
ens_entropy_total,0.6360421433421815,0.7352941176470589,1350,0.8577777777777778,0.7153325074461635,0.08350164258665065,10
ens_entropy_total,0.6364098141567215,0.735838779956427,1351,0.8571428571428571,0.7140609047432619,0.08368645473547151,10
ens_entropy_total,0.6364303194864506,0.7363834422657952,1352,0.856508875739645,0.7127914921947545,0.08411774255553431,10
ens_entropy_total,0.6364499616354442,0.7369281045751634,1353,0.8566149297856614,0.7129920200842822,0.0838092736175469,10
ens_entropy_total,0.6364577970146986,0.7374727668845316,1354,0.8567208271787297,0.713216396743011,0.08350125197659888,10
ens_entropy_total,0.6364696098369522,0.7380174291938998,1355,0.8568265682656827,0.7134163492336911,0.08319367240873705,10
ens_entropy_total,0.6364699989848217,0.738562091503268,1356,0.8569321533923304,0.7136157287958458,0.08288654608419903,10
ens_entropy_total,0.6364706337978461,0.7391067538126361,1357,0.8563006632277081,0.7123515503981303,0.0833167914156547,10
ens_entropy_total,0.636479562559628,0.7396514161220044,1358,0.8556701030927835,0.7110895469573919,0.0837463936193992,10
ens_entropy_total,0.6364811711397195,0.7401960784313726,1359,0.8550404709345106,0.7098297170838929,0.08393001344444417,10
ens_entropy_total,0.6364952583652036,0.7407407407407407,1360,0.8551470588235294,0.7100307372613532,0.08362322221802383,10
ens_entropy_total,0.6364988436265211,0.7412854030501089,1361,0.855253490080823,0.7102311843238635,0.08331687802381742,10
ens_entropy_total,0.6364988774812788,0.7418300653594772,1362,0.855359765051395,0.7104310607188878,0.08301098363838735,10
ens_entropy_total,0.6365002742833882,0.7423747276688453,1363,0.855465884079237,0.7106571853754783,0.08270553662924984,10
ens_entropy_total,0.6365006045876126,0.7429193899782135,1364,0.8548387096774194,0.7094025187008807,0.08288926700289631,10
ens_entropy_total,0.6365043044865257,0.7434640522875817,1365,0.8549450549450549,0.7096025529445894,0.08234013135199549,10
ens_entropy_total,0.636505021149945,0.7440087145969498,1366,0.8543191800878477,0.7083495162297463,0.08252386488494282,10
ens_entropy_total,0.6365052265645258,0.7445533769063181,1367,0.8536942209217264,0.707099254142285,0.08295119165994763,10
ens_entropy_total,0.6365055624535967,0.7450980392156863,1368,0.8538011695906432,0.7073001649645999,0.08264689918195846,10
ens_entropy_total,0.636505564991612,0.7456427015250545,1369,0.8531775018261505,0.706052769044895,0.08283000657619412,10
ens_entropy_total,0.6365059789347378,0.7461873638344226,1370,0.8525547445255475,0.7048075179468581,0.08301284709623868,10
ens_entropy_total,0.6365062404703645,0.7467320261437909,1371,0.8519328956965718,0.7035644102187215,0.08319542116569792,10
ens_entropy_total,0.6365062767050816,0.7472766884531591,1372,0.8513119533527697,0.7023202783993736,0.08362070005071078,10
ens_entropy_total,0.6365067959320978,0.7478213507625272,1373,0.8514202476329206,0.7025234716852882,0.08331702678218925,10
ens_entropy_total,0.636507031761318,0.7483660130718954,1374,0.8508005822416302,0.7012847080083737,0.08349898166650781,10
ens_entropy_total,0.6365075524615993,0.7489106753812637,1375,0.8501818181818181,0.7000480770249005,0.08392311056056904,10
ens_entropy_total,0.6365076382036008,0.7494553376906318,1376,0.8502906976744186,0.7002521022621525,0.08361987871227564,10
ens_entropy_total,0.636507775591427,0.75,1377,0.8496732026143791,0.6990183003513084,0.08380121802394999,10
ens_entropy_total,0.6365080687787087,0.7505446623093682,1378,0.8490566037735849,0.6977866252783589,0.08398229445052413,10
ens_entropy_total,0.636510208004656,0.7510893246187363,1379,0.8484408992023206,0.696557075519871,0.08416311049512003,10
ens_entropy_total,0.6365102420655145,0.7516339869281046,1380,0.8485507246376811,0.6967626080812838,0.083860580944699,10
ens_entropy_total,0.6365103333580016,0.7521786492374728,1381,0.8486603910209993,0.6969675653485835,0.08355848943004793,10
ens_entropy_total,0.6365104354954625,0.7527233115468409,1382,0.8480463096960926,0.6957415134296439,0.0837392198632652,10
ens_entropy_total,0.6365111612047711,0.7532679738562091,1383,0.8481561822125814,0.6959465825790364,0.08319662389451417,10
ens_entropy_total,0.6365112257722069,0.7538126361655774,1384,0.8475433526011561,0.6947233291657433,0.08337735544388886,10
ens_entropy_total,0.636511253334249,0.7543572984749455,1385,0.8469314079422383,0.6935021879279821,0.0835578260377861,10
ens_entropy_total,0.6365112540623328,0.7549019607843137,1386,0.847041847041847,0.6937080431972648,0.08325704179891184,10
ens_entropy_total,0.6365113738338083,0.7554466230936819,1387,0.8471521268925739,0.6939133258939725,0.08271635849684421,10
ens_entropy_total,0.636511616164944,0.7559912854030502,1388,0.8465417867435159,0.6926956434968443,0.08289691562431925,10
ens_entropy_total,0.6365117185698432,0.7565359477124183,1389,0.8466522678185745,0.6929010279294119,0.08259725636240983,10
ens_entropy_total,0.6365117835278609,0.7570806100217865,1390,0.8467625899280575,0.6931058430856301,0.08229802819748704,10
ens_entropy_total,0.6365117952645476,0.7576252723311547,1391,0.8461538461538461,0.6918916009580451,0.08271813751595579,10
ens_entropy_total,0.636511902053819,0.7581699346405228,1392,0.8462643678160919,0.6920965154547108,0.0821797840147758,10
ens_entropy_total,0.6365122821506726,0.7587145969498911,1393,0.8456568557071069,0.6908850331155902,0.08236007893811528,10
ens_entropy_total,0.6365122910299712,0.7592592592592593,1394,0.8450502152080345,0.689675642695777,0.08254011519787018,10
ens_entropy_total,0.6365123559020265,0.7598039215686274,1395,0.8444444444444444,0.6884683425628718,0.08271989340821251,10
ens_entropy_total,0.6365125049928612,0.7603485838779956,1396,0.8445558739255015,0.6886746690783524,0.08242186272975782,10
ens_entropy_total,0.636512624855688,0.7608932461873639,1397,0.8446671438797423,0.688880427676648,0.08212425859993162,10
ens_entropy_total,0.6365126394755828,0.761437908496732,1398,0.8447782546494993,0.6890856206993385,0.08182708021199946,10
ens_entropy_total,0.6365126446090306,0.7619825708061002,1399,0.8448892065761258,0.6892902504751484,0.0815303266627878,10
ens_entropy_total,0.6365126925560222,0.7625272331154684,1400,0.845,0.6895311286432572,0.08123399699780941,10
ens_entropy_total,0.6365127102161948,0.7630718954248366,1401,0.8443968593861527,0.6883292616471653,0.08141393792056968,10
ens_entropy_total,0.6365127158686847,0.7636165577342048,1402,0.8437945791726106,0.6871294675337645,0.08159362215738783,10
ens_entropy_total,0.6365127258519538,0.764161220043573,1403,0.8439059158945118,0.6873710975695374,0.08129788097812933,10
ens_entropy_total,0.6365127685112542,0.7647058823529411,1404,0.8433048433048433,0.6861741038771032,0.08171481175101826,10
ens_entropy_total,0.6365127934572511,0.7652505446623094,1405,0.8434163701067615,0.6863801101474449,0.081182154482779,10
ens_entropy_total,0.6365128056060799,0.7657952069716776,1406,0.8435277382645804,0.6865855536731865,0.08148035469371948,10
ens_entropy_total,0.636512839833278,0.7663398692810458,1407,0.8429282160625444,0.6853919056055315,0.08106675699906413,10
ens_entropy_total,0.6365129496138481,0.7668845315904139,1408,0.8430397727272727,0.6855974263220007,0.08089108098247522,10
ens_entropy_total,0.6365129680395296,0.7674291938997821,1409,0.8431511710432931,0.685839792812398,0.08083364367384303,10
ens_entropy_total,0.6365129758769934,0.7679738562091504,1410,0.8425531914893617,0.6846495602502494,0.08065786917293033,10
ens_entropy_total,0.6365129842368453,0.7685185185185185,1411,0.8426647767540751,0.6848551554284772,0.08048276509051461,10
ens_entropy_total,0.6365130212848242,0.7690631808278867,1412,0.8427762039660056,0.685060192059993,0.08089791066866821,10
ens_entropy_total,0.6365130924288644,0.7696078431372549,1413,0.8428874734607219,0.6852646724178412,0.0808406132753762,10
ens_entropy_total,0.6365131350346822,0.7701525054466231,1414,0.8422913719943423,0.6840783807666952,0.0817263499369851,10
ens_entropy_total,0.6365131495716618,0.7706971677559913,1415,0.841696113074205,0.6828941313003983,0.08096182939297937,10
ens_entropy_total,0.6365131590411133,0.7712418300653595,1416,0.8411016949152542,0.6817119223161302,0.08184618715500429,10
ens_entropy_total,0.6365131717031277,0.7717864923747276,1417,0.8412138320395202,0.6819177221188526,0.08178833650946037,10
ens_entropy_total,0.6365131913844024,0.7723311546840959,1418,0.840620592383639,0.6807222673871807,0.08126032442781123,10
ens_entropy_total,0.636513224042512,0.7728758169934641,1419,0.8407329105003524,0.6809675211498516,0.08120280261584423,10
ens_entropy_total,0.6365133005386796,0.7734204793028322,1420,0.8408450704225352,0.6811734153547805,0.082788298718141,10
ens_entropy_total,0.6365133084514503,0.7739651416122004,1421,0.840253342716397,0.6799965476567221,0.08366750264118507,10
ens_entropy_total,0.6365133099987803,0.7745098039215687,1422,0.8396624472573839,0.6788217043205363,0.08337425397893468,10
ens_entropy_total,0.6365133220923938,0.7750544662309368,1423,0.8397751229796205,0.6790282721518612,0.08354847991478374,10
ens_entropy_total,0.6365133601642905,0.775599128540305,1424,0.8398876404494382,0.6792342848787466,0.0837224548066322,10
ens_entropy_total,0.6365133699127189,0.7761437908496732,1425,0.84,0.6794397447357672,0.08506521038061648,10
ens_entropy_total,0.6365133946568137,0.7766884531590414,1426,0.8401122019635343,0.6796446539455195,0.0864038766964289,10
ens_entropy_total,0.6365133957478406,0.7772331154684096,1427,0.8402242466713384,0.6798490147187033,0.08657007073951732,10
ens_entropy_total,0.6365133996239605,0.7777777777777778,1428,0.8396358543417367,0.6786792334177056,0.08580200333835433,10
ens_entropy_total,0.6365134622789472,0.778322440087146,1429,0.8390482855143457,0.6775114603284248,0.08526672479765118,10
ens_entropy_total,0.6365134866348414,0.7788671023965141,1430,0.8391608391608392,0.6777164806522101,0.08682667001240446,10
ens_entropy_total,0.6365135250209868,0.7794117647058824,1431,0.8385744234800838,0.6765513131746036,0.08628436392713304,10
ens_entropy_total,0.6365135258051549,0.7799564270152506,1432,0.8386871508379888,0.6767563848998194,0.0864568835098791,10
ens_entropy_total,0.636513537159028,0.7805010893246187,1433,0.8387997208653175,0.6769609110825937,0.08637985129604557,10
ens_entropy_total,0.636513539778174,0.7810457516339869,1434,0.8382147838214784,0.675798935467336,0.087229622463598,10
ens_entropy_total,0.6365135622986422,0.7815904139433552,1435,0.8383275261324041,0.6760035112919958,0.08713794844684858,10
ens_entropy_total,0.6365135859710443,0.7821350762527233,1436,0.8384401114206128,0.6762075447125393,0.0884276787497305,10
ens_entropy_total,0.6365136081932701,0.7826797385620915,1437,0.83785664578984,0.6750487444837938,0.08899965482805963,10
ens_entropy_total,0.6365136132195043,0.7832244008714597,1438,0.8379694019471489,0.6752528258143057,0.08879210144070289,10
ens_entropy_total,0.6365136324355805,0.7837690631808278,1439,0.8373870743571925,0.6740966001037545,0.08784673371977729,10
ens_entropy_total,0.6365136368424344,0.7843137254901961,1440,0.8375,0.6743007266759072,0.0889651604571497,10
ens_entropy_total,0.6365136458368034,0.7848583877995643,1441,0.8369188063844553,0.6731470676523362,0.08799567394309055,10
ens_entropy_total,0.6365136809168565,0.7854030501089324,1442,0.8363384188626907,0.6719953890134377,0.08770349065311811,10
ens_entropy_total,0.6365137100343647,0.7859477124183006,1443,0.8364518364518364,0.6722001366843458,0.0888086680669738,10
ens_entropy_total,0.6365137211522925,0.7864923747276689,1444,0.8365650969529086,0.6724043458449731,0.08852462896340542,10
ens_entropy_total,0.6365137410243835,0.7870370370370371,1445,0.8366782006920416,0.6726080186170469,0.0882394585436688,10
ens_entropy_total,0.6365138183327117,0.7875816993464052,1446,0.8360995850622407,0.6714600433704725,0.08726310720047603,10
ens_entropy_total,0.6365138549366797,0.7881263616557734,1447,0.8362128541810643,0.67166375451782,0.08720809334190244,10
ens_entropy_total,0.6365138780638833,0.7886710239651417,1448,0.835635359116022,0.6705183190912063,0.08646140175381903,10
ens_entropy_total,0.636513903984824,0.7892156862745098,1449,0.8357487922705314,0.6707220660576249,0.0861736611738183,10
ens_entropy_total,0.6365139062613595,0.789760348583878,1450,0.8351724137931035,0.6695791627495438,0.08680583069477454,10
ens_entropy_total,0.6365139456616937,0.7903050108932462,1451,0.8352860096485183,0.6697829430052801,0.08651781639073665,10
ens_entropy_total,0.6365139811143679,0.7908496732026143,1452,0.8347107438016529,0.6686425641405986,0.08622866289233444,10
ens_entropy_total,0.6365140367144109,0.7913943355119826,1453,0.8341362697866483,0.6675041422759017,0.08548262022981074,10
ens_entropy_total,0.6365140436063205,0.7919389978213508,1454,0.8335625859697386,0.666367675587726,0.08450801426079572,10
ens_entropy_total,0.6365140706722939,0.7924836601307189,1455,0.8329896907216495,0.6652331622406982,0.08353448676197434,10
ens_entropy_total,0.6365140855264029,0.7930283224400871,1456,0.8324175824175825,0.664100600387652,0.08393515565076734,10
ens_entropy_total,0.6365140869456386,0.7935729847494554,1457,0.8325326012354153,0.664306636475403,0.08387767463998834,10
ens_entropy_total,0.6365140929762823,0.7941176470588235,1458,0.8319615912208504,0.6631765746431487,0.08290576208414438,10
ens_entropy_total,0.6365140968330073,0.7946623093681917,1459,0.8320767649074708,0.6634339706138513,0.08262055944068941,10
ens_entropy_total,0.636514106157297,0.7952069716775599,1460,0.8315068493150685,0.6623065003836144,0.08165081521940007,10
ens_entropy_total,0.6365141075091355,0.795751633986928,1461,0.8309377138945927,0.6611809706940275,0.08227947699960649,10
ens_entropy_total,0.636514108203444,0.7962962962962963,1462,0.8303693570451436,0.6600573796620974,0.08176720187624138,10
ens_entropy_total,0.6365141109932853,0.7968409586056645,1463,0.8304853041695147,0.6603159564169636,0.08285059163494932,10
ens_entropy_total,0.6365141117172604,0.7973856209150327,1464,0.8306010928961749,0.6605236436261228,0.0825663502081049,10
ens_entropy_total,0.6365141166299164,0.7979302832244008,1465,0.8300341296928327,0.6593739057356959,0.08159989591212871,10
ens_entropy_total,0.6365141200247892,0.7984749455337691,1466,0.830150068212824,0.6595816508285849,0.08131688828451505,10
ens_entropy_total,0.6365141307664207,0.7990196078431373,1467,0.8302658486707567,0.6597888599648878,0.08103426375232331,10
ens_entropy_total,0.6365141343616241,0.7995642701525054,1468,0.8303814713896458,0.659995535215984,0.08234147872814253,10
ens_entropy_total,0.6365141437592534,0.8001089324618736,1469,0.8304969366916269,0.6602540703360762,0.08205853113300937,10
ens_entropy_total,0.6365141464295289,0.8006535947712419,1470,0.8299319727891157,0.6591370741995982,0.08268299662272718,10
ens_entropy_total,0.636514146994262,0.80119825708061,1471,0.8300475866757308,0.6593437538789884,0.08240019914531152,10
ens_entropy_total,0.6365141482610466,0.8017429193899782,1472,0.8301630434782609,0.6595499027681924,0.0825706700048804,10
ens_entropy_total,0.6365141492303061,0.8022875816993464,1473,0.8295994568906992,0.6584358870367992,0.083193513484967,10
ens_entropy_total,0.6365141513934854,0.8028322440087146,1474,0.8290366350067843,0.6573237807229405,0.08245865958549804,10
ens_entropy_total,0.636514152654664,0.8033769063180828,1475,0.8291525423728814,0.6575304601640759,0.08240276310514093,10
ens_entropy_total,0.6365141526601759,0.803921568627451,1476,0.8292682926829268,0.6577366108975267,0.08212110656455522,10
ens_entropy_total,0.6365141581959528,0.8044662309368191,1477,0.8287068381855112,0.6566274636647073,0.08138846426028151,10
ens_entropy_total,0.6365141604832827,0.8050108932461874,1478,0.8288227334235453,0.6568336120140447,0.08133340243033588,10
ens_entropy_total,0.6365141618192138,0.8055555555555556,1479,0.8289384719405003,0.6570392347181473,0.08127841493055092,10
ens_entropy_total,0.6365141626790649,0.8061002178649237,1480,0.8283783783783784,0.6559330317835431,0.08167395215398081,10
ens_entropy_total,0.6365141635533076,0.8066448801742919,1481,0.8278190411883862,0.6548287236463644,0.08071851495405491,10
ens_entropy_total,0.6365141667733583,0.8071895424836601,1482,0.8279352226720648,0.6550348607305144,0.08088897029560975,10
ens_entropy_total,0.6365141673855839,0.8077342047930284,1483,0.8280512474713418,0.655240474247763,0.0806096595393394,10
ens_entropy_total,0.6365142049581278,0.8082788671023965,1484,0.8274932614555256,0.6541390894276377,0.07988148885118229,10
ens_entropy_total,0.6365142098194341,0.8088235294117647,1485,0.826936026936027,0.6530395911877357,0.07915429884959164,10
ens_entropy_total,0.6365142102243619,0.809368191721133,1486,0.8270524899057874,0.653245708495481,0.07887671923072305,10
ens_entropy_total,0.6365142130250412,0.8099128540305011,1487,0.8264963012777404,0.6521486043184254,0.07815118283409857,10
ens_entropy_total,0.6365142179796336,0.8104575163398693,1488,0.8266129032258065,0.6523547086022071,0.079218736324964,10
ens_entropy_total,0.6365142188996626,0.8110021786492375,1489,0.8260577568838147,0.651259991264567,0.07827008080798122,10
ens_entropy_total,0.6365142205936715,0.8115468409586056,1490,0.8261744966442953,0.6515239899514368,0.07821755286173329,10
ens_entropy_total,0.6365142207117669,0.8120915032679739,1491,0.8262910798122066,0.6517872359227163,0.07794153183732805,10
ens_entropy_total,0.6365142236205216,0.8126361655773421,1492,0.8257372654155496,0.650660999243543,0.07744246473365121,10
ens_entropy_total,0.6365142310923827,0.8131808278867102,1493,0.825184192900201,0.649570543540527,0.07649754001617502,10
ens_entropy_total,0.6365142421367198,0.8137254901960784,1494,0.8253012048192772,0.6497777059251476,0.07756191228697928,10
ens_entropy_total,0.6365142452694024,0.8142701525054467,1495,0.8254180602006689,0.6499843468697776,0.07728706796655986,10
ens_entropy_total,0.6365142536307304,0.8148148148148148,1496,0.8248663101604278,0.648896755838702,0.07634414179432593,10
ens_entropy_total,0.6365142618371384,0.815359477124183,1497,0.824315297261189,0.6477757350474375,0.07597033710406169,10
ens_entropy_total,0.6365142729308291,0.8159041394335512,1498,0.8244325767690254,0.647982916216192,0.07569710357843062,10
ens_entropy_total,0.636514278503796,0.8164488017429193,1499,0.8238825883922615,0.6468988457667406,0.07596898559157222,10
ens_entropy_total,0.6365142956741601,0.8169934640522876,1500,0.824,0.6471644855016678,0.07569611873735387,10
ens_entropy_total,0.6365143037851563,0.8175381263616558,1501,0.8241172551632245,0.6473716433636131,0.07542361544919145,10
ens_entropy_total,0.6365143354508906,0.818082788671024,1502,0.8235685752330226,0.6462905069039244,0.07549551343635248,10
ens_entropy_total,0.6365143551476712,0.8186274509803921,1503,0.8236859614105123,0.6464976378148434,0.07522350470957828,10
ens_entropy_total,0.6365143563589306,0.8191721132897604,1504,0.8238031914893617,0.6467042513207814,0.07495185769537463,10
ens_entropy_total,0.6365143698977441,0.8197167755991286,1505,0.8239202657807309,0.6469103493580067,0.07566612564209638,10
ens_entropy_total,0.6365143749305295,0.8202614379084967,1506,0.8240371845949536,0.6471159338531379,0.07539454691748933,10
ens_entropy_total,0.6365143884437935,0.8208061002178649,1507,0.8241539482415395,0.6473210067232041,0.07645046860529055,10
ens_entropy_total,0.6365144147089243,0.8213507625272332,1508,0.8236074270557029,0.6462441529854167,0.07573664281572652,10
ens_entropy_total,0.6365144615853557,0.8218954248366013,1509,0.8237243207422134,0.6464492011957841,0.07679093834552884,10
ens_entropy_total,0.636514581265091,0.8224400871459695,1510,0.823841059602649,0.646653740723407,0.07651933413782673,10
ens_entropy_total,0.6365147390882484,0.8229847494553377,1511,0.8239576439444076,0.6468577734588478,0.07646869292840057,10
ens_entropy_total,0.6365148217417409,0.8235294117647058,1512,0.8240740740740741,0.6470613012833114,0.07685903488012726,10
ens_entropy_total,0.6365148700263595,0.8240740740740741,1513,0.8235294117647058,0.6459882063546173,0.07592698588938959,10
ens_entropy_total,0.6365148970376382,0.8246187363834423,1514,0.8236459709379128,0.6461917107062022,0.07697767396198536,10
ens_entropy_total,0.6365149693029348,0.8251633986928104,1515,0.8237623762376237,0.646394713032532,0.07692686335674427,10
ens_entropy_total,0.636515016280153,0.8257080610021786,1516,0.8238786279683378,0.6466613825155121,0.0766562444049512,10
ens_entropy_total,0.6365150396624668,0.8262527233115469,1517,0.8239947264337508,0.646863886546984,0.07770437363313806,10
ens_entropy_total,0.6365157838693497,0.826797385620915,1518,0.8234519104084321,0.6457946252418258,0.07809236105442362,10
ens_entropy_total,0.6365163027669727,0.8273420479302832,1519,0.8235681369321922,0.645997106006428,0.07935760450296964,10
ens_entropy_total,0.6365163148920638,0.8278867102396514,1520,0.8230263157894737,0.6449301288352722,0.07974399422428755,10
ens_entropy_total,0.6365164093522604,0.8284313725490197,1521,0.8224852071005917,0.6438649588511268,0.07881495156277137,10
ens_entropy_total,0.6365164196144061,0.8289760348583878,1522,0.8219448094612353,0.6428015941609785,0.07854415554904076,10
ens_entropy_total,0.6365169349632902,0.829520697167756,1523,0.8214051214707814,0.6417400328634438,0.07893031883329497,10
ens_entropy_total,0.6365193013423065,0.8300653594771242,1524,0.821522309711286,0.6420088295645324,0.07997214555693052,10
ens_entropy_total,0.6365195291010244,0.8306100217864923,1525,0.8216393442622951,0.6422126919613439,0.07970113075079917,10
ens_entropy_total,0.636520222548606,0.8311546840958606,1526,0.8217562254259502,0.6424807360690727,0.07943047179526432,10
ens_entropy_total,0.6365209422705987,0.8316993464052288,1527,0.8212180746561886,0.6414225736278878,0.07981504685553675,10
ens_entropy_total,0.6365219994656339,0.8322440087145969,1528,0.8206806282722513,0.6403662033290899,0.07889021901358295,10
ens_entropy_total,0.6365225306384019,0.8327886710239651,1529,0.8207979071288424,0.6405704941548714,0.07862062360529072,10
ens_entropy_total,0.6365230242460991,0.8333333333333334,1530,0.8202614379084967,0.6395163736246788,0.07769778627903123,10
ens_entropy_total,0.6365247222556478,0.8338779956427015,1531,0.8197256694970607,0.6384225847690403,0.07677615608226283,10
ens_entropy_total,0.6365263940199903,0.8344226579520697,1532,0.8191906005221932,0.6373713516155604,0.07650844907937862,10
ens_entropy_total,0.63652640564733,0.8349673202614379,1533,0.8186562296151337,0.6362803082674041,0.07558879867570752,10
ens_entropy_total,0.6365283281198534,0.835511982570806,1534,0.81877444589309,0.6364860741021091,0.07532223957712031,10
ens_entropy_total,0.636529169321676,0.8360566448801743,1535,0.8182410423452768,0.6354381696700288,0.0757074943567429,10
ens_entropy_total,0.6365376689520645,0.8366013071895425,1536,0.8177083333333334,0.6343503870063798,0.07630922522348156,10
ens_entropy_total,0.6365404502539317,0.8371459694989106,1537,0.8171763175016266,0.6333053435568186,0.07539211095370482,10
ens_entropy_total,0.6365482112549146,0.8376906318082789,1538,0.817295188556567,0.6335120356975075,0.07512639162976358,10
ens_entropy_total,0.6365699365934341,0.8382352941176471,1539,0.8167641325536062,0.6324692085687574,0.0747633645405907,10
ens_entropy_total,0.6365708401744936,0.8387799564270153,1540,0.8162337662337662,0.6314281461635781,0.07514766422901704,10
ens_entropy_total,0.6365708703820908,0.8393246187363834,1541,0.8163530175210902,0.631635229316262,0.07476377421259632,10
ens_entropy_total,0.6365712762028981,0.8398692810457516,1542,0.8164721141374838,0.6318418117608549,0.0749315121960345,10
ens_entropy_total,0.6365865423983219,0.8404139433551199,1543,0.8165910563836681,0.6321154735617405,0.07466698818592368,10
ens_entropy_total,0.6367183119594555,0.840958605664488,1544,0.8167098445595855,0.6323883751295616,0.07569826688926537,10
ens_entropy_total,0.6367613285671359,0.8415032679738562,1545,0.8161812297734627,0.6313082934207209,0.07608100165243227,10
ens_entropy_total,0.6367664426920978,0.8420479302832244,1546,0.815653298835705,0.6302720283557968,0.0753847237736085,10
ens_entropy_total,0.6368315115568465,0.8425925925925926,1547,0.8157724628312863,0.6304790751898541,0.07512081959301085,10
ens_entropy_total,0.6369775752373646,0.8431372549019608,1548,0.8152454780361758,0.6294021924743354,0.07571785378071132,10
ens_entropy_total,0.6370643536017317,0.843681917211329,1549,0.8147191736604261,0.6283691773201066,0.07480871518517583,10
ens_entropy_total,0.6371151096384158,0.8442265795206971,1550,0.8148387096774193,0.6285766767694478,0.0747598903397108,10
ens_entropy_total,0.6371947762873407,0.8447712418300654,1551,0.8149580915538363,0.6287836775131325,0.0744974090008294,10
ens_entropy_total,0.6373850990106693,0.8453159041394336,1552,0.8144329896907216,0.6277532746145749,0.07435033218721496,10
ens_entropy_total,0.637502941042499,0.8458605664488017,1553,0.8139085640695428,0.6266811397106223,0.0745180180604724,10
ens_entropy_total,0.637776010574143,0.8464052287581699,1554,0.814028314028314,0.626956768762802,0.07425438699122022,10
ens_entropy_total,0.6381316911669481,0.8469498910675382,1555,0.8141479099678457,0.6272316373870755,0.07399076046957699,10
ens_entropy_total,0.6385827679099723,0.8474945533769063,1556,0.8142673521850899,0.6274390890532622,0.07372704717136899,10
ens_entropy_total,0.6399925555245161,0.8480392156862745,1557,0.8143866409762364,0.6277132028265711,0.07346233109298976,10
ens_entropy_total,0.6406545533404711,0.8485838779956427,1558,0.8145057766367138,0.6279865624313209,0.0729911914786771,10
ens_entropy_total,0.640739472044493,0.849128540305011,1559,0.8139833226427197,0.6269614824178236,0.0731621749356354,10
ens_entropy_total,0.6432311543681258,0.8496732026143791,1560,0.8134615384615385,0.625894964465131,0.07353620696995991,10
ens_entropy_total,0.6508836770794382,0.8502178649237473,1561,0.8129404228058936,0.6248726427594425,0.07390186865116595,10
ens_entropy_total,0.6555384407713243,0.8507625272331155,1562,0.8124199743918054,0.6238520347360685,0.07426189455883551,10
ens_entropy_total,0.6628112835698752,0.8513071895424836,1563,0.8119001919385797,0.6227891742802965,0.07445588478680086,10
ens_entropy_total,0.6631596271399859,0.8518518518518519,1564,0.8113810741687979,0.6217713084623935,0.07465007345037156,10
ens_entropy_total,0.679193566677863,0.8523965141612201,1565,0.8115015974440895,0.621980985850335,0.07433613247032958,10
ens_entropy_total,0.6797107492127601,0.8529411764705882,1566,0.8116219667943806,0.6222568918063671,0.07391715624801451,10
ens_entropy_total,0.6891234787321362,0.8534858387799564,1567,0.8117421825143587,0.6225320439277605,0.07352229938047151,10
ens_entropy_total,0.689810049688149,0.8540305010893247,1568,0.8118622448979592,0.6228064452997587,0.07372648902156256,10
ens_entropy_total,0.6923567756631772,0.8545751633986928,1569,0.811344805608668,0.6217922407896023,0.07341522936105767,10
ens_entropy_total,0.6929464348514904,0.855119825708061,1570,0.810828025477707,0.620779731978315,0.07368055832952054,10
ens_entropy_total,0.6930222214209052,0.8556644880174292,1571,0.8109484404837684,0.621054401243587,0.0733204206331187,10
ens_entropy_total,0.6931097011214418,0.8562091503267973,1572,0.8110687022900763,0.6212644312201073,0.07295846674766271,10
ens_entropy_total,0.6931292098271179,0.8567538126361656,1573,0.810553083280356,0.6202096181954297,0.07323185459531112,10
ens_entropy_total,0.6931446919771065,0.8572984749455338,1574,0.8100381194409149,0.6191563638482342,0.07350228195729008,10
ens_entropy_total,0.693144692371549,0.8578431372549019,1575,0.8101587301587302,0.6194314806957998,0.07313744534065415,10
ens_entropy_total,0.6931452059312522,0.8583877995642701,1576,0.8096446700507615,0.6184241109475479,0.07354852556022201,10
ens_entropy_total,0.6931468410161161,0.8589324618736384,1577,0.8097653772986684,0.618635050429489,0.07466467418915432,10
ens_entropy_total,0.6931469744402086,0.8594771241830066,1578,0.8092522179974652,0.6176297744152686,0.07514563387037264,10
ens_entropy_total,0.693147055422719,0.8600217864923747,1579,0.8093730208993034,0.6179051465699583,0.0749926237230122,10
ens_entropy_total,0.6931471036377769,0.8605664488017429,1580,0.8094936708860759,0.618116002543859,0.07610559431651201,10
ens_entropy_total,0.6931471210792163,0.8611111111111112,1581,0.8089816571790006,0.6171133097996321,0.07658439219255857,10
ens_entropy_total,0.693147137370067,0.8616557734204793,1582,0.809102402022756,0.6173240783607613,0.07685194507223121,10
ens_entropy_total,0.6931471444628319,0.8622004357298475,1583,0.8085912823752369,0.6163234648307109,0.07606642232446946,10
ens_entropy_total,0.6931471564112652,0.8627450980392157,1584,0.8087121212121212,0.6165341446577864,0.07717563536980311,10
ens_entropy_total,0.6931471600052933,0.8632897603485838,1585,0.8088328075709779,0.6168097680775739,0.07702162369670199,10
ens_entropy_total,0.6931471631531975,0.8638344226579521,1586,0.808953341740227,0.6170199540001244,0.07686778354501128,10
ens_entropy_total,0.6931471731613661,0.8643790849673203,1587,0.8090737240075614,0.6172296450191639,0.0767139944922978,10
ens_entropy_total,0.6931471743127007,0.8649237472766884,1588,0.8085642317380353,0.6161866402497103,0.07718997022809335,10
ens_entropy_total,0.6931471747271956,0.8654684095860566,1589,0.8080553807426054,0.6151903900222401,0.07640656704117439,10
ens_entropy_total,0.6931471751279086,0.8660130718954249,1590,0.8075471698113208,0.6141957932164307,0.07688165337616448,10
ens_entropy_total,0.6931471756656897,0.866557734204793,1591,0.8076681332495286,0.614406282967999,0.07672736741286319,10
ens_entropy_total,0.6931471770360432,0.8671023965141612,1592,0.8077889447236181,0.6146162791617552,0.07699326854865951,10
ens_entropy_total,0.6931471781167969,0.8676470588235294,1593,0.8072818581293157,0.6136241357815474,0.07746649624076787,10
ens_entropy_total,0.6931471784653167,0.8681917211328976,1594,0.8067754077791719,0.6126336386804586,0.0766837086240047,10
ens_entropy_total,0.6931471787570693,0.8687363834422658,1595,0.806269592476489,0.6116447860384229,0.0759012488164842,10
ens_entropy_total,0.6931471789428836,0.869281045751634,1596,0.806390977443609,0.6118554851058738,0.07574550503376233,10
ens_entropy_total,0.6931471789992545,0.8698257080610022,1597,0.8058860363180964,0.6108686698463501,0.07496113107419632,10
ens_entropy_total,0.6931471794303583,0.8703703703703703,1598,0.8053817271589487,0.6098834936518878,0.07542318797737138,10
ens_entropy_total,0.6931471794883677,0.8709150326797386,1599,0.8055034396497811,0.6100944873370032,0.07649462127791827,10
ens_entropy_total,0.6931471795157244,0.8714596949891068,1600,0.805625,0.6103049895997795,0.07755462577907271,10
ens_entropy_total,0.693147179527486,0.8720043572984749,1601,0.8057464084946908,0.6105150021550663,0.07729799428268247,10
ens_entropy_total,0.6931471797958091,0.8725490196078431,1602,0.8052434456928839,0.6095326334735864,0.07693764568860091,10
ens_entropy_total,0.6931471798128861,0.8730936819172114,1603,0.8047411104179664,0.6085518950248529,0.07722635260540517,10
ens_entropy_total,0.6931471799645477,0.8736383442265795,1604,0.8048628428927681,0.6087621956921543,0.07687633070266685,10
ens_entropy_total,0.6931471800362613,0.8741830065359477,1605,0.8043613707165109,0.607732794089489,0.07589925760373994,10
ens_entropy_total,0.6931471801250301,0.8747276688453159,1606,0.8044831880448319,0.6080131708022344,0.07678973742381345,10
ens_entropy_total,0.6931471801533364,0.8752723311546841,1607,0.8046048537647791,0.6082234579269457,0.0776765969616431,10
ens_entropy_total,0.693147180224126,0.8758169934640523,1608,0.8041044776119403,0.6072465386333183,0.07793944233038522,10
ens_entropy_total,0.693147180285258,0.8763616557734205,1609,0.8036047234307023,0.6062712373659936,0.07695892197154605,10
ens_entropy_total,0.6931471803481083,0.8769063180827886,1610,0.8037267080745342,0.6064818037668717,0.07660069250133478,10
ens_entropy_total,0.6931471803574667,0.8774509803921569,1611,0.803227808814401,0.6055084991251753,0.0756221648787526,10
ens_entropy_total,0.6931471803608737,0.8779956427015251,1612,0.8033498759305211,0.6057189592913799,0.0758854203740128,10
ens_entropy_total,0.69314718036435,0.8785403050108932,1613,0.8034717916924985,0.6059289344796095,0.07552851464099791,10
ens_entropy_total,0.6931471803769553,0.8790849673202614,1614,0.8029739776951673,0.6049579983282458,0.07579158330854154,10
ens_entropy_total,0.6931471803997074,0.8796296296296297,1615,0.8024767801857585,0.6039886696875709,0.07605431239381383,10
ens_entropy_total,0.6931471804284295,0.8801742919389978,1616,0.8025990099009901,0.6041989140315963,0.07693550649409664,10
ens_entropy_total,0.6931471804361127,0.880718954248366,1617,0.8021026592455164,0.6032315648061245,0.07633176384227593,10
ens_entropy_total,0.6931471804439467,0.8812636165577342,1618,0.8022249690976514,0.6034416995880928,0.07625814283063174,10
ens_entropy_total,0.693147180449817,0.8818082788671024,1619,0.8017294626312539,0.6024763240807104,0.07586652345182178,10
ens_entropy_total,0.6931471804531466,0.8823529411764706,1620,0.8012345679012346,0.6015125472671021,0.07601592533742658,10
ens_entropy_total,0.6931471804566821,0.8828976034858388,1621,0.8007402837754473,0.6005503673057102,0.07526490360657297,10
ens_entropy_total,0.6931471804646832,0.883442265795207,1622,0.8002466091245376,0.5995897823499742,0.074910235415985,10
ens_entropy_total,0.6931471804661229,0.8839869281045751,1623,0.7997535428219347,0.5986307905483914,0.07538727696891216,10
ens_entropy_total,0.6931471804689697,0.8845315904139434,1624,0.7998768472906403,0.598842282236268,0.07524560793740798,10
ens_entropy_total,0.6931471804813286,0.8850762527233116,1625,0.8,0.599053291274261,0.07510275795461158,10
ens_entropy_total,0.6931471805004135,0.8856209150326797,1626,0.8001230012300123,0.5992638193126858,0.07523251010908057,10
ens_entropy_total,0.6931471805014188,0.8861655773420479,1627,0.7996312231100184,0.5983075056535129,0.0746066964532601,10
ens_entropy_total,0.6931471805053198,0.8867102396514162,1628,0.7997542997542998,0.5985179155804957,0.07514011024331606,10
ens_entropy_total,0.6931471805068288,0.8872549019607843,1629,0.7998772252915899,0.5987278472691332,0.07601480685511426,10
ens_entropy_total,0.6931471805069775,0.8877995642701525,1630,0.7993865030674847,0.5977738369241219,0.0762749264182658,10
ens_entropy_total,0.6931471805089687,0.8883442265795207,1631,0.7995095033721643,0.5979836506099927,0.07714784722025272,10
ens_entropy_total,0.6931471805120515,0.8888888888888888,1632,0.7990196078431373,0.5970315767602995,0.0767942057045274,10
ens_entropy_total,0.6931471805121932,0.8894335511982571,1633,0.7985303123086344,0.5960810789475464,0.07582862970753144,10
ens_entropy_total,0.6931471805153602,0.8899782135076253,1634,0.7980416156670747,0.5951321553157206,0.07486424086485248,10
ens_entropy_total,0.6931471805175786,0.8905228758169934,1635,0.7981651376146789,0.5953425582180223,0.07451264551862692,10
ens_entropy_total,0.6931471805237017,0.8910675381263616,1636,0.7976772616136919,0.5943955586315167,0.07477273225698101,10
ens_entropy_total,0.6931471805256115,0.8916122004357299,1637,0.7971899816737935,0.5934501279155009,0.07381074888596065,10
ens_entropy_total,0.6931471805270506,0.8921568627450981,1638,0.7973137973137974,0.5936607563157069,0.07468144178474823,10
ens_entropy_total,0.6931471805273217,0.8927015250544662,1639,0.7968273337400854,0.5927172406793978,0.07372069242665487,10
ens_entropy_total,0.6931471805308123,0.8932461873638344,1640,0.7969512195121952,0.5929277419162481,0.07459037765686949,10
ens_entropy_total,0.6931471805350314,0.8937908496732027,1641,0.7964655697745278,0.591986135863181,0.07363085374635851,10
ens_entropy_total,0.6931471805386387,0.8943355119825708,1642,0.7959805115712546,0.5910460899316465,0.07328150288296638,10
ens_entropy_total,0.6931471805397222,0.894880174291939,1643,0.7954960438222763,0.5901076022488663,0.07232394312046042,10
ens_entropy_total,0.6931471805432189,0.8954248366013072,1644,0.7950121654501217,0.5891706709378893,0.07258408891903143,10
ens_entropy_total,0.693147180543336,0.8959694989106753,1645,0.7945288753799392,0.5882352941176471,0.0728439214884487,10
ens_entropy_total,0.6931471805434006,0.8965141612200436,1646,0.7946537059538274,0.5884470338638257,0.07249590141230869,10
ens_entropy_total,0.6931471805471474,0.8970588235294118,1647,0.7947783849423193,0.5886582992325665,0.0721483037366519,10
ens_entropy_total,0.6931471805474594,0.8976034858387799,1648,0.7949029126213593,0.5888690918162642,0.07180112788401977,10
ens_entropy_total,0.6931471805475455,0.8981481481481481,1649,0.7950272892662219,0.589079413200194,0.07145437008059785,10
ens_entropy_total,0.6931471805481589,0.8986928104575164,1650,0.7945454545454546,0.5881469373329504,0.07171409617605876,10
ens_entropy_total,0.6931471805482097,0.8992374727668845,1651,0.7940642035130224,0.5872160060240256,0.07197350470510837,10
ens_entropy_total,0.6931471805486458,0.8997821350762527,1652,0.7935835351089588,0.5862866173930414,0.07283792909874184,10
ens_entropy_total,0.6931471805489471,0.9003267973856209,1653,0.7931034482758621,0.5853587695557464,0.07309634393594139,10
ens_entropy_total,0.69314718054897,0.900871459694989,1654,0.7926239419588875,0.5844324606240668,0.07335444913463554,10
ens_entropy_total,0.6931471805490976,0.9014161220043573,1655,0.7921450151057402,0.5835076887061612,0.07361224241546785,10
ens_entropy_total,0.6931471805497457,0.9019607843137255,1656,0.7922705314009661,0.583719533315503,0.07326585957480544,10
ens_entropy_total,0.6931471805502485,0.9025054466230937,1657,0.791792395896198,0.5827966233430715,0.0735233950861757,10
ens_entropy_total,0.6931471805514924,0.9030501089324618,1658,0.7919179734620024,0.5830083236498673,0.07317748106270083,10
ens_entropy_total,0.6931471805519054,0.9035947712418301,1659,0.7920433996383364,0.5832195543943429,0.07283198650207495,10
ens_entropy_total,0.6931471805522158,0.9041394335511983,1660,0.7921686746987951,0.583430317137038,0.0724869058078562,10
ens_entropy_total,0.6931471805525488,0.9046840958605664,1661,0.7916917519566526,0.5825099122894956,0.07274428760864206,10
ens_entropy_total,0.6931471805526974,0.9052287581699346,1662,0.7918170878459687,0.5827205322117875,0.07179799317630892,10
ens_entropy_total,0.6931471805528377,0.9057734204793029,1663,0.7913409500901984,0.5818019748165595,0.07205548198687486,10
ens_entropy_total,0.6931471805535213,0.906318082788671,1664,0.7908653846153846,0.5808849393552944,0.07231265910575077,10
ens_entropy_total,0.6931471805535281,0.9068627450980392,1665,0.7903903903903904,0.5799694239339036,0.07256952945539431,10
ens_entropy_total,0.6931471805535512,0.9074074074074074,1666,0.790516206482593,0.5801805392494522,0.07222585133929203,10
ens_entropy_total,0.6931471805537128,0.9079520697167756,1667,0.7900419916016796,0.5792668592518023,0.07248246344689935,10
ens_entropy_total,0.693147180554067,0.9084967320261438,1668,0.790167865707434,0.5794778264233141,0.07213924751294414,10
ens_entropy_total,0.6931471805542778,0.909041394335512,1669,0.7896944278010785,0.5785659766010268,0.07239560607247808,10
ens_entropy_total,0.693147180554592,0.9095860566448801,1670,0.7892215568862275,0.5776556381794015,0.07265165758742913,10
ens_entropy_total,0.6931471805550597,0.9101307189542484,1671,0.7887492519449432,0.5767468092571904,0.07290740072295772,10
ens_entropy_total,0.6931471805554704,0.9106753812636166,1672,0.7882775119617225,0.5758394879299199,0.07278207986188719,10
ens_entropy_total,0.693147180555773,0.9112200435729847,1673,0.7878063359234907,0.5749336722899395,0.07303744110785747,10
ens_entropy_total,0.6931471805557876,0.9117647058823529,1674,0.7879330943847073,0.5751457360151334,0.07269512569610274,10
ens_entropy_total,0.6931471805559846,0.9123093681917211,1675,0.7880597014925373,0.5753573354186082,0.07235321899852463,10
ens_entropy_total,0.6931471805560526,0.9128540305010894,1676,0.7875894988066826,0.5744536386290792,0.07260837734332427,10
ens_entropy_total,0.6931471805561688,0.9133986928104575,1677,0.7877161598091831,0.574665082201267,0.07226692847541388,10
ens_entropy_total,0.6931471805564308,0.9139433551198257,1678,0.7872467222884386,0.5737631899134072,0.07252183574427049,10
ens_entropy_total,0.6931471805567425,0.914488017429194,1679,0.7873734365693865,0.5739744769770392,0.07218084672087967,10
ens_entropy_total,0.6931471805567997,0.9150326797385621,1680,0.7875,0.5741853035143769,0.07184026363004416,10
ens_entropy_total,0.693147180556841,0.9155773420479303,1681,0.7876264128494943,0.5743956710294424,0.0715000857491514,10
ens_entropy_total,0.6931471805568756,0.9161220043572985,1682,0.7877526753864447,0.5746055810197156,0.07116031088314485,10
ens_entropy_total,0.6931471805569147,0.9166666666666666,1683,0.7872846108140226,0.5737063970148113,0.07141511832229526,10
ens_entropy_total,0.6931471805570653,0.9172113289760349,1684,0.7868171021377672,0.5728087010347742,0.07166962169619692,10
ens_entropy_total,0.6931471805570713,0.9177559912854031,1685,0.7869436201780415,0.5730187580511391,0.07133035260245127,10
ens_entropy_total,0.6931471805570915,0.9183006535947712,1686,0.7870699881376038,0.5732283597811969,0.0709914859606617,10
ens_entropy_total,0.6931471805571919,0.9188453159041394,1687,0.7866034380557202,0.5723327483881144,0.07124578927267881,10
ens_entropy_total,0.6931471805572312,0.9193899782135077,1688,0.7861374407582938,0.5714386184042107,0.07149978989222698,10
ens_entropy_total,0.6931471805573453,0.9199346405228758,1689,0.7862640615748964,0.5716483623020715,0.07116142479471209,10
ens_entropy_total,0.6931471805575187,0.920479302832244,1690,0.7857988165680473,0.5707560077179441,0.07141517608270143,10
ens_entropy_total,0.6931471805577225,0.9210239651416122,1691,0.7859254878769959,0.5709655940958376,0.07107726116734796,10
ens_entropy_total,0.6931471805577765,0.9215686274509803,1692,0.7854609929078015,0.5700750098697198,0.07133076221946281,10
ens_entropy_total,0.6931471805579177,0.9221132897603486,1693,0.7849970466627288,0.5691858985651926,0.07158396259209437,10
ens_entropy_total,0.6931471805579204,0.9226579520697168,1694,0.7845336481700118,0.5682982582795606,0.0718368640272699,10
ens_entropy_total,0.6931471805579779,0.923202614379085,1695,0.7846607669616519,0.568508269953027,0.07149949773099985,10
ens_entropy_total,0.6931471805580837,0.9237472766884531,1696,0.7841981132075472,0.5676223884360498,0.07175215076017982,10
ens_entropy_total,0.6931471805581886,0.9242919389978214,1697,0.784325279905716,0.5678322378995504,0.0714152319543167,10
ens_entropy_total,0.693147180558196,0.9248366013071896,1698,0.784452296819788,0.5680416369527956,0.0710787088876607,10
ens_entropy_total,0.6931471805584364,0.9253812636165577,1699,0.7845791642142437,0.5682505870443376,0.07074258200271424,10
ens_entropy_total,0.6931471805584934,0.9259259259259259,1700,0.7847058823529411,0.5684590896165236,0.07040685157330794,10
ens_entropy_total,0.6931471805585692,0.9264705882352942,1701,0.7842445620223398,0.5675758236962689,0.07065940437690774,10
ens_entropy_total,0.6931471805586271,0.9270152505446623,1702,0.7843713278495887,0.567784166787758,0.07069817514419313,10
ens_entropy_total,0.6931471805587184,0.9275599128540305,1703,0.7839107457428068,0.5669026445929174,0.07095026031249839,10
ens_entropy_total,0.6931471805587613,0.9281045751633987,1704,0.784037558685446,0.5671108276139154,0.07061519515420994,10
ens_entropy_total,0.6931471805587652,0.9286492374727668,1705,0.7835777126099707,0.5662310442183789,0.07086703329891461,10
ens_entropy_total,0.693147180558805,0.9291938997821351,1706,0.7831184056271981,0.5653527128099829,0.07111857621310565,10
ens_entropy_total,0.6931471805588915,0.9297385620915033,1707,0.7826596367896895,0.564475831491992,0.07136982442510506,10
ens_entropy_total,0.693147180558932,0.9302832244008714,1708,0.7822014051522248,0.5636003983653284,0.07162077844371173,10
ens_entropy_total,0.6931471805589376,0.9308278867102396,1709,0.7823288472791106,0.5638092624356774,0.07128630210161511,10
ens_entropy_total,0.6931471805590216,0.9313725490196079,1710,0.7818713450292397,0.5629355534998457,0.07153701146903038,10
ens_entropy_total,0.6931471805591405,0.931917211328976,1711,0.7814143775569842,0.5620632876221082,0.07178742780693959,10
ens_entropy_total,0.6931471805591753,0.9324618736383442,1712,0.7809579439252337,0.5611924628995747,0.07166567774243394,10
ens_entropy_total,0.6931471805592146,0.9330065359477124,1713,0.780502043199066,0.5603230774271767,0.07191572661448921,10
ens_entropy_total,0.6931471805592406,0.9335511982570807,1714,0.780630105017503,0.5605326001421105,0.07158205384139694,10
ens_entropy_total,0.6931471805592652,0.9340958605664488,1715,0.7807580174927113,0.5607416792686747,0.07124876950495165,10
ens_entropy_total,0.6931471805593123,0.934640522875817,1716,0.7808857808857809,0.5609503162140865,0.07091587427946712,10
ens_entropy_total,0.6931471805593532,0.9351851851851852,1717,0.7804309842748981,0.5600831841025938,0.07116577735555264,10
ens_entropy_total,0.6931471805593621,0.9357298474945533,1718,0.780558789289872,0.5602916516744854,0.07083331733381182,10
ens_entropy_total,0.6931471805593667,0.9362745098039216,1719,0.7806864456079116,0.56049967956217,0.07050124474538899,10
ens_entropy_total,0.693147180559382,0.9368191721132898,1720,0.7802325581395348,0.5596345188667103,0.07075095301545481,10
ens_entropy_total,0.6931471805593981,0.9373638344226579,1721,0.7797791981406159,0.5587707851776088,0.07100037110023226,10
ens_entropy_total,0.6931471805594756,0.9379084967320261,1722,0.7799070847851336,0.5589789124996453,0.0710384987594957,10
ens_entropy_total,0.6931471805595211,0.9384531590413944,1723,0.7800348229831688,0.5591866023217367,0.07070707795961827,10
ens_entropy_total,0.6931471805595583,0.9389978213507625,1724,0.7795823665893271,0.5583248273063018,0.07095608803034885,10
ens_entropy_total,0.693147180559569,0.9395424836601307,1725,0.7797101449275362,0.5585323473552349,0.070625099245252,10
ens_entropy_total,0.6931471805595693,0.9400871459694989,1726,0.779837775202781,0.5587394323651184,0.07029449349042458,10
ens_entropy_total,0.693147180559579,0.940631808278867,1727,0.7793862188766647,0.5578796078354956,0.07054330940154625,10
ens_entropy_total,0.6931471805596118,0.9411764705882353,1728,0.7789351851851852,0.5570211994926618,0.07079183734264298,10
ens_entropy_total,0.6931471805596209,0.9417211328976035,1729,0.7790630422209369,0.557228378550503,0.07046170880584272,10
ens_entropy_total,0.6931471805596228,0.9422657952069716,1730,0.7786127167630058,0.5563716464578159,0.07070999706752765,10
ens_entropy_total,0.6931471805596321,0.9428104575163399,1731,0.7781629116117851,0.5555163254989126,0.07095799845324473,10
ens_entropy_total,0.6931471805596545,0.9433551198257081,1732,0.7782909930715936,0.5557235937673263,0.0702607621179445,10
ens_entropy_total,0.6931471805596552,0.9438997821350763,1733,0.7778418926716676,0.5547796435995048,0.07050873606889002,10
ens_entropy_total,0.6931471805596805,0.9444444444444444,1734,0.7773933102652826,0.5539267434420985,0.0707564244355525,10
ens_entropy_total,0.6931471805597005,0.9449891067538126,1735,0.777521613832853,0.5541342330850494,0.07042745839834191,10
ens_entropy_total,0.6931471805597108,0.9455337690631809,1736,0.7776497695852534,0.554341291081186,0.07009887134994935,10
ens_entropy_total,0.6931471805597123,0.946078431372549,1737,0.7772020725388601,0.5534903091802905,0.0703463678784864,10
ens_entropy_total,0.6931471805597222,0.9466230936819172,1738,0.7767548906789413,0.5526407268732404,0.07059357921230852,10
ens_entropy_total,0.6931471805597273,0.9471677559912854,1739,0.7763082231167338,0.5517925422767529,0.07084050661366294,10
ens_entropy_total,0.6931471805597553,0.9477124183006536,1740,0.7758620689655172,0.5509457535058789,0.07108714982350743,10
ens_entropy_total,0.6931471805597584,0.9482570806100218,1741,0.7759908098793796,0.5511534007075882,0.07075912751213762,10
ens_entropy_total,0.6931471805597593,0.94880174291939,1742,0.7755453501722158,0.5503082576608861,0.07100553461741499,10
ens_entropy_total,0.6931471805597638,0.9493464052287581,1743,0.7751004016064257,0.549464505434073,0.07125165863585203,10
ens_entropy_total,0.6931471805597786,0.9498910675381264,1744,0.7746559633027523,0.5486221421402436,0.07149750074025538,10
ens_entropy_total,0.6931471805598003,0.9504357298474946,1745,0.7742120343839541,0.547781165890967,0.07174306075742409,10
ens_entropy_total,0.6931471805598137,0.9509803921568627,1746,0.7743413516609393,0.5479893818334736,0.0714156018128897,10
ens_entropy_total,0.6931471805598197,0.9515250544662309,1747,0.77389811104751,0.5471500373730089,0.07166092788543126,10
ens_entropy_total,0.693147180559823,0.9520697167755992,1748,0.7734553775743707,0.5463120749592326,0.07190597326262646,10
ens_entropy_total,0.6931471805598284,0.9526143790849673,1749,0.7735849056603774,0.546520352777105,0.07157898285951973,10
ens_entropy_total,0.6931471805598306,0.9531590413943355,1750,0.7731428571428571,0.5456840144857973,0.0718237947324352,10
ens_entropy_total,0.6931471805598354,0.9537037037037037,1751,0.7732724157624215,0.5459959102555143,0.07149722502356402,10
ens_entropy_total,0.6931471805598388,0.954248366013072,1752,0.7734018264840182,0.5462040132470033,0.07117102810907774,10
ens_entropy_total,0.69314718055984,0.9547930283224401,1753,0.7729606389047348,0.5453695980816349,0.07141565374655538,10
ens_entropy_total,0.693147180559843,0.9553376906318083,1754,0.7725199543899658,0.5445365550796,0.07166000070915854,10
ens_entropy_total,0.6931471805598466,0.9558823529411765,1755,0.7726495726495727,0.5447447138973966,0.07133426838850115,10
ens_entropy_total,0.693147180559853,0.9564270152505446,1756,0.7727790432801822,0.5449524457757143,0.0710089070655037,10
ens_entropy_total,0.6931471805598644,0.9569716775599129,1757,0.7729083665338645,0.5451597520267047,0.07068391611040162,10
ens_entropy_total,0.6931471805598645,0.9575163398692811,1758,0.7724687144482366,0.5443287986532038,0.07092812332597753,10
ens_entropy_total,0.693147180559865,0.9580610021786492,1759,0.7725980670835703,0.5445359199066805,0.07060354804286516,10
ens_entropy_total,0.6931471805598686,0.9586056644880174,1760,0.7727272727272727,0.5447426179110152,0.07027934159280902,10
ens_entropy_total,0.693147180559877,0.9591503267973857,1761,0.7728563316297559,0.5449488939622394,0.06995550334365584,10
ens_entropy_total,0.6931471805598792,0.9596949891067538,1762,0.7724177071509648,0.5441200191497955,0.07019956956298508,10
ens_entropy_total,0.6931471805598807,0.960239651416122,1763,0.7719795802609188,0.5432925037504446,0.07044335890511941,10
ens_entropy_total,0.693147180559883,0.9607843137254902,1764,0.7715419501133787,0.5424663458939287,0.07068687184036335,10
ens_entropy_total,0.693147180559887,0.9613289760348583,1765,0.7711048158640227,0.5416415437088044,0.07093010883686875,10
ens_entropy_total,0.6931471805598897,0.9618736383442266,1766,0.7706681766704416,0.540818095322473,0.07117307036458513,10
ens_entropy_total,0.69314718055989,0.9624183006535948,1767,0.7707979626485568,0.5410251262984999,0.07084982593673643,10
ens_entropy_total,0.6931471805598917,0.9629629629629629,1768,0.7703619909502263,0.540203261458599,0.07109255784301674,10
ens_entropy_total,0.6931471805598952,0.9635076252723311,1769,0.7699265121537592,0.5392813515244708,0.07133501550297945,10
ens_entropy_total,0.6931471805598957,0.9640522875816994,1770,0.7694915254237288,0.5384615384615383,0.07157719919907844,10
ens_entropy_total,0.6931471805598968,0.9645969498910676,1771,0.7690570299265952,0.5376430704770709,0.07181910921888408,10
ens_entropy_total,0.6931471805598994,0.9651416122004357,1772,0.7686230248306998,0.5368259457033422,0.07206074637593654,10
ens_entropy_total,0.6931471805599005,0.9662309368191722,1774,0.7683201803833145,0.5362182957128845,0.07197950539918803,10
ens_entropy_total,0.693147180559903,0.9667755991285403,1775,0.767887323943662,0.5354040771103442,0.07222064378799364,10
ens_entropy_total,0.6931471805599058,0.9673202614379085,1776,0.7680180180180181,0.5356120148662646,0.07189844755877137,10
ens_entropy_total,0.693147180559909,0.9678649237472767,1777,0.7675858187957231,0.5347993567448295,0.07213936015717291,10
ens_entropy_total,0.6931471805599149,0.9684095860566448,1778,0.7677165354330708,0.5350070985578719,0.07181757206003152,10
ens_entropy_total,0.6931471805599161,0.9689542483660131,1779,0.7678471051152332,0.5352144216773037,0.07149614572440252,10
ens_entropy_total,0.6931471805599165,0.9694989106753813,1780,0.7679775280898876,0.5354213273676361,0.07117508040660443,10
ens_entropy_total,0.6931471805599168,0.9705882352941176,1782,0.7682379349046016,0.535833891493637,0.07053403079948195,10
ens_entropy_total,0.693147180559917,0.9711328976034859,1783,0.767807066741447,0.5350236783523546,0.07077489779339352,10
ens_entropy_total,0.693147180559919,0.971677559912854,1784,0.7679372197309418,0.5352295610149015,0.07045495664288157,10
ens_entropy_total,0.6931471805599209,0.9722222222222222,1785,0.7680672268907563,0.5354350310615235,0.07013537397212449,10
ens_entropy_total,0.693147180559924,0.9727668845315904,1786,0.7676371780515118,0.5346265849091908,0.07037605959511221,10
ens_entropy_total,0.6931471805599247,0.9733115468409586,1787,0.7672076105204253,0.5338194606445075,0.07061647595873462,10
ens_entropy_total,0.6931471805599267,0.9738562091503268,1788,0.767337807606264,0.5340249586528342,0.07029733917337229,10
ens_entropy_total,0.693147180559927,0.974400871459695,1789,0.76690888764673,0.5332193724350195,0.07053753076458626,10
ens_entropy_total,0.6931471805599279,0.9749455337690632,1790,0.7670391061452514,0.5334246777421763,0.07021879476604433,10
ens_entropy_total,0.693147180559929,0.9754901960784313,1791,0.7666108319374652,0.5326206253301021,0.07045876198868067,10
ens_entropy_total,0.6931471805599319,0.9765795206971678,1793,0.7663134411600669,0.5320232148608,0.07038016883519281,10
ens_entropy_total,0.6931471805599331,0.9771241830065359,1794,0.7658862876254181,0.5312220032252286,0.07061964481592364,10
ens_entropy_total,0.6931471805599336,0.9776688453159041,1795,0.7654596100278551,0.5304221009415854,0.07085885397016518,10
ens_entropy_total,0.6931471805599339,0.9782135076252724,1796,0.7655902004454342,0.5306274473775038,0.07054100387086261,10
ens_entropy_total,0.6931471805599343,0.9787581699346405,1797,0.765164162493044,0.5298290645983298,0.07077999047183564,10
ens_entropy_total,0.693147180559935,0.9793028322440087,1798,0.7647385984427141,0.5290319863964618,0.07101871123812689,10
ens_entropy_total,0.6931471805599354,0.9798474945533769,1799,0.7643135075041689,0.528236210927353,0.07125716669081665,10
ens_entropy_total,0.6931471805599374,0.9803921568627451,1800,0.7644444444444445,0.5284417818375943,0.07093980163329622,10
ens_entropy_total,0.6931471805599376,0.9814814814814815,1802,0.7641509433962265,0.5278528881211401,0.07086106711438661,10
ens_entropy_total,0.6931471805599381,0.9820261437908496,1803,0.7637271214642263,0.5270601274591299,0.07109908090964322,10
ens_entropy_total,0.6931471805599382,0.9825708061002179,1804,0.7638580931263859,0.5272653009000675,0.07078250710667365,10
ens_entropy_total,0.6931471805599385,0.9831154684095861,1805,0.7634349030470914,0.5263634637377547,0.0710203007639229,10
ens_entropy_total,0.6931471805599394,0.9836601307189542,1806,0.7630121816168328,0.525572865327086,0.07125783102120586,10
ens_entropy_total,0.6931471805599396,0.9842047930283224,1807,0.762589928057554,0.5247835572804631,0.07149509837903138,10
ens_entropy_total,0.6931471805599401,0.9852941176470589,1809,0.7628524046434494,0.5251942359684816,0.07086326305881177,10
ens_entropy_total,0.6931471805599407,0.985838779956427,1810,0.7624309392265194,0.5244066234764575,0.07110035520529645,10
ens_entropy_total,0.693147180559941,0.9863834422657952,1811,0.7625621203754832,0.5246115602786658,0.07078500439992799,10
ens_entropy_total,0.6931471805599412,0.9869281045751634,1812,0.7621412803532008,0.5238254346087058,0.07102187799236102,10
ens_entropy_total,0.6931471805599421,0.9880174291938998,1814,0.7618522601984564,0.5232455281149884,0.07094357378282133,10
ens_entropy_total,0.693147180559943,0.988562091503268,1815,0.7619834710743801,0.5234500639994747,0.0706290043016202,10
ens_entropy_total,0.6931471805599434,0.9891067538126361,1816,0.7615638766519823,0.5226668997702957,0.07086544205785562,10
ens_entropy_total,0.6931471805599435,0.9896514161220044,1817,0.7611447440836544,0.5218850115318296,0.0711016195967723,10
ens_entropy_total,0.6931471805599436,0.9907407407407407,1819,0.7608576140736668,0.5211955814678215,0.07102344299504655,10
ens_entropy_total,0.6931471805599443,0.9912854030501089,1820,0.7604395604395604,0.5204158104677867,0.07125914441251827,10
ens_entropy_total,0.6931471805599447,0.9918300653594772,1821,0.7600219659527732,0.5196373090460861,0.07149458693823113,10
ens_entropy_total,0.693147180559945,0.9934640522875817,1824,0.7598684210526315,0.5192698354626588,0.0711028743435833,10
ens_entropy_total,0.6931471805599452,0.9961873638344226,1829,0.7588846364133406,0.5173562056715308,0.07118187142572004,10
ens_entropy_total,0.6931471805599453,0.9994553376906318,1835,0.7574931880108992,0.5146901939575117,0.07149408329156057,10
ens_entropy_total,0.6931471805599454,1.0,1836,0.7570806100217865,0.5139235817606778,0.07172747431632381,10
ens_entropy_aleatoric,1.2125569319795048e-08,0.0005446623093681918,1,1.0,0.0,5.433496985673969e-10,1
ens_entropy_aleatoric,1.243663273942985e-08,0.0010893246187363835,2,1.0,0.0,5.523004276142274e-10,2
ens_entropy_aleatoric,1.2749411751551358e-08,0.0016339869281045752,3,1.0,1.0,5.590250114669478e-10,3
ens_entropy_aleatoric,1.3449641935034277e-08,0.002178649237472767,4,1.0,1.0,5.708592487607689e-10,4
ens_entropy_aleatoric,1.3737637077330507e-08,0.0027233115468409588,5,1.0,1.0,5.806209069092461e-10,5
ens_entropy_aleatoric,1.4985454726260237e-08,0.0032679738562091504,6,1.0,1.0,5.969135186134622e-10,6
ens_entropy_aleatoric,1.5344974275331746e-08,0.003812636165577342,7,1.0,1.0,6.117162490834208e-10,7
ens_entropy_aleatoric,1.5891153484031812e-08,0.004357298474945534,8,1.0,1.0,6.254594064891705e-10,8
ens_entropy_aleatoric,1.6260747816501355e-08,0.004901960784313725,9,1.0,1.0,6.380774550704713e-10,9
ens_entropy_aleatoric,1.6902085767064522e-08,0.0054466230936819175,10,1.0,1.0,6.51584419752993e-10,10
ens_entropy_aleatoric,1.6913332572827104e-08,0.005991285403050109,11,1.0,1.0,6.626838572836908e-10,10
ens_entropy_aleatoric,1.732876962650197e-08,0.006535947712418301,12,1.0,1.0,6.735070926892442e-10,10
ens_entropy_aleatoric,1.9208972594768574e-08,0.007080610021786492,13,1.0,1.0,6.897684731080963e-10,10
ens_entropy_aleatoric,1.9259912073743737e-08,0.007625272331154684,14,1.0,1.0,7.036150788992351e-10,10
ens_entropy_aleatoric,1.943800551728714e-08,0.008169934640522876,15,1.0,1.0,7.16269473362748e-10,10
ens_entropy_aleatoric,2.0324189228146258e-08,0.008714596949891068,16,1.0,1.0,7.300674578769595e-10,10
ens_entropy_aleatoric,2.048890431134988e-08,0.009259259259259259,17,1.0,1.0,7.424819713301478e-10,10
ens_entropy_aleatoric,2.0653601140733193e-08,0.00980392156862745,18,1.0,1.0,7.543659770921826e-10,10
ens_entropy_aleatoric,2.1209667418565777e-08,0.010348583877995643,19,1.0,1.0,7.660388814506883e-10,10
ens_entropy_aleatoric,2.1271978710734076e-08,0.010893246187363835,20,1.0,1.0,7.766694731792257e-10,10
ens_entropy_aleatoric,2.136917279932517e-08,0.011437908496732025,21,1.0,1.0,7.866944397503874e-10,10
ens_entropy_aleatoric,2.150389779179865e-08,0.011982570806100218,22,1.0,1.0,7.961202303457588e-10,10
ens_entropy_aleatoric,2.2154552976369262e-08,0.01252723311546841,23,1.0,1.0,8.060858309346856e-10,10
ens_entropy_aleatoric,2.229955070143581e-08,0.013071895424836602,24,1.0,1.0,8.155785075070199e-10,10
ens_entropy_aleatoric,2.2940427747402592e-08,0.013616557734204794,25,1.0,1.0,8.256160954900338e-10,10
ens_entropy_aleatoric,2.3086551833805865e-08,0.014161220043572984,26,1.0,1.0,8.350643424611585e-10,10
ens_entropy_aleatoric,2.308655223283736e-08,0.014705882352941176,27,1.0,1.0,8.438127809653308e-10,10
ens_entropy_aleatoric,2.3098587451549927e-08,0.015250544662309368,28,1.0,1.0,8.517678506958504e-10,10
ens_entropy_aleatoric,2.3687411374290417e-08,0.01579520697167756,29,1.0,1.0,8.604602815705577e-10,10
ens_entropy_aleatoric,2.4889163611188618e-08,0.016339869281045753,30,1.0,1.0,8.702679762014516e-10,10
ens_entropy_aleatoric,2.5301639262605318e-08,0.016884531590413945,31,1.0,1.0,8.80189100816245e-10,10
ens_entropy_aleatoric,2.532758607767164e-08,0.017429193899782137,32,1.0,1.0,8.895599465374993e-10,10
ens_entropy_aleatoric,2.5515687372687113e-08,0.017973856209150325,33,1.0,1.0,8.990408956020528e-10,10
ens_entropy_aleatoric,2.6063466123047414e-08,0.018518518518518517,34,1.0,1.0,9.082519670995904e-10,10
ens_entropy_aleatoric,2.6074878366053273e-08,0.01906318082788671,35,1.0,1.0,9.169606883320723e-10,10
ens_entropy_aleatoric,2.6121493640946242e-08,0.0196078431372549,36,1.0,1.0,9.252234225678693e-10,10
ens_entropy_aleatoric,2.614052452922161e-08,0.020152505446623094,37,1.0,1.0,9.330488153874266e-10,10
ens_entropy_aleatoric,2.6162206529113718e-08,0.020697167755991286,38,1.0,1.0,9.40585451630601e-10,10
ens_entropy_aleatoric,2.6756570983374353e-08,0.021241830065359478,39,1.0,1.0,9.48481208103894e-10,10
ens_entropy_aleatoric,2.7162941859216194e-08,0.02178649237472767,40,0.975,0.95,0.025000000708603264,10
ens_entropy_aleatoric,2.741930714495678e-08,0.022331154684095862,41,0.975609756097561,0.9511323003575685,0.024390244621622773,10
ens_entropy_aleatoric,2.7568120376736142e-08,0.02287581699346405,42,0.9761904761904762,0.9521640091116172,0.023809524480921804,10
ens_entropy_aleatoric,2.7876192235566575e-08,0.023420479302832243,43,0.9767441860465116,0.9534127843986998,0.023255814635778138,10
ens_entropy_aleatoric,2.8294839793936394e-08,0.023965141612200435,44,0.9772727272727273,0.9545454545454546,0.022727273420767583,10
ens_entropy_aleatoric,2.863387301538934e-08,0.024509803921568627,45,0.9777777777777777,0.9554896142433233,0.022222222997328792,10
ens_entropy_aleatoric,2.988021334517839e-08,0.02505446623093682,46,0.9782608695652174,0.9563567362428843,0.021739131220820225,10
ens_entropy_aleatoric,2.998282626650502e-08,0.02559912854030501,47,0.9787234042553191,0.9573889392565729,0.021276596489301504,10
ens_entropy_aleatoric,3.096027282405627e-08,0.026143790849673203,48,0.9791666666666666,0.9581881533101044,0.0208333340893838,10
ens_entropy_aleatoric,3.109914024658102e-08,0.026688453159041396,49,0.9795918367346939,0.9591326105087572,0.020408164032788195,10
ens_entropy_aleatoric,3.177078940779589e-08,0.027233115468409588,50,0.98,0.96,0.020000000793885822,10
ens_entropy_aleatoric,3.2072437703656926e-08,0.027777777777777776,51,0.9803921568627451,0.9607993850883935,0.01960784394225107,10
ens_entropy_aleatoric,3.270324200292633e-08,0.02832244008714597,52,0.9807692307692307,0.9615384615384615,0.019230770049967053,10
ens_entropy_aleatoric,3.2999613600075406e-08,0.02886710239651416,53,0.9811320754716981,0.962223806129722,0.01886792535906474,10
ens_entropy_aleatoric,3.408576280238475e-08,0.029411764705882353,54,0.9814814814814815,0.9628610729023385,0.018518519360730894,10
ens_entropy_aleatoric,3.4232355011839286e-08,0.029956427015250545,55,0.9818181818181818,0.9636002647253474,0.01818181899023533,10
ens_entropy_aleatoric,3.467474923907328e-08,0.030501089324618737,56,0.9821428571428571,0.9641943734015345,0.0178571436773703,10
ens_entropy_aleatoric,3.553672470978059e-08,0.03104575163398693,57,0.9824561403508771,0.964879852125693,0.017543860499643744,10
ens_entropy_aleatoric,3.566147429097397e-08,0.03159041394335512,58,0.9827586206896551,0.9654350417163289,0.01724138021703075,10
ens_entropy_aleatoric,3.56814829557233e-08,0.03213507625272331,59,0.9830508474576272,0.9660724554341577,0.016949153418639167,10
ens_entropy_aleatoric,3.5852672535612805e-08,0.032679738562091505,60,0.9833333333333333,0.9665924276169264,0.01666666755425039,10
ens_entropy_aleatoric,3.633293299884581e-08,0.0332244008714597,61,0.9836065573770492,0.9671866594943518,0.01639344352169061,10
ens_entropy_aleatoric,3.648196375749725e-08,0.03376906318082789,62,0.9838709677419355,0.9676746611053181,0.016129033170168342,10
ens_entropy_aleatoric,3.673681200697524e-08,0.03431372549019608,63,0.9841269841269841,0.968133535660091,0.015873016795146373,10
ens_entropy_aleatoric,3.6971609665864385e-08,0.034858387799564274,64,0.984375,0.9685658153241651,0.01562500089317989,10
ens_entropy_aleatoric,3.729325757350622e-08,0.03540305010893246,65,0.9846153846153847,0.9689737470167066,0.015384616329760932,10
ens_entropy_aleatoric,3.771756326288754e-08,0.03594771241830065,66,0.9848484848484849,0.9695290858725762,0.01515151608556975,10
ens_entropy_aleatoric,3.949838884269257e-08,0.03649237472766884,67,0.9850746268656716,0.969914683430624,0.01492537411889115,10
ens_entropy_aleatoric,3.963095006000177e-08,0.037037037037037035,68,0.9852941176470589,0.9704347826086958,0.014705883312853647,10
ens_entropy_aleatoric,4.002049793680262e-08,0.03758169934640523,69,0.9855072463768116,0.9709228824273073,0.014492754632059969,10
ens_entropy_aleatoric,4.012240219978809e-08,0.03812636165577342,70,0.9857142857142858,0.9712879409351929,0.014285715270685628,10
ens_entropy_aleatoric,4.03176194471893e-08,0.03867102396514161,71,0.971830985915493,0.9433811802232855,0.028169014711677095,10
ens_entropy_aleatoric,4.047459454662191e-08,0.0392156862745098,72,0.9722222222222222,0.9440559440559441,0.027777778369505,10
ens_entropy_aleatoric,4.05089617318207e-08,0.039760348583877995,73,0.9726027397260274,0.944947209653092,0.02739726087632373,10
ens_entropy_aleatoric,4.0950503136499e-08,0.04030501089324619,74,0.972972972972973,0.9457875457875459,0.027027027642998632,10
ens_entropy_aleatoric,4.102742133947253e-08,0.04084967320261438,75,0.9733333333333334,0.9465811965811967,0.026666667295072853,10
ens_entropy_aleatoric,4.1458432755300264e-08,0.04139433551198257,76,0.9736842105263158,0.9472222222222223,0.026315790080329762,10
ens_entropy_aleatoric,4.233481832497168e-08,0.041938997821350764,77,0.974025974025974,0.9478319783197832,0.02597402662870021,10
ens_entropy_aleatoric,4.2433163890897113e-08,0.042483660130718956,78,0.9743589743589743,0.9484126984126984,0.025641026273883327,10
ens_entropy_aleatoric,4.258478786629357e-08,0.04302832244008715,79,0.9746835443037974,0.9491634491634491,0.025316456365431762,10
ens_entropy_aleatoric,4.263441619357181e-08,0.04357298474945534,80,0.975,0.9497171590194845,0.0250000007085174,10
ens_entropy_aleatoric,4.293641166923181e-08,0.04411764705882353,81,0.9753086419753086,0.9502457002457002,0.02469135874298443,10
ens_entropy_aleatoric,4.3398488483191215e-08,0.044662309368191724,82,0.975609756097561,0.9507507507507507,0.024390244637310467,10
ens_entropy_aleatoric,4.3486773903751916e-08,0.04520697167755991,83,0.9759036144578314,0.9514619883040937,0.024096386258096587,10
ens_entropy_aleatoric,4.399985340129707e-08,0.0457516339869281,84,0.9761904761904762,0.9521367521367521,0.023809524568575085,10
ens_entropy_aleatoric,4.409332590456172e-08,0.046296296296296294,85,0.9764705882352941,0.9527777777777777,0.02352941250693929,10
ens_entropy_aleatoric,4.48207071856615e-08,0.046840958605664486,86,0.9767441860465116,0.9533875338753387,0.02325581473775833,10
ens_entropy_aleatoric,4.5149085011680505e-08,0.04738562091503268,87,0.9770114942528736,0.9538706256627785,0.02298850647022744,10
ens_entropy_aleatoric,4.532021418080045e-08,0.04793028322440087,88,0.9772727272727273,0.9544513457556936,0.02272727346410549,10
ens_entropy_aleatoric,4.5382861243534316e-08,0.04847494553376906,89,0.9775280898876404,0.9550050556117289,0.022471910860030336,10
ens_entropy_aleatoric,4.538939143464947e-08,0.049019607843137254,90,0.9777777777777777,0.9554675903018307,0.022222223012041402,10
ens_entropy_aleatoric,4.5531432712370006e-08,0.049564270152505446,91,0.978021978021978,0.9559108527131782,0.0219780227740867,10
ens_entropy_aleatoric,4.557694539470184e-08,0.05010893246187364,92,0.9782608695652174,0.9563360227812056,0.021739131246093214,10
ens_entropy_aleatoric,4.565478401888742e-08,0.05065359477124183,93,0.978494623655914,0.9567441860465117,0.021505377135559136,10
ens_entropy_aleatoric,4.587627954490026e-08,0.05119825708061002,94,0.9787234042553191,0.9571363429092566,0.02127659657303766,10
ens_entropy_aleatoric,4.644184884748321e-08,0.051742919389978215,95,0.9789473684210527,0.9575134168157424,0.02105263235003288,10
ens_entropy_aleatoric,4.686012117459094e-08,0.05228758169934641,96,0.9791666666666666,0.958041958041958,0.020833334143347957,10
ens_entropy_aleatoric,4.697427970432254e-08,0.0528322440087146,97,0.979381443298969,0.9585470085470085,0.02061855753487937,10
ens_entropy_aleatoric,4.713459135006266e-08,0.05337690631808279,98,0.9795918367346939,0.9589098532494759,0.02040816407232874,10
ens_entropy_aleatoric,4.725503434081275e-08,0.05392156862745098,99,0.9797979797979798,0.9592592592592593,0.020202021049531636,10
ens_entropy_aleatoric,4.7263143574831525e-08,0.054466230936819175,100,0.98,0.9597423510466988,0.020000000859079478,10
ens_entropy_aleatoric,4.7508792588390026e-08,0.05501089324618736,101,0.9801980198019802,0.9600790513833992,0.019801981066735006,10
ens_entropy_aleatoric,4.83248407335633e-08,0.05555555555555555,102,0.9803921568627451,0.9604037267080745,0.01960784402026516,10
ens_entropy_aleatoric,4.844756040788657e-08,0.056100217864923745,103,0.9805825242718447,0.9607170099160947,0.019417476653852305,10
ens_entropy_aleatoric,4.8596913840838037e-08,0.05664488017429194,104,0.9807692307692307,0.9610194902548724,0.01923077010751373,10
ens_entropy_aleatoric,4.860112852143742e-08,0.05718954248366013,105,0.9809523809523809,0.9613117170228445,0.019047619994123015,10
ens_entropy_aleatoric,4.887001295681914e-08,0.05773420479302832,106,0.9811320754716981,0.9617742517129463,0.018867925459517244,10
ens_entropy_aleatoric,4.9259957148587455e-08,0.05827886710239651,107,0.9813084112149533,0.9620567375886525,0.01869158969277998,10
ens_entropy_aleatoric,4.9463980026538e-08,0.058823529411764705,108,0.9814814814814815,0.9623299616323684,0.018518519495172477,10
ens_entropy_aleatoric,5.0300550926182436e-08,0.0593681917211329,109,0.981651376146789,0.9625943719972546,0.018348624782642042,10
ens_entropy_aleatoric,5.0592842035205996e-08,0.05991285403050109,110,0.9818181818181818,0.9628503883823033,0.018181819120816945,10
ens_entropy_aleatoric,5.117216211732911e-08,0.06045751633986928,111,0.9819819819819819,0.9632936507936507,0.01801801896591572,10
ens_entropy_aleatoric,5.1340831070645445e-08,0.06100217864923747,112,0.9821428571428571,0.9635416666666666,0.017857143818998163,10
ens_entropy_aleatoric,5.1524267450392665e-08,0.061546840958605666,113,0.9823008849557522,0.9639668367346939,0.017699116016914634,10
ens_entropy_aleatoric,5.209622537570333e-08,0.06209150326797386,114,0.9824561403508771,0.9643749999999999,0.017543860574794387,10
ens_entropy_aleatoric,5.241999255572964e-08,0.06263616557734204,115,0.9826086956521739,0.9646153846153845,0.01739130534182133,10
ens_entropy_aleatoric,5.270190264985244e-08,0.06318082788671024,116,0.9827586206896551,0.9648484848484847,0.017241380290762286,10
ens_entropy_aleatoric,5.301430171949328e-08,0.06372549019607843,117,0.9829059829059829,0.9652406417112298,0.01709401805267838,10
ens_entropy_aleatoric,5.4109422873927766e-08,0.06427015250544663,118,0.9830508474576272,0.9654667837284169,0.01694915356838186,10
ens_entropy_aleatoric,5.53023139568271e-08,0.06481481481481481,119,0.9831932773109243,0.9658438576349023,0.016806723669210953,10
ens_entropy_aleatoric,5.550864643443601e-08,0.06535947712418301,120,0.9833333333333333,0.9662067023373696,0.016666667697887227,10
ens_entropy_aleatoric,5.69280161375996e-08,0.0659041394335512,121,0.9834710743801653,0.9665561083471532,0.01652892665731741,10
ens_entropy_aleatoric,5.702747982832736e-08,0.0664488017429194,122,0.9836065573770492,0.9668928086838534,0.016393443674773266,10
ens_entropy_aleatoric,5.790844792269846e-08,0.06699346405228758,123,0.983739837398374,0.9672174840085288,0.016260163663982193,10
ens_entropy_aleatoric,5.8864078022480653e-08,0.06753812636165578,124,0.9838709677419355,0.967436974789916,0.016129033310964935,10
ens_entropy_aleatoric,5.909344582645937e-08,0.06808278867102396,125,0.984,0.9676501035196687,0.016000001083750385,10
ens_entropy_aleatoric,5.930053636320414e-08,0.06862745098039216,126,0.9841269841269841,0.9679633867276887,0.015873016915691793,10
ens_entropy_aleatoric,5.970494722997595e-08,0.06917211328976035,127,0.984251968503937,0.968170426065163,0.01574803258092382,10
ens_entropy_aleatoric,5.980026096845219e-08,0.06971677559912855,128,0.984375,0.9684729064039409,0.015625001087244458,10
ens_entropy_aleatoric,6.015183063042674e-08,0.07026143790849673,129,0.9844961240310077,0.9687651331719128,0.015503877074129098,10
ens_entropy_aleatoric,6.03012384992413e-08,0.07080610021786492,130,0.9846153846153847,0.9690476190476192,0.015384616472621746,10
ens_entropy_aleatoric,6.032944963890173e-08,0.07135076252723312,131,0.9847328244274809,0.9693208430913348,0.015267176726948491,10
ens_entropy_aleatoric,6.067339506618183e-08,0.0718954248366013,132,0.9848484848484849,0.9695220503347957,0.015151516319584234,10
ens_entropy_aleatoric,6.068432281994079e-08,0.0724400871459695,133,0.9849624060150376,0.969786460699682,0.01503759516415752,10
ens_entropy_aleatoric,6.091031066454926e-08,0.07298474945533769,134,0.9850746268656716,0.9700424770847306,0.014925374326795743,10
ens_entropy_aleatoric,6.117185222254771e-08,0.07352941176470588,135,0.9851851851851852,0.9702904929577464,0.014814815999313662,10
ens_entropy_aleatoric,6.124520752647857e-08,0.07407407407407407,136,0.9852941176470589,0.9704861111111112,0.014705883520002775,10
ens_entropy_aleatoric,6.13389734777396e-08,0.07461873638344227,137,0.9854014598540146,0.9707264957264957,0.014598541354632883,10
ens_entropy_aleatoric,6.153461561127487e-08,0.07516339869281045,138,0.9855072463768116,0.9709167544783984,0.014492754795645584,10
ens_entropy_aleatoric,6.245106668614467e-08,0.07570806100217865,139,0.9856115107913669,0.9711018711018711,0.01438849042212976,10
ens_entropy_aleatoric,6.302406334896107e-08,0.07625272331154684,140,0.9857142857142858,0.9712820512820514,0.01428571548241321,10
ens_entropy_aleatoric,6.3413830284166e-08,0.07679738562091504,141,0.9858156028368794,0.9714574898785424,0.014184398367959986,10
ens_entropy_aleatoric,6.372613302344588e-08,0.07734204793028322,142,0.9859154929577465,0.9716905901116428,0.014084508260455167,10
ens_entropy_aleatoric,6.429591988055686e-08,0.07788671023965142,143,0.986013986013986,0.9719167321288296,0.013986015235969021,10
ens_entropy_aleatoric,6.454375196678081e-08,0.0784313725490196,144,0.9861111111111112,0.9720876138786587,0.013888890175474974,10
ens_entropy_aleatoric,6.474214726178907e-08,0.0789760348583878,145,0.9862068965517241,0.9723071046600458,0.013793104702473821,10
ens_entropy_aleatoric,6.482836708805662e-08,0.07952069716775599,146,0.9863013698630136,0.9724736048265459,0.01369863144335297,10
ens_entropy_aleatoric,6.492075756232843e-08,0.08006535947712418,147,0.9863945578231292,0.9726867335562988,0.013605443469235487,10
ens_entropy_aleatoric,6.515456688972786e-08,0.08061002178649238,148,0.9864864864864865,0.972893772893773,0.01351351480071116,10
ens_entropy_aleatoric,6.580787298855693e-08,0.08115468409586056,149,0.9865771812080537,0.9730949801372337,0.013422820088419817,10
ens_entropy_aleatoric,6.593699409609774e-08,0.08169934640522876,150,0.9866666666666667,0.9732572651096453,0.01333333464258244,10
ens_entropy_aleatoric,6.649095171611371e-08,0.08224400871459694,151,0.9867549668874173,0.9734528832630099,0.013245034428268484,10
ens_entropy_aleatoric,6.681532826653717e-08,0.08278867102396514,152,0.9868421052631579,0.973611111111111,0.013157896065395414,10
ens_entropy_aleatoric,6.701115972122981e-08,0.08333333333333333,153,0.9869281045751634,0.9737654320987655,0.013071896739990508,10
ens_entropy_aleatoric,6.715785178149193e-08,0.08387799564270153,154,0.987012987012987,0.9739159891598916,0.01298701433744969,10
ens_entropy_aleatoric,6.789850788936942e-08,0.08442265795206971,155,0.9870967741935484,0.9740629183400267,0.012903227125272875,10
ens_entropy_aleatoric,6.822029399875414e-08,0.08496732026143791,156,0.9871794871794872,0.9742063492063493,0.012820514189792735,10
ens_entropy_aleatoric,6.889140587791458e-08,0.0855119825708061,157,0.9808917197452229,0.9615604341793846,0.019108280951950652,10
ens_entropy_aleatoric,6.970465858587792e-08,0.0860566448801743,158,0.9810126582278481,0.961841893414909,0.01898734246414197,10
ens_entropy_aleatoric,7.094723435744572e-08,0.08660130718954248,159,0.9811320754716981,0.9620494868326835,0.018867925229843745,10
ens_entropy_aleatoric,7.103136444769484e-08,0.08714596949891068,160,0.98125,0.9623233908948193,0.018750000714613524,10
ens_entropy_aleatoric,7.1116765103575e-08,0.08769063180827887,161,0.9813664596273292,0.9625900395012005,0.018633541093800336,10
ens_entropy_aleatoric,7.128823879873864e-08,0.08823529411764706,162,0.9814814814814815,0.9627928341754709,0.018518519213578777,10
ens_entropy_aleatoric,7.175246757226473e-08,0.08877995642701525,163,0.9815950920245399,0.9629909937183078,0.01840490865795088,10
ens_entropy_aleatoric,7.188703115061049e-08,0.08932461873638345,164,0.9817073170731707,0.9632506722438003,0.018292683644108857,10
ens_entropy_aleatoric,7.397116027632216e-08,0.08986928104575163,165,0.9818181818181818,0.9635036496350364,0.018181818867977213,10
ens_entropy_aleatoric,7.551109454248382e-08,0.09041394335511982,166,0.9819277108433735,0.9637501819769981,0.01807228989231862,10
ens_entropy_aleatoric,7.562924619561795e-08,0.09095860566448802,167,0.9820359281437125,0.9639438646995322,0.017964072578473964,10
ens_entropy_aleatoric,7.635950086047432e-08,0.0915032679738562,168,0.9821428571428571,0.9641332194705379,0.017857143573610464,10
ens_entropy_aleatoric,7.650829095987904e-08,0.0920479302832244,169,0.9822485207100592,0.9643183897529735,0.017751480015853756,10
ens_entropy_aleatoric,7.680494188824552e-08,0.09259259259259259,170,0.9823529411764705,0.9645587213342598,0.01764705956112045,10
ens_entropy_aleatoric,7.721077813572353e-08,0.09313725490196079,171,0.9824561403508771,0.9647930821494749,0.017543860392280872,10
ens_entropy_aleatoric,7.873207977898452e-08,0.09368191721132897,172,0.9825581395348837,0.9649742058104805,0.01744186118141037,10
ens_entropy_aleatoric,7.923294502904783e-08,0.09422657952069717,173,0.9826589595375722,0.9652028159570901,0.017341041165634327,10
ens_entropy_aleatoric,8.1016696217047e-08,0.09477124183006536,174,0.9827586206896551,0.9653800238758455,0.017241380046669207,10
ens_entropy_aleatoric,8.124263816149222e-08,0.09531590413943355,175,0.9828571428571429,0.9655534413752379,0.017142857982886978,10
ens_entropy_aleatoric,8.224880217891563e-08,0.09586056644880174,176,0.9829545454545454,0.9657231887821345,0.01704545543585367,10
ens_entropy_aleatoric,8.229099587924454e-08,0.09640522875816994,177,0.9830508474576272,0.9658893813836964,0.016949153386718516,10
ens_entropy_aleatoric,8.243384237243467e-08,0.09694989106753812,178,0.9831460674157303,0.9660521296884932,0.016853933424423477,10
ens_entropy_aleatoric,8.24948523077495e-08,0.09749455337690632,179,0.9832402234636871,0.9662751993970985,0.01675977744654933,10
ens_entropy_aleatoric,8.257119062794909e-08,0.09803921568627451,180,0.9833333333333333,0.9664346096469417,0.01666666759044328,10
ens_entropy_aleatoric,8.26368184739945e-08,0.09858387799564271,181,0.9834254143646409,0.9666523367929744,0.016574586564074945,10
ens_entropy_aleatoric,8.319457265636651e-08,0.09912854030501089,182,0.9835164835164835,0.9668649107901444,0.016483517430032225,10
ens_entropy_aleatoric,8.324760614208943e-08,0.09967320261437909,183,0.9836065573770492,0.9670725124452707,0.016393443582583208,10
ens_entropy_aleatoric,8.40756411699909e-08,0.10021786492374728,184,0.9836956521739131,0.9672753142044108,0.016304348776482923,10
ens_entropy_aleatoric,8.451439710895603e-08,0.10076252723311546,185,0.9837837837837838,0.9674314887623967,0.016216217178740073,10
ens_entropy_aleatoric,8.471877891785118e-08,0.10130718954248366,186,0.9838709677419355,0.9675845242244685,0.016129033224046616,10
ens_entropy_aleatoric,8.494928590636712e-08,0.10185185185185185,187,0.9786096256684492,0.9570164348925412,0.02139037445397624,10
ens_entropy_aleatoric,8.599276859001738e-08,0.10239651416122005,188,0.9787234042553191,0.9572775820929439,0.021276595877953546,10
ens_entropy_aleatoric,8.60422083849625e-08,0.10294117647058823,189,0.9788359788359788,0.9575328614762386,0.02116402128767467,10
ens_entropy_aleatoric,8.684189250486639e-08,0.10348583877995643,190,0.9789473684210527,0.9577824686145985,0.021052631713791327,10
ens_entropy_aleatoric,8.711028120123443e-08,0.10403050108932461,191,0.9790575916230366,0.9580265904845621,0.020942408514721327,10
ens_entropy_aleatoric,8.762196706194226e-08,0.10457516339869281,192,0.9791666666666666,0.9582654059341376,0.020833333447660644,10
ens_entropy_aleatoric,8.827155808785371e-08,0.105119825708061,193,0.9792746113989638,0.9584990861197722,0.020725388726338497,10
ens_entropy_aleatoric,8.953345078605289e-08,0.1056644880174292,194,0.979381443298969,0.9586970406642538,0.02061855681622128,10
ens_entropy_aleatoric,8.961471200659966e-08,0.10620915032679738,195,0.9794871794871794,0.9588911141562136,0.020512820638874926,10
ens_entropy_aleatoric,8.98380627995076e-08,0.10675381263616558,196,0.9795918367346939,0.9590814196242171,0.02040816352061429,10
ens_entropy_aleatoric,8.991952559901348e-08,0.10729847494553377,197,0.9796954314720813,0.9593101311576991,0.020304568831387877,10
ens_entropy_aleatoric,9.016502375066783e-08,0.10784313725490197,198,0.9797979797979798,0.9594967781528075,0.020202020504699634,10
ens_entropy_aleatoric,9.044780631181071e-08,0.10838779956427015,199,0.9798994974874372,0.9597206760449348,0.020100502807326705,10
ens_entropy_aleatoric,9.162221374789122e-08,0.10893246187363835,200,0.975,0.9499098377078742,0.02500000030717937,10
ens_entropy_aleatoric,9.251147698159156e-08,0.10947712418300654,201,0.9701492537313433,0.9401845055054062,0.029850746581732878,10
ens_entropy_aleatoric,9.296684280058064e-08,0.11002178649237472,202,0.9702970297029703,0.9405065776556056,0.029702970585718025,10
ens_entropy_aleatoric,9.512739899002095e-08,0.11056644880174292,203,0.9704433497536946,0.9408220775434847,0.02955665054669699,10
ens_entropy_aleatoric,9.525757237682708e-08,0.1111111111111111,204,0.9705882352941176,0.9411312043093497,0.029411764997563043,10
ens_entropy_aleatoric,9.577167408052314e-08,0.1116557734204793,205,0.9707317073170731,0.9414341491286544,0.029268292972878262,10
ens_entropy_aleatoric,9.59115121020912e-08,0.11220043572984749,206,0.970873786407767,0.9417036128667107,0.029126213860406678,10
ens_entropy_aleatoric,9.595809682167679e-08,0.11274509803921569,207,0.9710144927536232,0.9420005603810591,0.028985507561252906,10
ens_entropy_aleatoric,9.636719202598521e-08,0.11328976034858387,208,0.9711538461538461,0.9422916859335985,0.028846153347993734,10
ens_entropy_aleatoric,9.647902546192076e-08,0.11383442265795207,209,0.9712918660287081,0.9425771590805018,0.028708133462664452,10
ens_entropy_aleatoric,9.800161467593222e-08,0.11437908496732026,210,0.9714285714285714,0.9428571428571428,0.02857142807227141,10
ens_entropy_aleatoric,9.827279469978175e-08,0.11492374727668846,211,0.9715639810426541,0.9431215742654327,0.028436018460811258,10
ens_entropy_aleatoric,9.849404407374537e-08,0.11546840958605664,212,0.9669811320754716,0.9339622641509433,0.03301886740722154,10
ens_entropy_aleatoric,9.881013460350281e-08,0.11601307189542484,213,0.9671361502347418,0.9342621577531854,0.032863849257020517,10
ens_entropy_aleatoric,9.949748493329869e-08,0.11655773420479303,214,0.9672897196261683,0.9345565749235475,0.032710279854925736,10
ens_entropy_aleatoric,9.9571212373544e-08,0.11710239651416122,215,0.9674418604651163,0.9348456643144725,0.032558139011825575,10
ens_entropy_aleatoric,9.964510080499696e-08,0.11764705882352941,216,0.9675925925925926,0.9351629502572898,0.032407406861827186,10
ens_entropy_aleatoric,1.0035189561556362e-07,0.11819172113289761,217,0.967741935483871,0.9354742789176331,0.032258063979785326,10
ens_entropy_aleatoric,1.0089898612116343e-07,0.1187363834422658,218,0.963302752293578,0.926605504587156,0.0366972471657012,10
ens_entropy_aleatoric,1.0304130401197573e-07,0.119281045751634,219,0.9634703196347032,0.9269269269269269,0.03652967981337018,10
ens_entropy_aleatoric,1.03432664968806e-07,0.11982570806100218,220,0.9590909090909091,0.918154761904762,0.040909090366304766,10
ens_entropy_aleatoric,1.0463961250440006e-07,0.12037037037037036,221,0.9547511312217195,0.9094855832241154,0.04524886823857282,10
ens_entropy_aleatoric,1.0557218417682299e-07,0.12091503267973856,222,0.954954954954955,0.9098733354985385,0.04504504448396231,10
ens_entropy_aleatoric,1.0598080389450648e-07,0.12145969498910675,223,0.9551569506726457,0.9102543464262717,0.04484304877486081,10
ens_entropy_aleatoric,1.0763075389409092e-07,0.12200435729847495,224,0.9553571428571429,0.9106287902968402,0.04464285666833973,10
ens_entropy_aleatoric,1.0767562453365809e-07,0.12254901960784313,225,0.9555555555555556,0.9110531309297913,0.044444444027632375,10
ens_entropy_aleatoric,1.0970593601823523e-07,0.12309368191721133,226,0.9557522123893806,0.9114211805283374,0.044247787171724624,10
ens_entropy_aleatoric,1.109279184150711e-07,0.12363834422657952,227,0.9559471365638766,0.9117829939375097,0.044052862944142554,10
ens_entropy_aleatoric,1.1206028919045488e-07,0.12418300653594772,228,0.956140350877193,0.9121996303142329,0.04385964868747109,10
ens_entropy_aleatoric,1.1218727415939811e-07,0.1247276688453159,229,0.9563318777292577,0.9126087620210654,0.043668121799275275,10
ens_entropy_aleatoric,1.1236021506877337e-07,0.12527233115468409,230,0.9565217391304348,0.9130105900151286,0.04347826040781659,10
ens_entropy_aleatoric,1.1252137342715421e-07,0.12581699346405228,231,0.9567099567099567,0.9133663366336634,0.04329004283229605,10
ens_entropy_aleatoric,1.1291324295905498e-07,0.12636165577342048,232,0.9568965517241379,0.9137161559059803,0.04310344779553699,10
ens_entropy_aleatoric,1.1351535635833822e-07,0.12690631808278868,233,0.9570815450643777,0.9141108817457978,0.042918454464836324,10
ens_entropy_aleatoric,1.137125665762684e-07,0.12745098039215685,234,0.9572649572649573,0.91445492432551,0.04273504144574689,10
ens_entropy_aleatoric,1.1405829016315115e-07,0.12799564270152505,235,0.9574468085106383,0.9148427308305552,0.04255319022390625,10
ens_entropy_aleatoric,1.1494773862555447e-07,0.12854030501089325,236,0.9576271186440678,0.9152237948128458,0.04237288006602927,10
ens_entropy_aleatoric,1.1691010319462198e-07,0.12908496732026145,237,0.9578059071729957,0.9155982905982906,0.04219409151758988,10
ens_entropy_aleatoric,1.1697903892711746e-07,0.12962962962962962,238,0.957983193277311,0.9159663865546219,0.04201680549644917,10
ens_entropy_aleatoric,1.1773374047951997e-07,0.13017429193899782,239,0.9581589958158996,0.916304804594481,0.04184100293816239,10
ens_entropy_aleatoric,1.1803654048637099e-07,0.13071895424836602,240,0.9583333333333334,0.9166377214310525,0.04166666542746375,10
ens_entropy_aleatoric,1.1818852436500278e-07,0.1312636165577342,241,0.9585062240663901,0.916999586719934,0.04149377469369587,10
ens_entropy_aleatoric,1.1857241033179895e-07,0.1318082788671024,242,0.9586776859504132,0.9173271385624489,0.041322312789973524,10
ens_entropy_aleatoric,1.1870186037576873e-07,0.1323529411764706,243,0.9588477366255144,0.9176829268292682,0.041152262121537664,10
ens_entropy_aleatoric,1.1911534164481295e-07,0.1328976034858388,244,0.9590163934426229,0.9180052422877881,0.04098360528501925,10
ens_entropy_aleatoric,1.1953725085437934e-07,0.13344226579520696,245,0.9591836734693877,0.9183551053052519,0.040816325248856596,10
ens_entropy_aleatoric,1.2007272522471572e-07,0.13398692810457516,246,0.9552845528455285,0.910569105691057,0.04471544587926751,10
ens_entropy_aleatoric,1.2064495456344764e-07,0.13453159041394336,247,0.9554655870445344,0.9109443115146351,0.044534411660879694,10
ens_entropy_aleatoric,1.208556653872156e-07,0.13507625272331156,248,0.9556451612903226,0.9113133940182055,0.04435483740553196,10
ens_entropy_aleatoric,1.2205640705997937e-07,0.13562091503267973,249,0.9558232931726908,0.9116594097726174,0.04417670550376327,10
ens_entropy_aleatoric,1.2359975488924497e-07,0.13616557734204793,250,0.956,0.9119999999999999,0.043999998682442254,10
ens_entropy_aleatoric,1.24214180404086e-07,0.13671023965141613,251,0.9561752988047809,0.912335291316082,0.043824699876619286,10
ens_entropy_aleatoric,1.247716602484709e-07,0.13725490196078433,252,0.9563492063492064,0.9126984126984128,0.04365079231226173,10
ens_entropy_aleatoric,1.250216464967984e-07,0.1377995642701525,253,0.9565217391304348,0.9130285321416295,0.043478259537244164,10
ens_entropy_aleatoric,1.2508146179587664e-07,0.1383442265795207,254,0.9566929133858267,0.9133858267716535,0.04330708526224723,10
ens_entropy_aleatoric,1.258410528228835e-07,0.1388888888888889,255,0.9568627450980393,0.913737429652182,0.04313725354031545,10
ens_entropy_aleatoric,1.259591606068104e-07,0.1394335511982571,256,0.95703125,0.9140625,0.04296874864451398,10
ens_entropy_aleatoric,1.27508317370902e-07,0.13997821350762527,257,0.9571984435797666,0.9144085500620669,0.04280155504477148,10
ens_entropy_aleatoric,1.2799663568426781e-07,0.14052287581699346,258,0.9573643410852714,0.914749173926104,0.04263565752961544,10
ens_entropy_aleatoric,1.2908895605637142e-07,0.14106753812636166,259,0.9575289575289575,0.9150693098822477,0.04247104106597745,10
ens_entropy_aleatoric,1.2939640306827248e-07,0.14161220043572983,260,0.9576923076923077,0.9154046379555135,0.042307690908517076,10
ens_entropy_aleatoric,1.300290898462214e-07,0.14215686274509803,261,0.9578544061302682,0.9157199471598414,0.042145592611622186,10
ens_entropy_aleatoric,1.3131132431227046e-07,0.14270152505446623,262,0.9580152671755725,0.916030534351145,0.04198473154577343,10
ens_entropy_aleatoric,1.3239109245676556e-07,0.14324618736383443,263,0.9581749049429658,0.9163606927057734,0.041825093785864166,10
ens_entropy_aleatoric,1.3326007579797526e-07,0.1437908496732026,264,0.9583333333333334,0.9166666666666667,0.041666665406543825,10
ens_entropy_aleatoric,1.339443244082389e-07,0.1443355119825708,265,0.9584905660377359,0.916968126014755,0.04150943266181127,10
ens_entropy_aleatoric,1.3463302738534613e-07,0.144880174291939,266,0.9586466165413534,0.9172932330827068,0.04135338214279551,10
ens_entropy_aleatoric,1.3516114512652803e-07,0.1454248366013072,267,0.9588014981273408,0.9175902803108954,0.04119849979786959,10
ens_entropy_aleatoric,1.3521707638976843e-07,0.14596949891067537,268,0.9589552238805971,0.917883008356546,0.041044774011366046,10
ens_entropy_aleatoric,1.3526433206194323e-07,0.14651416122004357,269,0.9591078066914498,0.9181715107436188,0.0408921912048938,10
ens_entropy_aleatoric,1.353047084777788e-07,0.14705882352941177,270,0.9592592592592593,0.918455878315304,0.04074073861949723,10
ens_entropy_aleatoric,1.3553011196850854e-07,0.14760348583877997,271,0.959409594095941,0.9187361993293897,0.04059040377207314,10
ens_entropy_aleatoric,1.3575832423708995e-07,0.14814814814814814,272,0.9595588235294118,0.9190125595495886,0.04044117432113171,10
ens_entropy_aleatoric,1.3687181309038407e-07,0.14869281045751634,273,0.9597069597069597,0.9192850423330198,0.04029303814769858,10
ens_entropy_aleatoric,1.374213183029657e-07,0.14923747276688454,274,0.9598540145985401,0.9196052280608162,0.040145983238412807,10
ens_entropy_aleatoric,1.3751255851252752e-07,0.14978213507625274,275,0.96,0.919873917304585,0.03999999917294948,10
ens_entropy_aleatoric,1.3800071137413464e-07,0.1503267973856209,276,0.9601449275362319,0.9201892744479496,0.03985507162076941,10
ens_entropy_aleatoric,1.3860621763187703e-07,0.1508714596949891,277,0.9602888086642599,0.9204542487925859,0.03971119049908007,10
ens_entropy_aleatoric,1.3873622797315558e-07,0.1514161220043573,278,0.960431654676259,0.9207648857335338,0.039568344455274455,10
ens_entropy_aleatoric,1.401767863305185e-07,0.15196078431372548,279,0.9605734767025089,0.9210262216618202,0.03942652243464106,10
ens_entropy_aleatoric,1.4052782346099587e-07,0.15250544662309368,280,0.9607142857142857,0.9212839910038848,0.0392857134064326,10
ens_entropy_aleatoric,1.405599541539569e-07,0.15305010893246188,281,0.9608540925266904,0.921590015473986,0.03914590659248578,10
ens_entropy_aleatoric,1.4065810696804646e-07,0.15359477124183007,282,0.9609929078014184,0.9218915243994561,0.03900709134635169,10
ens_entropy_aleatoric,1.4144090572063345e-07,0.15413943355119825,283,0.9611307420494699,0.9221458046767537,0.03886925710395155,10
ens_entropy_aleatoric,1.4231824752723136e-07,0.15468409586056645,284,0.9612676056338029,0.9224428997020855,0.03873239350348108,10
ens_entropy_aleatoric,1.4382014109073156e-07,0.15522875816993464,285,0.9614035087719298,0.9226937587848001,0.03859649035608374,10
ens_entropy_aleatoric,1.442451631923797e-07,0.15577342047930284,286,0.9615384615384616,0.9229412629206878,0.03846153757307088,10
ens_entropy_aleatoric,1.4452220752090288e-07,0.15631808278867101,287,0.9616724738675958,0.9231854789654249,0.03832752524947873,10
ens_entropy_aleatoric,1.4514398093592932e-07,0.1568627450980392,288,0.9618055555555556,0.9234782608695653,0.038194443529827406,10
ens_entropy_aleatoric,1.453554192214663e-07,0.1574074074074074,289,0.9619377162629758,0.9237668161434978,0.03806228282751679,10
ens_entropy_aleatoric,1.4614303389288935e-07,0.1579520697167756,290,0.9620689655172414,0.9240078136166564,0.03793103355670073,10
ens_entropy_aleatoric,1.464809979207208e-07,0.15849673202614378,291,0.9621993127147767,0.9242922352829877,0.037800686357086825,10
ens_entropy_aleatoric,1.467563502975199e-07,0.15904139433551198,292,0.9623287671232876,0.924572609430772,0.03767123197732366,10
ens_entropy_aleatoric,1.4789834060590523e-07,0.15958605664488018,293,0.962457337883959,0.9248104514172402,0.03754266122131116,10
ens_entropy_aleatoric,1.4868298310554218e-07,0.16013071895424835,294,0.9625850340136054,0.9250451953831177,0.03741496507455224,10
ens_entropy_aleatoric,1.490384560679558e-07,0.16067538126361655,295,0.9627118644067797,0.9252769014668295,0.03728813467081791,10
ens_entropy_aleatoric,1.4912139009357558e-07,0.16122004357298475,296,0.9628378378378378,0.9255056282602727,0.03716216122253691,10
ens_entropy_aleatoric,1.503321745290395e-07,0.16176470588235295,297,0.9629629629629629,0.9257820486608055,0.03703703610194429,10
ens_entropy_aleatoric,1.5084876671293532e-07,0.16230936819172112,298,0.9630872483221476,0.9260078551758385,0.03691275071111785,10
ens_entropy_aleatoric,1.5161781985450492e-07,0.16285403050108932,299,0.9632107023411371,0.9262803989689566,0.03678929669676687,10
ens_entropy_aleatoric,1.518483989024258e-07,0.16339869281045752,300,0.9633333333333334,0.9265033407572384,0.03666666568801111,10
ens_entropy_aleatoric,1.5188231820688213e-07,0.16394335511982572,301,0.9634551495016611,0.9267234701781565,0.03654484951777913,10
ens_entropy_aleatoric,1.520309865849031e-07,0.1644880174291939,302,0.9602649006622517,0.9203201266435074,0.03973509687558471,10
ens_entropy_aleatoric,1.5225708957764192e-07,0.1650326797385621,303,0.9603960396039604,0.920555846879916,0.039603957937810706,10
ens_entropy_aleatoric,1.526508751269278e-07,0.1655773420479303,304,0.9605263157894737,0.9208470751605624,0.03947368173459644,10
ens_entropy_aleatoric,1.5298307853078426e-07,0.1661220043572985,305,0.9606557377049181,0.9211342871918635,0.03934425980852965,10
ens_entropy_aleatoric,1.531178028773096e-07,0.16666666666666666,306,0.9607843137254902,0.9213670821020172,0.03921568377064325,10
ens_entropy_aleatoric,1.5467874538716127e-07,0.16721132897603486,307,0.9609120521172638,0.9215970034902528,0.03908794538290576,10
ens_entropy_aleatoric,1.5474721326225848e-07,0.16775599128540306,308,0.961038961038961,0.9218241042345277,0.03896103642930539,10
ens_entropy_aleatoric,1.5580552648801442e-07,0.16830065359477125,309,0.9611650485436893,0.9221073859339551,0.03883495026392863,10
ens_entropy_aleatoric,1.566254631359631e-07,0.16884531590413943,310,0.9612903225806452,0.9223317187239018,0.0387096762110164,10
ens_entropy_aleatoric,1.5673268257994375e-07,0.16938997821350762,311,0.9614147909967846,0.9225533327799453,0.03858520779438308,10
ens_entropy_aleatoric,1.5720061246757452e-07,0.16993464052287582,312,0.9615384615384616,0.9227722772277228,0.03846153723088266,10
ens_entropy_aleatoric,1.5878923425144079e-07,0.170479302832244,313,0.9616613418530351,0.9230517085962467,0.03833865628688357,10
ens_entropy_aleatoric,1.5896768024615492e-07,0.1710239651416122,314,0.9617834394904459,0.9232680324196636,0.03821655865372623,10
ens_entropy_aleatoric,1.5940645845137172e-07,0.1715686274509804,315,0.9619047619047619,0.9234817813765183,0.038095236210661854,10
ens_entropy_aleatoric,1.594744773693699e-07,0.1721132897603486,316,0.9620253164556962,0.9236930011671429,0.037974681664210794,10
ens_entropy_aleatoric,1.6027739117572526e-07,0.17265795206971676,317,0.9621451104100947,0.92390173641674,0.03785488773606831,10
ens_entropy_aleatoric,1.6148146377304412e-07,0.17320261437908496,318,0.9622641509433962,0.9241773962804006,0.03773584717399784,10
ens_entropy_aleatoric,1.6274859528103932e-07,0.17374727668845316,319,0.9623824451410659,0.9243836915297092,0.037617552980273423,10
ens_entropy_aleatoric,1.632022747338576e-07,0.17429193899782136,320,0.9625,0.9246556527881333,0.03749999810723281,10
ens_entropy_aleatoric,1.6346063073210973e-07,0.17483660130718953,321,0.9626168224299065,0.9248595505617978,0.03738317567457494,10
ens_entropy_aleatoric,1.6371042946377015e-07,0.17538126361655773,322,0.9596273291925466,0.9188476600364468,0.040372668891760354,10
ens_entropy_aleatoric,1.6420457267978713e-07,0.17592592592592593,323,0.9597523219814241,0.9191364800585436,0.040247676088630766,10
ens_entropy_aleatoric,1.6511483216636765e-07,0.17647058823529413,324,0.9598765432098766,0.9194214876033059,0.040123454863430975,10
ens_entropy_aleatoric,1.656129863288281e-07,0.1770152505446623,325,0.96,0.9197027576638729,0.03999999804486214,10
ens_entropy_aleatoric,1.6821775209608422e-07,0.1775599128540305,326,0.9601226993865031,0.9199803632793324,0.039877298661470044,10
ens_entropy_aleatoric,1.6870395749065194e-07,0.1781045751633987,327,0.9602446483180428,0.9201974882201656,0.03975534975508266,10
ens_entropy_aleatoric,1.697706363576993e-07,0.1786492374727669,328,0.9603658536585366,0.9204715010444643,0.03963414438557007,10
ens_entropy_aleatoric,1.7060716390331145e-07,0.17919389978213507,329,0.9604863221884499,0.9206861381548447,0.0395136758584775,10
ens_entropy_aleatoric,1.7080206319711549e-07,0.17973856209150327,330,0.9606060606060606,0.9209566274827725,0.039393937425963484,10
ens_entropy_aleatoric,1.715061687750794e-07,0.18028322440087147,331,0.9607250755287009,0.9212236603628507,0.03927492249935421,10
ens_entropy_aleatoric,1.7204878331107098e-07,0.18082788671023964,332,0.9608433734939759,0.9214358526285131,0.03915662451330997,10
ens_entropy_aleatoric,1.729020061243358e-07,0.18137254901960784,333,0.960960960960961,0.9216994953605729,0.039039037030728634,10
ens_entropy_aleatoric,1.730007470620705e-07,0.18191721132897604,334,0.9610778443113772,0.9219092838387107,0.03892215368272241,10
ens_entropy_aleatoric,1.7390893906543707e-07,0.18246187363834424,335,0.9611940298507463,0.9221167086932418,0.03880596667625177,10
ens_entropy_aleatoric,1.7461564111747487e-07,0.1830065359477124,336,0.9613095238095238,0.9223770258743248,0.03869047271854039,10
ens_entropy_aleatoric,1.7492195327136251e-07,0.1835511982570806,337,0.9614243323442137,0.9225821272685504,0.03857566416744295,10
ens_entropy_aleatoric,1.7539068121616804e-07,0.1840958605664488,338,0.9615384615384616,0.9228391809784708,0.03846153494305397,10
ens_entropy_aleatoric,1.7823838192230574e-07,0.184640522875817,339,0.9616519174041298,0.9230930317784409,0.03834807907835608,10
ens_entropy_aleatoric,1.7876650648096101e-07,0.18518518518518517,340,0.961764705882353,0.9233437391605966,0.03823529058351268,10
ens_entropy_aleatoric,1.7909612063437317e-07,0.18572984749455337,341,0.9618768328445748,0.9235913611527656,0.03812316361562059,10
ens_entropy_aleatoric,1.792419312367971e-07,0.18627450980392157,342,0.9619883040935673,0.923835954363244,0.038011692350022025,10
ens_entropy_aleatoric,1.7977420133689687e-07,0.18681917211328977,343,0.9620991253644315,0.9240775740239398,0.03790087106250568,10
ens_entropy_aleatoric,1.809379477542469e-07,0.18736383442265794,344,0.9622093023255814,0.9242803928208602,0.037790694102279164,10
ens_entropy_aleatoric,1.8094509650456836e-07,0.18790849673202614,345,0.9623188405797102,0.9244809644883734,0.03768115581802992,10
ens_entropy_aleatoric,1.810562025510053e-07,0.18845315904139434,346,0.9624277456647399,0.9247196652719665,0.03757225073391224,10
ens_entropy_aleatoric,1.8167821284950196e-07,0.18899782135076254,347,0.962536023054755,0.9249180273297715,0.03746397332731581,10
ens_entropy_aleatoric,1.8359721988655055e-07,0.1895424836601307,348,0.9626436781609196,0.9251142157187314,0.03735631819044647,10
ens_entropy_aleatoric,1.8396994963006998e-07,0.1900871459694989,349,0.9627507163323782,0.9253082659730338,0.03724928001991596,10
ens_entropy_aleatoric,1.840655568449333e-07,0.1906318082788671,350,0.9628571428571429,0.9255441008018328,0.0371428534785436,10
ens_entropy_aleatoric,1.8443292909786738e-07,0.19117647058823528,351,0.9629629629629629,0.9257771198984985,0.03703703336708383,10
ens_entropy_aleatoric,1.8459484497854663e-07,0.19172113289760348,352,0.9630681818181818,0.926007373391113,0.036931814495123,10
ens_entropy_aleatoric,1.847166210364701e-07,0.19226579520697168,353,0.9631728045325779,0.9262349102248799,0.036827193095110594,10
ens_entropy_aleatoric,1.8486672071057242e-07,0.19281045751633988,354,0.963276836158192,0.9264268585131894,0.036723161472211614,10
ens_entropy_aleatoric,1.8546101076702677e-07,0.19335511982570805,355,0.9633802816901409,0.926616737426259,0.036619715947383925,10
ens_entropy_aleatoric,1.8657479146181014e-07,0.19389978213507625,356,0.9634831460674157,0.9268416060701865,0.036516852000969637,10
ens_entropy_aleatoric,1.8692870695859882e-07,0.19444444444444445,357,0.9635854341736695,0.9270638525247128,0.036414565680685206,10
ens_entropy_aleatoric,1.889282795984765e-07,0.19498910675381265,358,0.9636871508379888,0.9272835223899253,0.0363128490380678,10
ens_entropy_aleatoric,1.8893587285659487e-07,0.19553376906318082,359,0.9637883008356546,0.9275006602146862,0.036211699044801975,10
ens_entropy_aleatoric,1.8974020422997813e-07,0.19607843137254902,360,0.9638888888888889,0.9277153095267515,0.03611111097762306,10
ens_entropy_aleatoric,1.899811690792628e-07,0.19662309368191722,361,0.96398891966759,0.9279031539489654,0.036011080198613495,10
ens_entropy_aleatoric,1.9010224406366676e-07,0.19716775599128541,362,0.9640883977900553,0.9281153575901996,0.03591160210375058,10
ens_entropy_aleatoric,1.9019618275553766e-07,0.1977124183006536,363,0.9641873278236914,0.9283251568219444,0.03581267205587205,10
ens_entropy_aleatoric,1.9022414894830538e-07,0.19825708061002179,364,0.9642857142857143,0.9285325922793451,0.03571428559653904,10
ens_entropy_aleatoric,1.9206740373589002e-07,0.19880174291938998,365,0.9643835616438357,0.9287184340589182,0.035616438258949806,10
ens_entropy_aleatoric,1.9255237818024174e-07,0.19934640522875818,366,0.9644808743169399,0.9289023041750096,0.035519125577866496,10
ens_entropy_aleatoric,1.9358254163386053e-07,0.19989106753812635,367,0.9645776566757494,0.9291074161577438,0.03542234316361404,10
ens_entropy_aleatoric,1.9405286862245317e-07,0.20043572984749455,368,0.9646739130434783,0.9293102429221586,0.03532608681709815,10
ens_entropy_aleatoric,1.960233334828214e-07,0.20098039215686275,369,0.964769647696477,0.9295108224472103,0.03523035216712048,10
ens_entropy_aleatoric,1.974850514394589e-07,0.20152505446623092,370,0.9648648648648649,0.9296927529453036,0.03513513498460658,10
ens_entropy_aleatoric,1.987296206092219e-07,0.20206971677559912,371,0.9649595687331537,0.9298911226432923,0.035040431115815174,10
ens_entropy_aleatoric,1.9935749633589338e-07,0.20261437908496732,372,0.9650537634408602,0.9300873185682068,0.03494623643634183,10
ens_entropy_aleatoric,2.0026994252394793e-07,0.20315904139433552,373,0.9624664879356568,0.9249151665037096,0.03753350995792717,10
ens_entropy_aleatoric,2.00945232855561e-07,0.2037037037037037,374,0.9625668449197861,0.9251079898160597,0.037433152974336144,10
ens_entropy_aleatoric,2.0179497744459974e-07,0.2042483660130719,375,0.9626666666666667,0.9253158074428133,0.03733333124652217,10
ens_entropy_aleatoric,2.0185916034901985e-07,0.2047930283224401,376,0.9627659574468085,0.9255066228914298,0.03723403899374892,10
ens_entropy_aleatoric,2.0192928615432534e-07,0.2053376906318083,377,0.9628647214854111,0.9256954612005857,0.037135274936588004,10
ens_entropy_aleatoric,2.0293057069118503e-07,0.20588235294117646,378,0.9629629629629629,0.9258823529411764,0.03703703344071341,10
ens_entropy_aleatoric,2.0307721676550883e-07,0.20642701525054466,379,0.9630606860158312,0.9260673280570728,0.03693931038684398,10
ens_entropy_aleatoric,2.033568053722295e-07,0.20697167755991286,380,0.9631578947368421,0.9262729011336235,0.036842101646795876,10
ens_entropy_aleatoric,2.0517323972022428e-07,0.20751633986928106,381,0.963254593175853,0.9264762639907372,0.03674540320230936,10
ens_entropy_aleatoric,2.0556831725337523e-07,0.20806100217864923,382,0.9633507853403142,0.9266593527153045,0.036649211019175676,10
ens_entropy_aleatoric,2.0595534421896672e-07,0.20860566448801743,383,0.9634464751958225,0.9268405828739836,0.036553521145036315,10
ens_entropy_aleatoric,2.066204510952781e-07,0.20915032679738563,384,0.9635416666666666,0.9270417718426838,0.03645832967312646,10
ens_entropy_aleatoric,2.0705855723720785e-07,0.20969498910675383,385,0.9636363636363636,0.9272211720226843,0.036363632684961344,10
ens_entropy_aleatoric,2.0768575222918896e-07,0.210239651416122,386,0.9637305699481865,0.9274202213387772,0.03626942636141455,10
ens_entropy_aleatoric,2.0842244476557353e-07,0.2107843137254902,387,0.9638242894056848,0.9275978191148172,0.03617570688548192,10
ens_entropy_aleatoric,2.1173932984343215e-07,0.2113289760348584,388,0.9639175257731959,0.9277947627276353,0.036082470498859126,10
ens_entropy_aleatoric,2.1239587137847904e-07,0.21187363834422657,389,0.9640102827763496,0.9279896334690855,0.03598971349375379,10
ens_entropy_aleatoric,2.1664411302475219e-07,0.21241830065359477,390,0.9641025641025641,0.9281654562677614,0.03589743214825722,10
ens_entropy_aleatoric,2.175794920358386e-07,0.21296296296296297,391,0.9641943734015346,0.9283582870903572,0.03580562203898109,10
ens_entropy_aleatoric,2.1870791788068611e-07,0.21350762527233116,392,0.9642857142857143,0.9285491094677638,0.035714281137474144,10
ens_entropy_aleatoric,2.192708385713716e-07,0.21405228758169934,393,0.9643765903307888,0.9287231837496114,0.03562340507434131,10
ens_entropy_aleatoric,2.2043471850919585e-07,0.21459694989106753,394,0.9644670050761421,0.9289120292806144,0.035532990311421896,10
ens_entropy_aleatoric,2.2147164957804756e-07,0.21514161220043573,395,0.9645569620253165,0.929084380610413,0.035443033358133744,10
ens_entropy_aleatoric,2.2254450833408216e-07,0.21568627450980393,396,0.9646464646464646,0.929255034070898,0.035353530709071615,10
ens_entropy_aleatoric,2.2355315234012265e-07,0.2162309368191721,397,0.964735516372796,0.9294240146281999,0.03526447896503898,10
ens_entropy_aleatoric,2.2394080360053014e-07,0.2167755991285403,398,0.964824120603015,0.9296109146033349,0.03517587473100029,10
ens_entropy_aleatoric,2.2422375159612133e-07,0.2173202614379085,399,0.9649122807017544,0.9297958978483812,0.035087714614528816,10
ens_entropy_aleatoric,2.2494136587151133e-07,0.2178649237472767,400,0.9625,0.9249737408092833,0.037499995298542955,10
ens_entropy_aleatoric,2.257744895716685e-07,0.21840958605664487,401,0.9625935162094763,0.9251521222453118,0.03740648091099793,10
ens_entropy_aleatoric,2.284701612372353e-07,0.21895424836601307,402,0.9626865671641791,0.9253472652091019,0.037313429933700855,10
ens_entropy_aleatoric,2.2954802915253434e-07,0.21949891067538127,403,0.9627791563275434,0.9255239198196311,0.03722084075458025,10
ens_entropy_aleatoric,2.3028943184112098e-07,0.22004357298474944,404,0.9628712871287128,0.9257170875214512,0.03712870993782123,10
ens_entropy_aleatoric,2.3127109991057526e-07,0.22058823529411764,405,0.9629629629629629,0.9259083092459112,0.03703703410156364,10
ens_entropy_aleatoric,2.326082578762826e-07,0.22113289760348584,406,0.9630541871921182,0.9260976142513895,0.03694580984657941,10
ens_entropy_aleatoric,2.3406210499404542e-07,0.22167755991285404,407,0.9631449631449631,0.9262850312126444,0.03685503391973,10
ens_entropy_aleatoric,2.3410014412261885e-07,0.2222222222222222,408,0.9632352941176471,0.9264705882352942,0.03676470294436249,10
ens_entropy_aleatoric,2.3649572891602237e-07,0.2227668845315904,409,0.9633251833740831,0.9266543128698667,0.03667481367176407,10
ens_entropy_aleatoric,2.3703359581991055e-07,0.2233115468409586,410,0.9634146341463414,0.9268292682926829,0.03658536288318211,10
ens_entropy_aleatoric,2.384025652895723e-07,0.2238562091503268,411,0.9635036496350365,0.927011188066063,0.0364963487391207,10
ens_entropy_aleatoric,2.3872970009811134e-07,0.22440087145969498,412,0.9611650485436893,0.9223392474258383,0.038834949803805335,10
ens_entropy_aleatoric,2.388688322064622e-07,0.22494553376906318,413,0.9588377723970944,0.9176798883795096,0.04116222593766393,10
ens_entropy_aleatoric,2.399747721424984e-07,0.22549019607843138,414,0.9589371980676329,0.9178820619326534,0.04106280028369122,10
ens_entropy_aleatoric,2.4187325556271494e-07,0.22603485838779958,415,0.9590361445783132,0.9180765702474539,0.040963851838321484,10
ens_entropy_aleatoric,2.422783416239991e-07,0.22657952069716775,416,0.9591346153846154,0.9182692307692308,0.04086538100568489,10
ens_entropy_aleatoric,2.429520617303866e-07,0.22712418300653595,417,0.9592326139088729,0.9184600697040455,0.04076738249498062,10
ens_entropy_aleatoric,2.43812394174515e-07,0.22766884531590414,418,0.9593301435406698,0.9186602870813396,0.0406698528251682,10
ens_entropy_aleatoric,2.4434247813796474e-07,0.22821350762527234,419,0.9594272076372315,0.9188493306750215,0.040572788742048796,10
ens_entropy_aleatoric,2.4464239807693845e-07,0.22875816993464052,420,0.9595238095238096,0.9190366036195401,0.040476186839283786,10
ens_entropy_aleatoric,2.4594718013231146e-07,0.22930283224400871,421,0.9572446555819477,0.9144733872059951,0.0427553407690481,10
ens_entropy_aleatoric,2.462265621226106e-07,0.2298474945533769,422,0.957345971563981,0.914682361398149,0.04265402476449893,10
ens_entropy_aleatoric,2.4734512230698125e-07,0.23039215686274508,423,0.9574468085106383,0.9148893360160967,0.04255318780219002,10
ens_entropy_aleatoric,2.4996505985184894e-07,0.23093681917211328,424,0.9575471698113207,0.9150943396226414,0.04245282651546692,10
ens_entropy_aleatoric,2.511758528065521e-07,0.23148148148148148,425,0.9576470588235294,0.9152974002391603,0.04235293746470543,10
ens_entropy_aleatoric,2.5273994765851443e-07,0.23202614379084968,426,0.9577464788732394,0.9154929577464788,0.04225351738838854,10
ens_entropy_aleatoric,2.546095225772805e-07,0.23257080610021785,427,0.9578454332552693,0.9156867046950415,0.0421545630198574,10
ens_entropy_aleatoric,2.559452683406418e-07,0.23311546840958605,428,0.9579439252336449,0.9158786661134285,0.04205607100226192,10
ens_entropy_aleatoric,2.5637072503246047e-07,0.23366013071895425,429,0.958041958041958,0.9160688665710186,0.04195803820732986,10
ens_entropy_aleatoric,2.564223248655025e-07,0.23420479302832245,430,0.958139534883721,0.9162700129813933,0.04186045991614126,10
ens_entropy_aleatoric,2.5685149696541184e-07,0.23474945533769062,431,0.9582366589327146,0.9164692708557646,0.041763335851176094,10
ens_entropy_aleatoric,2.586738725009951e-07,0.23529411764705882,432,0.9583333333333334,0.9166666666666667,0.04166666143097807,10
ens_entropy_aleatoric,2.59247430501655e-07,0.23583877995642702,433,0.9584295612009238,0.9168622263941631,0.041570433543883664,10
ens_entropy_aleatoric,2.6107517763911996e-07,0.23638344226579522,434,0.9585253456221198,0.9170559755372462,0.041474649103080824,10
ens_entropy_aleatoric,2.612763830809931e-07,0.2369281045751634,435,0.9563218390804598,0.9126533718017817,0.04367815563867574,10
ens_entropy_aleatoric,2.6653697748542923e-07,0.2374727668845316,436,0.9564220183486238,0.9128550389227855,0.04357797634017816,10
ens_entropy_aleatoric,2.673521101433568e-07,0.2380174291938998,437,0.9565217391304348,0.913053039426148,0.04347825553807516,10
ens_entropy_aleatoric,2.677769904842701e-07,0.238562091503268,438,0.95662100456621,0.9132492442405921,0.04337899009566336,10
ens_entropy_aleatoric,2.688253494355393e-07,0.23910675381263616,439,0.9567198177676538,0.9134490666279276,0.04328017687374328,10
ens_entropy_aleatoric,2.6979450778710306e-07,0.23965141612200436,440,0.9568181818181818,0.9136435005371455,0.043181812803070485,10
ens_entropy_aleatoric,2.7040707961036674e-07,0.24019607843137256,441,0.9569160997732427,0.913836186950486,0.04308389483129301,10
ens_entropy_aleatoric,2.7409613539908705e-07,0.24074074074074073,442,0.9570135746606335,0.914027149321267,0.04298641992314219,10
ens_entropy_aleatoric,2.752116857984633e-07,0.24128540305010893,443,0.9571106094808126,0.9142251526052441,0.04288938508247069,10
ens_entropy_aleatoric,2.777959907262071e-07,0.24183006535947713,444,0.954954954954955,0.9099190488750025,0.04504503958755262,10
ens_entropy_aleatoric,2.786088068698648e-07,0.24237472766884532,445,0.9550561797752809,0.9101173524005737,0.04494381475948171,10
ens_entropy_aleatoric,2.795136586944155e-07,0.2429193899782135,446,0.9551569506726457,0.9103139013452914,0.04484304383159612,10
ens_entropy_aleatoric,2.8061379250097855e-07,0.2434640522875817,447,0.9552572706935123,0.9105087188932711,0.0447427237900214,10
ens_entropy_aleatoric,2.8216410576413e-07,0.2440087145969499,448,0.9553571428571429,0.9107142857142858,0.044642851618419334,10
ens_entropy_aleatoric,2.8281421102532385e-07,0.2445533769063181,449,0.955456570155902,0.9109073952814652,0.04454342429839758,10
ens_entropy_aleatoric,2.8396750815682077e-07,0.24509803921568626,450,0.9555555555555556,0.9111111111111112,0.0444444388776552,10
ens_entropy_aleatoric,2.844914861799184e-07,0.24564270152505446,451,0.9556541019955654,0.9113025350561489,0.044345892420165844,10
ens_entropy_aleatoric,2.8539161757564447e-07,0.24618736383442266,452,0.9557522123893806,0.9115044247787611,0.044247782005459146,10
ens_entropy_aleatoric,2.8559285333395696e-07,0.24673202614379086,453,0.9558498896247241,0.9116941850718338,0.04415010474925105,10
ens_entropy_aleatoric,2.8600126067452533e-07,0.24727668845315903,454,0.9559471365638766,0.9118942731277533,0.04405285778870314,10
ens_entropy_aleatoric,2.890535911364157e-07,0.24782135076252723,455,0.9560439560439561,0.9120823913589551,0.0439560383003227,10
ens_entropy_aleatoric,2.9434690600731025e-07,0.24836601307189543,456,0.956140350877193,0.9122807017543859,0.043859643435384635,10
ens_entropy_aleatoric,2.9453569920722863e-07,0.24891067538126363,457,0.9562363238512035,0.9124671991419104,0.043763670439726496,10
ens_entropy_aleatoric,2.968072631812163e-07,0.2494553376906318,458,0.9563318777292577,0.9126637554585153,0.043668116552571766,10
ens_entropy_aleatoric,3.0076729819146137e-07,0.25,459,0.954248366013072,0.9085023778560378,0.045751630111978435,10
ens_entropy_aleatoric,3.048590644037748e-07,0.25054466230936817,460,0.9543478260869566,0.908706006880127,0.045652170018615296,10
ens_entropy_aleatoric,3.0693894164235923e-07,0.2510893246187364,461,0.9544468546637744,0.908907854004159,0.0455531414261603,10
ens_entropy_aleatoric,3.0806291104476934e-07,0.25163398692810457,462,0.9545454545454546,0.9091011299117433,0.045454541517724115,10
ens_entropy_aleatoric,3.089877319697227e-07,0.25217864923747274,463,0.9546436285097192,0.9093012192050447,0.045356367533978904,10
ens_entropy_aleatoric,3.095748474187761e-07,0.25272331154684097,464,0.9547413793103449,0.9094928478543564,0.04525861671433522,10
ens_entropy_aleatoric,3.1077941256296887e-07,0.25326797385620914,465,0.9526881720430107,0.9053811576240773,0.04731182401224834,10
ens_entropy_aleatoric,3.130944036045988e-07,0.25381263616557737,466,0.9527896995708155,0.9055880944487421,0.047210294535797316,10
ens_entropy_aleatoric,3.1369547101583474e-07,0.25435729847494554,467,0.9528907922912205,0.9057863365428702,0.0471092017918583,10
ens_entropy_aleatoric,3.1386293141627754e-07,0.2549019607843137,468,0.9529914529914529,0.9059829059829059,0.04700854108189207,10
ens_entropy_aleatoric,3.1458443294319113e-07,0.25544662309368193,469,0.9530916844349681,0.9061778238492736,0.04690830961523555,10
ens_entropy_aleatoric,3.1650601259600833e-07,0.2559912854030501,470,0.9531914893617022,0.9063711108696441,0.046808504665291344,10
ens_entropy_aleatoric,3.1656417912482623e-07,0.2565359477124183,471,0.9532908704883227,0.9065627874262836,0.04670912351893781,10
ens_entropy_aleatoric,3.170191686069532e-07,0.2570806100217865,472,0.9533898305084746,0.9067679433999534,0.04661016347537609,10
ens_entropy_aleatoric,3.216487403457458e-07,0.2576252723311547,473,0.9513742071881607,0.902741893667808,0.048625786771569965,10
ens_entropy_aleatoric,3.244644010374574e-07,0.2581699346405229,474,0.9514767932489452,0.9029535864978904,0.04852320068674437,10
ens_entropy_aleatoric,3.2624359141216564e-07,0.2587145969498911,475,0.9515789473684211,0.9031634742374955,0.04842104655636189,10
ens_entropy_aleatoric,3.284776318069449e-07,0.25925925925925924,476,0.9516806722689075,0.9033715798764341,0.04831932162244153,10
ens_entropy_aleatoric,3.2966315476071035e-07,0.25980392156862747,477,0.9517819706498952,0.9035779260157673,0.04821802321756985,10
ens_entropy_aleatoric,3.320122586900676e-07,0.26034858387799564,478,0.9518828451882845,0.9037825348759867,0.04811714866762191,10
ens_entropy_aleatoric,3.322051249221833e-07,0.2608932461873638,479,0.9498956158663883,0.8998152473245721,0.0501043779654503,10
ens_entropy_aleatoric,3.3227621209271255e-07,0.26143790849673204,480,0.95,0.9000260348867481,0.04999999380754056,10
ens_entropy_aleatoric,3.3297152616156447e-07,0.2619825708061002,481,0.9501039501039501,0.9002316175199641,0.04989604368314866,10
ens_entropy_aleatoric,3.3846976119065263e-07,0.2625272331154684,482,0.950207468879668,0.9004355085810682,0.04979252488281554,10
ens_entropy_aleatoric,3.385900422287682e-07,0.2630718954248366,483,0.9503105590062112,0.900637728862374,0.0496894347317782,10
ens_entropy_aleatoric,3.3930925598931747e-07,0.2636165577342048,484,0.9504132231404959,0.9008382988168208,0.04958677057293329,10
ens_entropy_aleatoric,3.423312143342034e-07,0.264161220043573,485,0.9484536082474226,0.8969129137299245,0.05154638545412592,10
ens_entropy_aleatoric,3.4551363039125173e-07,0.2647058823529412,486,0.948559670781893,0.8971297942595884,0.05144032288508078,10
ens_entropy_aleatoric,3.464777324420541e-07,0.26525054466230935,487,0.9486652977412731,0.8973362228162338,0.05133469590073216,10
ens_entropy_aleatoric,3.483442127002981e-07,0.2657952069716776,488,0.9487704918032787,0.8975409836065573,0.051229501826178823,10
ens_entropy_aleatoric,3.4948638282296863e-07,0.26633986928104575,489,0.9488752556237219,0.8977440967604327,0.051124737980680894,10
ens_entropy_aleatoric,3.4973720231105805e-07,0.2668845315904139,490,0.9489795918367347,0.8979591836734695,0.05102040174274313,10
ens_entropy_aleatoric,3.519297001304353e-07,0.26742919389978215,491,0.9490835030549898,0.8981724970343516,0.050916490502438363,10
ens_entropy_aleatoric,3.5538682672028827e-07,0.2679738562091503,492,0.9491869918699187,0.8983739837398375,0.0508130016620781,10
ens_entropy_aleatoric,3.5598466267655816e-07,0.26851851851851855,493,0.949290060851927,0.8985855460746641,0.050709934028631706,10
ens_entropy_aleatoric,3.56444450950509e-07,0.2690631808278867,494,0.9493927125506073,0.8987953781856921,0.050607282301613314,10
ens_entropy_aleatoric,3.5663295122003867e-07,0.2696078431372549,495,0.9494949494949495,0.8989952578783699,0.0505050453484394,10
ens_entropy_aleatoric,3.580078246836576e-07,0.2701525054466231,496,0.9495967741935484,0.8991935483870968,0.050403220643715295,10
ens_entropy_aleatoric,3.582610591782178e-07,0.2706971677559913,497,0.9496981891348089,0.8993902685895204,0.050301805648926536,10
ens_entropy_aleatoric,3.587918479670252e-07,0.27124183006535946,498,0.9497991967871486,0.8995983935742973,0.05020079801220287,10
ens_entropy_aleatoric,3.6034844557269045e-07,0.2717864923747277,499,0.9498997995991983,0.8997935626902717,0.05010019514684984,10
ens_entropy_aleatoric,3.6107803523780367e-07,0.27233115468409586,500,0.948,0.8959883506952778,0.05199999474848005,10
ens_entropy_aleatoric,3.6491003995732896e-07,0.272875816993464,501,0.9481037924151696,0.8961889733658489,0.05189620090659718,10
ens_entropy_aleatoric,3.686308376269965e-07,0.27342047930283225,502,0.9482071713147411,0.896388028895769,0.05179282198072707,10
ens_entropy_aleatoric,3.694570163265599e-07,0.2739651416122004,503,0.94831013916501,0.8966018880156861,0.05168985410431871,10
ens_entropy_aleatoric,3.7150953633168527e-07,0.27450980392156865,504,0.9484126984126984,0.8968140227097342,0.05158729483030956,10
ens_entropy_aleatoric,3.752431054383995e-07,0.2750544662309368,505,0.9485148514851485,0.8970244537511959,0.051485141744087574,10
ens_entropy_aleatoric,3.76539183388612e-07,0.275599128540305,506,0.9486166007905138,0.8972332015810276,0.051383392403146634,10
ens_entropy_aleatoric,3.794469952527306e-07,0.2761437908496732,507,0.9487179487179487,0.8974307100950839,0.051282044449072514,10
ens_entropy_aleatoric,3.8106087606363436e-07,0.2766884531590414,508,0.9488188976377953,0.8976377952755905,0.05118109551533922,10
ens_entropy_aleatoric,3.829609357371466e-07,0.27723311546840956,509,0.9489194499017681,0.8978337733722419,0.051080543224346395,10
ens_entropy_aleatoric,3.8456288706390227e-07,0.2777777777777778,510,0.9490196078431372,0.8980392156862744,0.050980385256107194,10
ens_entropy_aleatoric,3.865017159918728e-07,0.27832244008714596,511,0.949119373776908,0.8982430341742873,0.05088061929881535,10
ens_entropy_aleatoric,3.8697418794139715e-07,0.2788671023965142,512,0.94921875,0.8984452480126943,0.05078124304839915,10
ens_entropy_aleatoric,3.8766526210592893e-07,0.27941176470588236,513,0.949317738791423,0.8986397142640018,0.05068225422935518,10
ens_entropy_aleatoric,3.8865470628081837e-07,0.27995642701525053,514,0.9494163424124513,0.8988326848249026,0.050583650581294166,10
ens_entropy_aleatoric,3.9103076571672624e-07,0.28050108932461876,515,0.9495145631067962,0.8990241768849072,0.050485429872374844,10
ens_entropy_aleatoric,3.9365049595388857e-07,0.28104575163398693,516,0.9496124031007752,0.8992248062015504,0.05038758984032843,10
ens_entropy_aleatoric,3.9696934085711976e-07,0.2815904139433551,517,0.9497098646034816,0.8994238683127572,0.05029012830992144,10
ens_entropy_aleatoric,3.9784737992764724e-07,0.2821350762527233,518,0.9498069498069498,0.8996138996138996,0.050193043091033826,10
ens_entropy_aleatoric,4.0206058993432134e-07,0.2826797385620915,519,0.9479768786127167,0.8959495080749953,0.052023114256804184,10
ens_entropy_aleatoric,4.0406586241709185e-07,0.28322440087145967,520,0.948076923076923,0.8961538461538461,0.051923069763553806,10
ens_entropy_aleatoric,4.061910187645562e-07,0.2837690631808279,521,0.946257197696737,0.8925187510130703,0.053742794538711586,10
ens_entropy_aleatoric,4.0714830876070255e-07,0.28431372549019607,522,0.946360153256705,0.8927281801368053,0.053639838951251614,10
ens_entropy_aleatoric,4.0755068892377257e-07,0.2848583877995643,523,0.9464627151051626,0.8929297360532281,0.053537277075301044,10
ens_entropy_aleatoric,4.0783873461023556e-07,0.28540305010893247,524,0.9465648854961832,0.8931297709923665,0.05343510665638178,10
ens_entropy_aleatoric,4.094139123068227e-07,0.28594771241830064,525,0.9447619047619048,0.8895290199464516,0.055238087363119096,10
ens_entropy_aleatoric,4.1054821959386007e-07,0.28649237472766886,526,0.9448669201520913,0.8897434044091075,0.05513307194578522,10
ens_entropy_aleatoric,4.1086422507913536e-07,0.28703703703703703,527,0.9449715370018975,0.8899482253314226,0.055028455069094616,10
ens_entropy_aleatoric,4.122159046136368e-07,0.2875816993464052,528,0.9450757575757576,0.8901515151515151,0.05492423446812664,10
ens_entropy_aleatoric,4.1298741913283367e-07,0.28812636165577343,529,0.945179584120983,0.8903642613648546,0.05482040789546487,10
ens_entropy_aleatoric,4.1591091718553755e-07,0.2886710239651416,530,0.9452830188679245,0.8905660377358491,0.05471697312009091,10
ens_entropy_aleatoric,4.221536552776342e-07,0.28921568627450983,531,0.9453860640301318,0.8907663169543104,0.05461392792960561,10
ens_entropy_aleatoric,4.226752880149857e-07,0.289760348583878,532,0.9454887218045113,0.8909774436090225,0.054511270126903835,10
ens_entropy_aleatoric,4.255055529810554e-07,0.2903050108932462,533,0.9455909943714822,0.8911762428099721,0.054408997531841606,10
ens_entropy_aleatoric,4.292032816726539e-07,0.2908496732026144,534,0.9456928838951311,0.8913857677902621,0.05430710798007956,10
ens_entropy_aleatoric,4.320811219519527e-07,0.29139433551198257,535,0.9457943925233645,0.8915831033157472,0.05420559932323107,10
ens_entropy_aleatoric,4.342319847955547e-07,0.29193899782135074,536,0.9458955223880597,0.8917789907541496,0.054104469429794064,10
ens_entropy_aleatoric,4.3700957273859833e-07,0.29248366013071897,537,0.9459962756052142,0.8919869327285213,0.05400371618349185,10
ens_entropy_aleatoric,4.384874473675348e-07,0.29302832244008714,538,0.9460966542750929,0.8921813884704158,0.05390333748460815,10
ens_entropy_aleatoric,4.3880332784005576e-07,0.2935729847494553,539,0.9461966604823747,0.8923877647965962,0.053803331248286734,10
ens_entropy_aleatoric,4.416237144181382e-07,0.29411764705882354,540,0.9462962962962963,0.8925808044778577,0.05370369540470161,10
ens_entropy_aleatoric,4.4170155647456596e-07,0.2946623093681917,541,0.9463955637707948,0.8927856327690952,0.05360442790091035,10
ens_entropy_aleatoric,4.430423793950383e-07,0.29520697167755994,542,0.9464944649446494,0.8929889298892988,0.05350552669662715,10
ens_entropy_aleatoric,4.4466216810117913e-07,0.2957516339869281,543,0.9465930018416207,0.8931805694051569,0.05340698977053201,10
ens_entropy_aleatoric,4.45402153598052e-07,0.2962962962962963,544,0.9466911764705882,0.8933708229696117,0.0533088151127133,10
ens_entropy_aleatoric,4.461497005171756e-07,0.2968409586056645,545,0.9467889908256881,0.89357260698293,0.05321100072766844,10
ens_entropy_aleatoric,4.473725040089439e-07,0.2973856209150327,546,0.9468864468864469,0.8937728937728937,0.05311354463645986,10
ens_entropy_aleatoric,4.4917430827387974e-07,0.29793028322440085,547,0.9451553930530164,0.890306020133959,0.05484459844027308,10
ens_entropy_aleatoric,4.5043922928421313e-07,0.2984749455337691,548,0.9452554744525548,0.8905109489051095,0.05474451701162524,10
ens_entropy_aleatoric,4.5184105889364377e-07,0.29901960784313725,549,0.9435336976320583,0.8870722660526718,0.05646629380315046,10
ens_entropy_aleatoric,4.553332932249483e-07,0.2995642701525055,550,0.9436363636363636,0.8872727272727272,0.05636362776907618,10
ens_entropy_aleatoric,4.5614661078406494e-07,0.30010893246187365,551,0.9437386569872959,0.8874717542969703,0.05626133438801645,10
ens_entropy_aleatoric,4.575073688596401e-07,0.3006535947712418,552,0.9438405797101449,0.8876693624619262,0.05615941163592703,10
ens_entropy_aleatoric,4.592031962780344e-07,0.30119825708061004,553,0.9439421338155516,0.8878787680595435,0.056057857501240975,10
ens_entropy_aleatoric,4.59392731831003e-07,0.3017429193899782,554,0.944043321299639,0.8880866425992779,0.055956669987676025,10
ens_entropy_aleatoric,4.5981985924405615e-07,0.3022875816993464,555,0.9441441441441442,0.8882930028113415,0.0558558471136562,10
ens_entropy_aleatoric,4.638485204237387e-07,0.3028322440087146,556,0.9442446043165468,0.8884978651830767,0.05575538691088376,10
ens_entropy_aleatoric,4.6528911360069037e-07,0.3033769063180828,557,0.9443447037701975,0.8886940714621836,0.0556552874275938,10
ens_entropy_aleatoric,4.6736334363755966e-07,0.30392156862745096,558,0.9444444444444444,0.8888974526956723,0.05555554672359389,10
ens_entropy_aleatoric,4.6975877007066783e-07,0.3044662309368192,559,0.9445438282647585,0.889099368348298,0.05545616287154373,10
ens_entropy_aleatoric,4.70082402829196e-07,0.30501089324618735,560,0.9446428571428571,0.8892998342048207,0.05535713396377801,10
ens_entropy_aleatoric,4.747150424385465e-07,0.3055555555555556,561,0.9447415329768271,0.889494652967079,0.055258458099739304,10
ens_entropy_aleatoric,4.7588170995038796e-07,0.30610021786492375,562,0.9448398576512456,0.8896880975597402,0.05516013339476912,10
ens_entropy_aleatoric,4.774129797458349e-07,0.3066448801742919,563,0.9449378330373002,0.8898871300496528,0.0550621579784093,10
ens_entropy_aleatoric,4.796765061336283e-07,0.30718954248366015,564,0.9450354609929078,0.8900847436316545,0.05496452999208969,10
ens_entropy_aleatoric,4.805499789480967e-07,0.3077342047930283,565,0.9451327433628318,0.8902809534250007,0.05486724759075597,10
ens_entropy_aleatoric,4.812334228416786e-07,0.3082788671023965,566,0.9434628975265018,0.8869469689403775,0.05653709339641408,10
ens_entropy_aleatoric,4.819590342807804e-07,0.3088235294117647,567,0.9435626102292769,0.8871445276540691,0.05643738066314357,10
ens_entropy_aleatoric,4.82284370822488e-07,0.3093681917211329,568,0.9436619718309859,0.8873407051123121,0.05633801903137849,10
ens_entropy_aleatoric,4.863059594734922e-07,0.3099128540305011,569,0.9437609841827768,0.8875355157504632,0.05623900664884284,10
ens_entropy_aleatoric,4.887990578436622e-07,0.3104575163398693,570,0.9438596491228071,0.8877358838952696,0.056140341677520605,10
ens_entropy_aleatoric,4.911487185074483e-07,0.31100217864923746,571,0.9439579684763573,0.8879348412737353,0.05604202229329811,10
ens_entropy_aleatoric,4.912910114559327e-07,0.3115468409586057,572,0.9440559440559441,0.8881324027331288,0.055944046681713815,10
ens_entropy_aleatoric,4.947906387859019e-07,0.31209150326797386,573,0.944153577661431,0.8883258624049892,0.055846413045045125,10
ens_entropy_aleatoric,4.952639686842853e-07,0.31263616557734203,574,0.9442508710801394,0.8885220431151681,0.05574911959451056,10
ens_entropy_aleatoric,4.974577730508969e-07,0.31318082788671026,575,0.9443478260869566,0.8887141647514214,0.055652164556831404,10
ens_entropy_aleatoric,5.036096302325514e-07,0.3137254901960784,576,0.9444444444444444,0.8889049616664254,0.05555554616802854,10
ens_entropy_aleatoric,5.105252909245326e-07,0.3142701525054466,577,0.9445407279029463,0.889099776565841,0.05545926267743992,10
ens_entropy_aleatoric,5.151842797773665e-07,0.3148148148148148,578,0.9446366782006921,0.8892892629260293,0.055363312345738984,10
ens_entropy_aleatoric,5.181517957933423e-07,0.315359477124183,579,0.9447322970639033,0.8894774516821761,0.055267693449532675,10
ens_entropy_aleatoric,5.185936657866182e-07,0.3159041394335512,580,0.9448275862068966,0.8896709149705155,0.05517240427331617,10
ens_entropy_aleatoric,5.20280763588057e-07,0.3164488017429194,581,0.9449225473321858,0.8898578199052132,0.0550774431141404,10
ens_entropy_aleatoric,5.203047589205111e-07,0.31699346405228757,582,0.9450171821305842,0.8900499450958167,0.054982808283103535,10
ens_entropy_aleatoric,5.211522331013764e-07,0.3175381263616558,583,0.9451114922813036,0.8902355792991459,0.05488849809977847,10
ens_entropy_aleatoric,5.218874045538266e-07,0.31808278867102396,584,0.9452054794520548,0.8904263802242132,0.054794510896339896,10
ens_entropy_aleatoric,5.231694991418751e-07,0.31862745098039214,585,0.9452991452991453,0.8906107566089334,0.054700845016973344,10
ens_entropy_aleatoric,5.273693024436314e-07,0.31917211328976036,586,0.9453924914675768,0.8907938874394334,0.05460749881581282,10
ens_entropy_aleatoric,5.294122722950926e-07,0.31971677559912853,587,0.9454855195911414,0.8909833782152474,0.054514470658840956,10
ens_entropy_aleatoric,5.316842553274587e-07,0.3202614379084967,588,0.9455782312925171,0.8911652765406107,0.054421758924639706,10
ens_entropy_aleatoric,5.367134220980704e-07,0.32080610021786493,589,0.9456706281833617,0.8913534701406504,0.054329361999525164,10
ens_entropy_aleatoric,5.368776162820977e-07,0.3213507625272331,590,0.9457627118644067,0.8915403793788848,0.05423727828532677,10
ens_entropy_aleatoric,5.377539722964526e-07,0.32189542483660133,591,0.9441624365482234,0.8883456515889692,0.05583755356810308,10
ens_entropy_aleatoric,5.38561729452723e-07,0.3224400871459695,592,0.9442567567567568,0.8885313248887369,0.05574323332610291,10
ens_entropy_aleatoric,5.390191763025759e-07,0.32298474945533767,593,0.9443507588532883,0.88872208669544,0.05564923119601178,10
ens_entropy_aleatoric,5.431766119846868e-07,0.3235294117647059,594,0.9444444444444444,0.8889115576864224,0.05555554557031208,10
ens_entropy_aleatoric,5.442448045871476e-07,0.32407407407407407,595,0.9445378151260504,0.8890997509192267,0.05546217485555566,10
ens_entropy_aleatoric,5.500290467434264e-07,0.32461873638344224,596,0.9446308724832215,0.8892866792758715,0.05536911746464067,10
ens_entropy_aleatoric,5.529418166714657e-07,0.32516339869281047,597,0.9447236180904522,0.8894723554657915,0.05527637182360777,10
ens_entropy_aleatoric,5.549855863153652e-07,0.32570806100217864,598,0.9448160535117057,0.8896567920287182,0.0551839363675355,10
ens_entropy_aleatoric,5.563646498398024e-07,0.32625272331154687,599,0.9432387312186978,0.8865087768180552,0.0567612586265529,10
ens_entropy_aleatoric,5.57559549600986e-07,0.32679738562091504,600,0.9433333333333334,0.8866981394057208,0.05666665647806567,10
ens_entropy_aleatoric,5.679608483633896e-07,0.3273420479302832,601,0.9434276206322796,0.8868862441184612,0.05657236914433857,10
ens_entropy_aleatoric,5.711189169201839e-07,0.32788671023965144,602,0.9435215946843853,0.8870731034482757,0.05647839505669793,10
ens_entropy_aleatoric,5.739828807448893e-07,0.3284313725490196,603,0.9436152570480929,0.8872612095417204,0.05638473265689183,10
ens_entropy_aleatoric,5.792537451973587e-07,0.3289760348583878,604,0.9437086092715232,0.8874480702408226,0.05629138039786059,10
ens_entropy_aleatoric,5.848325893343313e-07,0.329520697167756,605,0.9421487603305785,0.8843231195336869,0.05785122930287096,10
ens_entropy_aleatoric,5.864374456801106e-07,0.3300653594771242,606,0.9422442244224423,0.8845136068126627,0.05775576517492732,10
ens_entropy_aleatoric,5.874340734261873e-07,0.33061002178649235,607,0.942339373970346,0.8847028432186603,0.05766061558930861,10
ens_entropy_aleatoric,5.961976029502648e-07,0.3311546840958606,608,0.9424342105263158,0.8848908410325206,0.057565778996602715,10
ens_entropy_aleatoric,5.995199302860897e-07,0.33169934640522875,609,0.9425287356321839,0.8850813299618824,0.057471253853338025,10
ens_entropy_aleatoric,5.9987115225191e-07,0.332244008714597,610,0.9426229508196722,0.8852681018453834,0.05737703862883571,10
ens_entropy_aleatoric,6.054635257644923e-07,0.33278867102396514,611,0.9427168576104746,0.885457340424962,0.05728313179951039,10
ens_entropy_aleatoric,6.079317178781654e-07,0.3333333333333333,612,0.9428104575163399,0.8856453403946356,0.05718953185637288,10
ens_entropy_aleatoric,6.105839495161181e-07,0.33387799564270154,613,0.9429037520391517,0.8858308988255827,0.057096237295736714,10
ens_entropy_aleatoric,6.137462157387429e-07,0.3344226579520697,614,0.9429967426710097,0.8860176728298804,0.057003246626232074,10
ens_entropy_aleatoric,6.14220677862984e-07,0.3349673202614379,615,0.943089430894309,0.886203232304008,0.05691055836447372,10
ens_entropy_aleatoric,6.172498977664198e-07,0.3355119825708061,616,0.9431818181818182,0.8863875890561107,0.05681817103892851,10
ens_entropy_aleatoric,6.219095128471823e-07,0.3360566448801743,617,0.9432739059967585,0.8865719463193005,0.05672608318449979,10
ens_entropy_aleatoric,6.23992301689695e-07,0.3366013071895425,618,0.9433656957928802,0.8867551125119107,0.056634293349941016,10
ens_entropy_aleatoric,6.258013258451809e-07,0.3371459694989107,619,0.9434571890145396,0.8869382792073938,0.056542800089059736,10
ens_entropy_aleatoric,6.267732372489125e-07,0.33769063180827885,620,0.9435483870967742,0.8871202663337496,0.05645160196719736,10
ens_entropy_aleatoric,6.408835952052307e-07,0.3382352941176471,621,0.9436392914653784,0.8873010852488087,0.056360697557385,10
ens_entropy_aleatoric,6.492190918950797e-07,0.33877995642701525,622,0.9437299035369775,0.8874807471650524,0.0562700854453694,10
ens_entropy_aleatoric,6.521992517064532e-07,0.3393246187363834,623,0.9438202247191011,0.8876627357640016,0.05617976422266203,10
ens_entropy_aleatoric,6.563398295049612e-07,0.33986928104575165,624,0.9439102564102564,0.8878435561398463,0.05608973249073371,10
ens_entropy_aleatoric,6.583596397641153e-07,0.3404139433551198,625,0.944,0.8880220730889526,0.055999988860412034,10
ens_entropy_aleatoric,6.590718207291099e-07,0.340958605664488,626,0.9440894568690096,0.8882017369296553,0.0559105319492161,10
ens_entropy_aleatoric,6.615201984881788e-07,0.3415032679738562,627,0.9441786283891547,0.8883791193420242,0.05582136038852756,10
ens_entropy_aleatoric,6.629515755733381e-07,0.3420479302832244,628,0.9442675159235668,0.8885553775326017,0.05573247281210002,10
ens_entropy_aleatoric,6.81983484480315e-07,0.3425925925925926,629,0.9443561208267091,0.8887305221553375,0.05564386786621791,10
ens_entropy_aleatoric,6.875051178961338e-07,0.3431372549019608,630,0.9444444444444444,0.8889045637299852,0.055555544205861285,10
ens_entropy_aleatoric,6.906919218716316e-07,0.34368191721132896,631,0.9445324881141046,0.8890830834752126,0.05546750049179439,10
ens_entropy_aleatoric,6.916685011041856e-07,0.3442265795206972,632,0.944620253164557,0.8892604681899192,0.05537973539869975,10
ens_entropy_aleatoric,6.948792371306335e-07,0.34477124183006536,633,0.9447077409162717,0.8894334180070568,0.0552922476041682,10
ens_entropy_aleatoric,6.959583637348264e-07,0.3453159041394335,634,0.943217665615142,0.8864590588001193,0.056782322862426106,10
ens_entropy_aleatoric,7.043519598249508e-07,0.34586056644880175,635,0.9433070866141732,0.886639756419284,0.056692901818174754,10
ens_entropy_aleatoric,7.047136249840522e-07,0.3464052287581699,636,0.9433962264150944,0.8868159572890405,0.056603761972050914,10
ens_entropy_aleatoric,7.084464614864974e-07,0.34694989106753815,637,0.9434850863422292,0.8869955156950672,0.056514902000924155,10
ens_entropy_aleatoric,7.089702587548467e-07,0.3474945533769063,638,0.9435736677115988,0.8871739450803164,0.0564263205880942,10
ens_entropy_aleatoric,7.117004265471268e-07,0.3480392156862745,639,0.9436619718309859,0.8873490494892413,0.056338016422904175,10
ens_entropy_aleatoric,7.117273228755704e-07,0.3485838779956427,640,0.94375,0.8875230665586159,0.056249988210082105,10
ens_entropy_aleatoric,7.170990634741517e-07,0.3491285403050109,641,0.9438377535101404,0.8876960063851118,0.056162234655978624,10
ens_entropy_aleatoric,7.189840752756659e-07,0.34967320261437906,642,0.9439252336448598,0.8878733189730453,0.05607475447744198,10
ens_entropy_aleatoric,7.226106655252574e-07,0.3502178649237473,643,0.942457231726283,0.8849325536741199,0.05702435310930986,10
ens_entropy_aleatoric,7.227711076481497e-07,0.35076252723311546,644,0.9425465838509317,0.8851131125725638,0.056935805914305755,10
ens_entropy_aleatoric,7.278507260364622e-07,0.35130718954248363,645,0.9426356589147287,0.8852925484616753,0.05684753328326757,10
ens_entropy_aleatoric,7.287666201841401e-07,0.35185185185185186,646,0.9427244582043344,0.8854708717860257,0.05675953394238271,10
ens_entropy_aleatoric,7.287961441590492e-07,0.35239651416122003,647,0.9428129829984544,0.8856480928610666,0.056671806624448894,10
ens_entropy_aleatoric,7.29495379539329e-07,0.35294117647058826,648,0.9429012345679012,0.885824221875119,0.056584350069748705,10
ens_entropy_aleatoric,7.296340927551224e-07,0.35348583877995643,649,0.9429892141756548,0.8860003513086246,0.056497163026466166,10
ens_entropy_aleatoric,7.439428093643343e-07,0.3540305010893246,650,0.943076923076923,0.8861753987410667,0.05641024424863895,10
ens_entropy_aleatoric,7.458750555651931e-07,0.3545751633986928,651,0.9416282642089093,0.8832738803012286,0.05785969081314006,10
ens_entropy_aleatoric,7.46012481180462e-07,0.355119825708061,652,0.941717791411043,0.88345312911602,0.05777094889216016,10
ens_entropy_aleatoric,7.469739493246721e-07,0.35566448801742917,653,0.9418070444104135,0.8836312817723087,0.05768247876829439,10
ens_entropy_aleatoric,7.489946811884872e-07,0.3562091503267974,654,0.9418960244648318,0.8838083482944344,0.057594279195265684,10
ens_entropy_aleatoric,7.52919691770953e-07,0.35675381263616557,655,0.9419847328244275,0.8839843385848793,0.057506348933861244,10
ens_entropy_aleatoric,7.537062238697743e-07,0.3572984749455338,656,0.9420731707317073,0.8841624922164704,0.05741868675266297,10
ens_entropy_aleatoric,7.575470155420115e-07,0.35784313725490197,657,0.9406392694063926,0.8812909143976982,0.05885336144194656,10
ens_entropy_aleatoric,7.58337659292676e-07,0.35838779956427014,658,0.9407294832826748,0.8814699171370242,0.05876391857851109,10
ens_entropy_aleatoric,7.621403351983423e-07,0.35893246187363836,659,0.9408194233687405,0.8816478400419971,0.05867474716520001,10
ens_entropy_aleatoric,7.649428943410709e-07,0.35947712418300654,660,0.9409090909090909,0.8818290331466349,0.05858584596799842,10
ens_entropy_aleatoric,7.723212491992484e-07,0.3600217864923747,661,0.9409984871406959,0.8820058862031243,0.058497213760655496,10
ens_entropy_aleatoric,7.72806898043938e-07,0.36056644880174293,662,0.9410876132930514,0.8821859798669356,0.05840884932418826,10
ens_entropy_aleatoric,7.753779324661483e-07,0.3611111111111111,663,0.9411764705882353,0.8823649838267207,0.05832075144654718,10
ens_entropy_aleatoric,7.758888515884372e-07,0.3616557734204793,664,0.9412650602409639,0.8825429079429589,0.05823291892360223,10
ens_entropy_aleatoric,7.805365537257734e-07,0.3622004357298475,665,0.9413533834586466,0.8827187012458453,0.05814535055834353,10
ens_entropy_aleatoric,7.84486595147148e-07,0.3627450980392157,666,0.9414414414414415,0.8828934435838015,0.05805804516143044,10
ens_entropy_aleatoric,7.882525994247212e-07,0.3632897603485839,667,0.9415292353823088,0.8830671443533922,0.05797100154951375,10
ens_entropy_aleatoric,7.994485495390795e-07,0.3638344226579521,668,0.9416167664670658,0.8832439990678163,0.05788421854459712,10
ens_entropy_aleatoric,8.025582093987315e-07,0.36437908496732024,669,0.9417040358744395,0.883419793300358,0.05779769498084493,10
ens_entropy_aleatoric,8.03171868781741e-07,0.36492374727668847,670,0.9417910447761194,0.8835945365610272,0.057711429697008765,10
ens_entropy_aleatoric,8.033619425870204e-07,0.36546840958605664,671,0.9418777943368107,0.8837672057314685,0.057625421538194964,10
ens_entropy_aleatoric,8.05995143006833e-07,0.3660130718954248,672,0.9419642857142857,0.8839388517882132,0.05753966935583376,10
ens_entropy_aleatoric,8.145832513959267e-07,0.36655773420479304,673,0.9420505200594353,0.8841125539214171,0.057454172006646924,10
ens_entropy_aleatoric,8.160828997621682e-07,0.3671023965141612,674,0.9421364985163204,0.8842852237610163,0.057368928360092594,10
ens_entropy_aleatoric,8.210247095262541e-07,0.36764705882352944,675,0.9422222222222222,0.8844568704819672,0.05728393728670074,10
ens_entropy_aleatoric,8.240589574790639e-07,0.3681917211328976,676,0.9423076923076923,0.8846275031508192,0.0571991976656435,10
ens_entropy_aleatoric,8.299526764913002e-07,0.3687363834422658,677,0.9423929098966026,0.8847971307273099,0.05711470837968848,10
ens_entropy_aleatoric,8.346349184639706e-07,0.369281045751634,678,0.9410029498525073,0.8820212988097723,0.058505394579255375,10
ens_entropy_aleatoric,8.402250971343845e-07,0.3698257080610022,679,0.9410898379970545,0.8821957736215691,0.05841923045317699,10
ens_entropy_aleatoric,8.420486659104377e-07,0.37037037037037035,680,0.9411764705882353,0.8823692222529752,0.058333319750666135,10
ens_entropy_aleatoric,8.427749782867921e-07,0.3709150326797386,681,0.9412628487518355,0.8825416537307254,0.05824766135491947,10
ens_entropy_aleatoric,8.438375361737946e-07,0.37145969498910675,682,0.9398826979472141,0.8797778026192463,0.05962852981562514,10
ens_entropy_aleatoric,8.557422887138189e-07,0.3720043572984749,683,0.9399707174231332,0.8799540444722616,0.05954122589383853,10
ens_entropy_aleatoric,8.570002692425624e-07,0.37254901960784315,684,0.9385964912280702,0.877202431330307,0.06091616555114614,10
ens_entropy_aleatoric,8.604257534916638e-07,0.3730936819172113,685,0.9386861313868613,0.8773814090269786,0.06082723676865792,10
ens_entropy_aleatoric,8.78197208651265e-07,0.37363834422657954,686,0.9387755102040817,0.8775603868840199,0.06073856725424489,10
ens_entropy_aleatoric,8.877519332546975e-07,0.3741830065359477,687,0.9388646288209607,0.8777383242514893,0.060650155873075796,10
ens_entropy_aleatoric,8.942111052039449e-07,0.3747276688453159,688,0.938953488372093,0.8779152301764348,0.06056200150090366,10
ens_entropy_aleatoric,9.021441458435902e-07,0.3752723311546841,689,0.9390420899854862,0.878093167858858,0.06047410302077829,10
ens_entropy_aleatoric,9.028803463706208e-07,0.3758169934640523,690,0.9391304347826087,0.8782700740964766,0.060386459315333145,10
ens_entropy_aleatoric,9.111211065276146e-07,0.37636165577342046,691,0.9392185238784371,0.8784459578317795,0.0602990692853984,10
ens_entropy_aleatoric,9.37580792507979e-07,0.3769063180827887,692,0.9393063583815029,0.8786218417206098,0.06021193182466181,10
ens_entropy_aleatoric,9.406867601365217e-07,0.37745098039215685,693,0.9393939393939394,0.8787967119454324,0.060125045843299744,10
ens_entropy_aleatoric,9.423208053824095e-07,0.3779956427015251,694,0.9394812680115274,0.8789705772440769,0.060038410252020995,10
ens_entropy_aleatoric,9.476919866000244e-07,0.37854030501089325,695,0.939568345323741,0.8791454477704633,0.05995202397296738,10
ens_entropy_aleatoric,9.536156650366144e-07,0.3790849673202614,696,0.9382183908045977,0.8764429031459003,0.06130266753903621,10
ens_entropy_aleatoric,9.550206600016618e-07,0.37962962962962965,697,0.9383070301291249,0.8766193936150506,0.061214715281313455,10
ens_entropy_aleatoric,9.594447309259755e-07,0.3801742919389978,698,0.9383954154727794,0.8767948770575921,0.061127015038483,10
ens_entropy_aleatoric,9.669255176982604e-07,0.380718954248366,699,0.9384835479256081,0.876969362067907,0.061039565723060206,10
ens_entropy_aleatoric,9.721589150401192e-07,0.3812636165577342,700,0.9385714285714286,0.8771468686736761,0.06095236626270613,10
ens_entropy_aleatoric,9.776064346659248e-07,0.3818082788671024,701,0.9386590584878745,0.8773203638509595,0.060865415589328675,10
ens_entropy_aleatoric,9.828403302270628e-07,0.38235294117647056,702,0.9373219373219374,0.8746489619012061,0.06220321406311689,10
ens_entropy_aleatoric,9.998458652609007e-07,0.3828976034858388,703,0.9374110953058321,0.8748249767310105,0.06211473145807831,10
ens_entropy_aleatoric,1.007219513297088e-06,0.38344226579520696,704,0.9375,0.8750050440242436,0.0620265002231704,10
ens_entropy_aleatoric,1.0072955543669021e-06,0.3839869281045752,705,0.9375886524822695,0.8751840853673258,0.06193851928963217,10
ens_entropy_aleatoric,1.0163341836138657e-06,0.38453159041394336,706,0.9376770538243626,0.8753591089283709,0.06185078759442163,10
ens_entropy_aleatoric,1.017359745193506e-06,0.38507625272331153,707,0.9377652050919377,0.8755331492817987,0.06176330407736208,10
ens_entropy_aleatoric,1.0174220044847222e-06,0.38562091503267976,708,0.9378531073446328,0.8757062146892656,0.0616760676908157,10
ens_entropy_aleatoric,1.037699411849743e-06,0.3861655773420479,709,0.9379407616361072,0.8758842392558465,0.061589077384668456,10
ens_entropy_aleatoric,1.044696599579582e-06,0.3867102396514161,710,0.9380281690140845,0.876056338028169,0.061502332121155544,10
ens_entropy_aleatoric,1.0509363383716913e-06,0.3872549019607843,711,0.9381153305203939,0.8762274781012368,0.06141583136450534,10
ens_entropy_aleatoric,1.0553208233052403e-06,0.3877995642701525,712,0.9382022471910112,0.8764044943820224,0.061329573089442056,10
ens_entropy_aleatoric,1.0782036983546857e-06,0.3883442265795207,713,0.938288920056101,0.8765805106416459,0.061243556767556474,10
ens_entropy_aleatoric,1.1031431085241116e-06,0.3888888888888889,714,0.938375350140056,0.8767555353303937,0.061157781386373976,10
ens_entropy_aleatoric,1.106927358282857e-06,0.38943355119825707,715,0.9384615384615385,0.8769295768036114,0.06107224593856566,10
ens_entropy_aleatoric,1.1175624502329856e-06,0.3899782135076253,716,0.9385474860335196,0.8771026433230347,0.060986949425439634,10
ens_entropy_aleatoric,1.1200915215659293e-06,0.39052287581699346,717,0.9386331938633193,0.8772747430580948,0.0609018908281183,10
ens_entropy_aleatoric,1.1259991818995653e-06,0.39106753812636164,718,0.9387186629526463,0.8774449332371266,0.060817069163488995,10
ens_entropy_aleatoric,1.1363710834385008e-06,0.39161220043572986,719,0.9388038942976356,0.8776160743990282,0.060732483441263724,10
ens_entropy_aleatoric,1.1479957440679181e-06,0.39215686274509803,720,0.9388888888888889,0.8777862648427193,0.0606481326777289,10
ens_entropy_aleatoric,1.1510343291697445e-06,0.3927015250544662,721,0.9389736477115118,0.8779555124683579,0.060564015899698405,10
ens_entropy_aleatoric,1.152147466348087e-06,0.39324618736383443,722,0.9390581717451524,0.8781238250888137,0.06048013212941738,10
ens_entropy_aleatoric,1.1633250048134286e-06,0.3937908496732026,723,0.9391424619640387,0.8782930729736554,0.06039648040212812,10
ens_entropy_aleatoric,1.175365314774517e-06,0.39433551198257083,724,0.9392265193370166,0.8784604584439765,0.0603130597558004,10
ens_entropy_aleatoric,1.2161136895848035e-06,0.394880174291939,725,0.9393103448275862,0.8786287714492258,0.06022986923182512,10
ens_entropy_aleatoric,1.2298372382150236e-06,0.3954248366013072,726,0.9393939393939394,0.8787961571734282,0.06014690789112713,10
ens_entropy_aleatoric,1.2535211017306243e-06,0.3959694989106754,727,0.938101788170564,0.87621505246151,0.06143969058742964,10
ens_entropy_aleatoric,1.2547495680621515e-06,0.39651416122004357,728,0.9381868131868132,0.8763848220484801,0.06135529530841855,10
ens_entropy_aleatoric,1.2666803203016717e-06,0.39705882352941174,729,0.9382716049382716,0.876554591807936,0.061271131566076206,10
ens_entropy_aleatoric,1.2849339425870566e-06,0.39760348583877997,730,0.936986301369863,0.873981115931369,0.06255706142148185,10
ens_entropy_aleatoric,1.2912585803057193e-06,0.39814814814814814,731,0.9370725034199726,0.8741532496500722,0.06247148394739298,10
ens_entropy_aleatoric,1.2995863598011625e-06,0.39869281045751637,732,0.9357923497267759,0.8715962020781082,0.06375226050527211,10
ens_entropy_aleatoric,1.3020276708923649e-06,0.39923747276688454,733,0.9358799454297408,0.8717715851103031,0.063665285968345,10
ens_entropy_aleatoric,1.3266018727985136e-06,0.3997821350762527,734,0.9359673024523161,0.8719460137638176,0.06357854841739845,10
ens_entropy_aleatoric,1.3367484582608665e-06,0.40032679738562094,735,0.9360544217687075,0.8721204425902412,0.06349204688602555,10
ens_entropy_aleatoric,1.34795383910579e-06,0.4008714596949891,736,0.936141304347826,0.8722939248058122,0.06340578041908024,10
ens_entropy_aleatoric,1.3679360407441474e-06,0.4014161220043573,737,0.9362279511533242,0.8724664680954466,0.06331974804484292,10
ens_entropy_aleatoric,1.3713970000168132e-06,0.4019607843137255,738,0.9363143631436315,0.8726380800610998,0.06323394881785929,10
ens_entropy_aleatoric,1.3744104428700944e-06,0.4025054466230937,739,0.9364005412719891,0.8728115627849408,0.06314838179544204,10
ens_entropy_aleatoric,1.3794732536596967e-06,0.40305010893246185,740,0.9364864864864865,0.8729841065794086,0.0630630460355938,10
ens_entropy_aleatoric,1.3801858834763212e-06,0.4035947712418301,741,0.9365721997300944,0.8731557190464917,0.06297794060140649,10
ens_entropy_aleatoric,1.3814788766413014e-06,0.40413943355119825,742,0.9366576819407008,0.873326407706334,0.06289306456274892,10
ens_entropy_aleatoric,1.406553071670741e-06,0.4046840958605665,743,0.9367429340511441,0.8734961799983337,0.06280841698580948,10
ens_entropy_aleatoric,1.4138652370124738e-06,0.40522875816993464,744,0.9368279569892473,0.8736668689846526,0.06272399696070657,10
ens_entropy_aleatoric,1.4656789619025803e-06,0.4057734204793028,745,0.9369127516778524,0.8738366416009398,0.06263980355895651,10
ens_entropy_aleatoric,1.490866237234505e-06,0.40631808278867104,746,0.9369973190348525,0.8740055052069483,0.06255583588150836,10
ens_entropy_aleatoric,1.4961325628579774e-06,0.4068627450980392,747,0.9357429718875502,0.8715004515546381,0.06381078109691202,10
ens_entropy_aleatoric,1.5087626762046215e-06,0.4074074074074074,748,0.9344919786096256,0.8690026877108709,0.06461673826282972,10
ens_entropy_aleatoric,1.5169823022581312e-06,0.4079520697167756,749,0.9345794392523364,0.8691777672425778,0.06453046746293942,10
ens_entropy_aleatoric,1.5453030830917933e-06,0.4084967320261438,750,0.9346666666666666,0.8693519143943972,0.06444442671972381,10
ens_entropy_aleatoric,1.549201845728877e-06,0.409041394335512,751,0.9347536617842876,0.8695251365945845,0.06435861511547089,10
ens_entropy_aleatoric,1.5526645209676464e-06,0.4095860566448802,752,0.9348404255319149,0.8696974411926958,0.0642730317248145,10
ens_entropy_aleatoric,1.5534569454907917e-06,0.41013071895424835,753,0.9349269588313412,0.8698688354606275,0.06418767565090923,10
ens_entropy_aleatoric,1.5534569456504644e-06,0.4106753812636166,754,0.9350132625994695,0.8700429836718326,0.06410254598568806,10
ens_entropy_aleatoric,1.5680234838752917e-06,0.41122004357298475,755,0.9350993377483444,0.8702162069243751,0.0635761409556286,10
ens_entropy_aleatoric,1.5759040805964476e-06,0.4117647058823529,756,0.9351851851851852,0.8703885125678779,0.06349204541537042,10
ens_entropy_aleatoric,1.5759971233186617e-06,0.41230936819172115,757,0.9352708058124174,0.8705599078743042,0.06340817205047278,10
ens_entropy_aleatoric,1.6203363836949034e-06,0.4128540305010893,758,0.9353562005277045,0.8707304000389806,0.06332451998147462,10
ens_entropy_aleatoric,1.6262014718246225e-06,0.4133986928104575,759,0.9354413702239789,0.8709008924573296,0.06324108833776414,10
ens_entropy_aleatoric,1.6341623570974802e-06,0.4139433551198257,760,0.9355263157894737,0.8710704888519595,0.06315787625041454,10
ens_entropy_aleatoric,1.6373353712671085e-06,0.4144880174291939,761,0.9356110381077529,0.8712400854969422,0.0630748828590587,10
ens_entropy_aleatoric,1.6383173950389334e-06,0.4150326797385621,762,0.9356955380577427,0.8714087931616397,0.06299210729606934,10
ens_entropy_aleatoric,1.638783680819275e-06,0.4155773420479303,763,0.9357798165137615,0.8715775010734221,0.06290954870451376,10
ens_entropy_aleatoric,1.6528481671446813e-06,0.41612200435729846,764,0.9358638743455497,0.8717453269747301,0.06282720623414215,10
ens_entropy_aleatoric,1.6553793234683314e-06,0.4166666666666667,765,0.9359477124183007,0.8719131531199065,0.06274507904061627,10
ens_entropy_aleatoric,1.6637752230568644e-06,0.41721132897603486,766,0.9360313315926893,0.8720801041517561,0.06266316627981391,10
ens_entropy_aleatoric,1.6787391487617643e-06,0.417755991285403,767,0.9361147327249022,0.8722461868972714,0.06258146710269974,10
ens_entropy_aleatoric,1.6813097801142885e-06,0.41830065359477125,768,0.9361979166666666,0.8724114081126164,0.062499980683842105,10
ens_entropy_aleatoric,1.697237712800451e-06,0.4188453159041394,769,0.9349804941482445,0.8699730815534243,0.0632856331879101,10
ens_entropy_aleatoric,1.7075077429387637e-06,0.41938997821350765,770,0.935064935064935,0.8701430113329736,0.06320344392330463,10
ens_entropy_aleatoric,1.7240464750635241e-06,0.4199346405228758,771,0.9351491569390402,0.8703103132737647,0.06312146786079659,10
ens_entropy_aleatoric,1.7336962072676219e-06,0.420479302832244,772,0.9352331606217616,0.8704767529260173,0.0630397041673693,10
ens_entropy_aleatoric,1.741876472313721e-06,0.4210239651416122,773,0.9353169469598965,0.8706423369390597,0.06295815202299819,10
ens_entropy_aleatoric,1.7733913696875934e-06,0.4215686274509804,774,0.9354005167958657,0.8708113846215475,0.06287681060304022,10
ens_entropy_aleatoric,1.7763787284694244e-06,0.42211328976034856,775,0.9354838709677419,0.8709795565026303,0.06279567909848992,10
ens_entropy_aleatoric,1.7773084841132572e-06,0.4226579520697168,776,0.9355670103092784,0.8711442918249688,0.06271475670190768,10
ens_entropy_aleatoric,1.7918459622555191e-06,0.42320261437908496,777,0.9356499356499357,0.8713081846007077,0.06263404259326841,10
ens_entropy_aleatoric,1.7937343203611177e-06,0.42374727668845313,778,0.9344473007712082,0.8689067301020913,0.06383888301690503,10
ens_entropy_aleatoric,1.8048260658845447e-06,0.42429193899782136,779,0.9345314505776636,0.869072610012424,0.06375693309103474,10
ens_entropy_aleatoric,1.8141933782197846e-06,0.42483660130718953,780,0.9346153846153846,0.8692428047385513,0.0636751932953423,10
ens_entropy_aleatoric,1.8197296082135924e-06,0.42538126361655776,781,0.9346991037131882,0.8694078418900797,0.06359366228931368,10
ens_entropy_aleatoric,1.820785366103854e-06,0.42592592592592593,782,0.9347826086956522,0.8695771607966252,0.0635123403315226,10
ens_entropy_aleatoric,1.8695477244173979e-06,0.4264705882352941,783,0.9348659003831418,0.8697413615946922,0.06343122608349243,10
ens_entropy_aleatoric,1.8857837989019576e-06,0.42701525054466233,784,0.9349489795918368,0.8699098114238863,0.0633503187644673,10
ens_entropy_aleatoric,1.9003758733406484e-06,0.4275599128540305,785,0.935031847133758,0.8700731822090967,0.06326961757695442,10
ens_entropy_aleatoric,1.904756287025983e-06,0.42810457516339867,786,0.9351145038167938,0.8702357290378551,0.06318912173063285,10
ens_entropy_aleatoric,1.910919122614496e-06,0.4286492374727669,787,0.9351969504447268,0.8703974581278879,0.06268528138505924,10
ens_entropy_aleatoric,1.920489771335344e-06,0.42919389978213507,788,0.9352791878172588,0.8705650459921155,0.06260573139207022,10
ens_entropy_aleatoric,1.9302464643772026e-06,0.4297385620915033,789,0.935361216730038,0.870731777835603,0.06252638304510608,10
ens_entropy_aleatoric,1.9496840667091217e-06,0.43028322440087147,790,0.9354430379746835,0.8708976602003344,0.062447235577179516,10
ens_entropy_aleatoric,1.967883262757204e-06,0.43082788671023964,791,0.9355246523388117,0.8710585783553825,0.062368288226737935,10
ens_entropy_aleatoric,2.00127074379381e-06,0.43137254901960786,792,0.9356060606060606,0.871218691016681,0.06228954023525644,10
ens_entropy_aleatoric,2.003048949441922e-06,0.43191721132897604,793,0.935687263556116,0.8713837308036012,0.062210990853219426,10
ens_entropy_aleatoric,2.008242104287752e-06,0.4324618736383442,794,0.9357682619647355,0.8715479339944044,0.062132639329895545,10
ens_entropy_aleatoric,2.0101754024007145e-06,0.43300653594771243,795,0.9358490566037736,0.8717072476149794,0.062054484916924633,10
ens_entropy_aleatoric,2.0342273010294896e-06,0.4335511982570806,796,0.9346733668341709,0.869352507085998,0.06323280827465122,10
ens_entropy_aleatoric,2.0460971337717112e-06,0.4340958605664488,797,0.9347553324968633,0.8695186761705666,0.06315346959181065,10
ens_entropy_aleatoric,2.0659035472326815e-06,0.434640522875817,798,0.9348370927318296,0.8696799155821316,0.0630743297520978,10
ens_entropy_aleatoric,2.1081393730505596e-06,0.4351851851851852,799,0.934918648310388,0.8698403548783238,0.06299538800105364,10
ens_entropy_aleatoric,2.1232441760305643e-06,0.4357298474945534,800,0.93375,0.8674999999999999,0.06416664360836168,10
ens_entropy_aleatoric,2.1502887891638e-06,0.4362745098039216,801,0.9338327091136079,0.8676680995115442,0.06408653527357452,10
ens_entropy_aleatoric,2.1719158915979172e-06,0.43681917211328974,802,0.9339152119700748,0.8678353554260697,0.06400662670778955,10
ens_entropy_aleatoric,2.192768917173572e-06,0.43736383442265797,803,0.933997509339975,0.8680017740779912,0.06392691717218182,10
ens_entropy_aleatoric,2.253048945540295e-06,0.43790849673202614,804,0.9340796019900498,0.8681640987562652,0.06384740591455329,10
ens_entropy_aleatoric,2.2691727726713208e-06,0.4384531590413943,805,0.9341614906832298,0.8683256228801398,0.06376809219911099,10
ens_entropy_aleatoric,2.2756463958180747e-06,0.43899782135076254,806,0.93424317617866,0.8684863523573201,0.06368897528106947,10
ens_entropy_aleatoric,2.2811125903726604e-06,0.4395424836601307,807,0.9343246592317225,0.8686519403865112,0.06361005444469808,10
ens_entropy_aleatoric,2.2848547582816392e-06,0.4400871459694989,808,0.9344059405940595,0.8688167036306381,0.06353132895403657,10
ens_entropy_aleatoric,2.2894535382396172e-06,0.4406318082788671,809,0.9332509270704573,0.8665098087147833,0.06468889203286786,10
ens_entropy_aleatoric,2.2952287820477117e-06,0.4411764705882353,810,0.9333333333333333,0.8666764205636535,0.06460902902416439,10
ens_entropy_aleatoric,2.3260337910422243e-06,0.4417211328976035,811,0.9334155363748459,0.8668389686207735,0.06452936296866453,10
ens_entropy_aleatoric,2.3549127240288822e-06,0.4422657952069717,812,0.9334975369458128,0.867004755896341,0.06444989313679936,10
ens_entropy_aleatoric,2.3663764875813215e-06,0.44281045751633985,813,0.933579335793358,0.8671697245485792,0.06437061880134087,10
ens_entropy_aleatoric,2.4275296948605135e-06,0.4433551198257081,814,0.9336609336609336,0.8673314781390912,0.06429153923787242,10
ens_entropy_aleatoric,2.4504246540672126e-06,0.44389978213507625,815,0.9325153374233128,0.8650438814373239,0.06543964759442085,10
ens_entropy_aleatoric,2.5301403934833937e-06,0.4444444444444444,816,0.9325980392156863,0.8652074147935463,0.06535945175918527,10
ens_entropy_aleatoric,2.545588081048739e-06,0.44498910675381265,817,0.9326805385556916,0.865370153430387,0.06527945223789706,10
ens_entropy_aleatoric,2.5567714581867753e-06,0.4455337690631808,818,0.9327628361858191,0.8655369257897727,0.06519964831664214,10
ens_entropy_aleatoric,2.5871889209661423e-06,0.44607843137254904,819,0.9328449328449329,0.8656988756808973,0.06512003927282334,10
ens_entropy_aleatoric,2.5952522546072665e-06,0.4466230936819172,820,0.9329268292682927,0.8658648298178618,0.06504062438957034,10
ens_entropy_aleatoric,2.59850985705436e-06,0.4471677559912854,821,0.9330085261875761,0.8660299715475014,0.06496140297033764,10
ens_entropy_aleatoric,2.672582698010007e-06,0.4477124183006536,822,0.9330900243309003,0.866191138603605,0.06488237429463077,10
ens_entropy_aleatoric,2.719322172811958e-06,0.4482570806100218,823,0.9331713244228432,0.8663515281070723,0.0648035376742314,10
ens_entropy_aleatoric,2.7429480178819147e-06,0.44880174291938996,824,0.933252427184466,0.866515863758998,0.06472489239792154,10
ens_entropy_aleatoric,2.756540000305653e-06,0.4493464052287582,825,0.9321212121212121,0.8642502027432037,0.06585855899137383,10
ens_entropy_aleatoric,2.8120580022370244e-06,0.44989106753812635,826,0.9322033898305084,0.8644123440577807,0.06577882687234018,10
ens_entropy_aleatoric,2.832600352823518e-06,0.4504357298474945,827,0.9310761789600968,0.8621614271887528,0.06690847741878621,10
ens_entropy_aleatoric,2.854962230845077e-06,0.45098039215686275,828,0.9299516908212561,0.8599164585909971,0.06803539932575427,10
ens_entropy_aleatoric,2.856394954458392e-06,0.4515250544662309,829,0.9300361881785284,0.8600827595839906,0.06795332986819642,10
ens_entropy_aleatoric,2.8740891474113965e-06,0.45206971677559915,830,0.9301204819277108,0.8602539465051874,0.06787145816286394,10
ens_entropy_aleatoric,2.9990630993785275e-06,0.4526143790849673,831,0.9302045728038508,0.8604243045540633,0.06778978350540658,10
ens_entropy_aleatoric,3.0789993015276566e-06,0.4531590413943355,832,0.9302884615384616,0.8605898123324397,0.0677083051720945,10
ens_entropy_aleatoric,3.130902582361553e-06,0.4537037037037037,833,0.9303721488595438,0.8607593477471452,0.06762702245904802,10
ens_entropy_aleatoric,3.161277096928493e-06,0.4542483660130719,834,0.9292565947242206,0.8585327146331787,0.0687449754375216,10
ens_entropy_aleatoric,3.199140741969041e-06,0.45479302832244006,835,0.9293413173652695,0.858699860894007,0.06866264588123785,10
ens_entropy_aleatoric,3.2023606411596605e-06,0.4553376906318083,836,0.9294258373205742,0.8588662141900631,0.06858051329370361,10
ens_entropy_aleatoric,3.2235528419368988e-06,0.45588235294117646,837,0.929510155316607,0.8590374136164212,0.06849857695748879,10
ens_entropy_aleatoric,3.2670868839161644e-06,0.4564270152505447,838,0.9295942720763724,0.8592077910983286,0.06841683617057408,10
ens_entropy_aleatoric,3.275122345191376e-06,0.45697167755991286,839,0.929678188319428,0.8593773525409574,0.06833529023202342,10
ens_entropy_aleatoric,3.27551754852705e-06,0.45751633986928103,840,0.9297619047619048,0.8595461037930487,0.06825393844371284,10
ens_entropy_aleatoric,3.329544205588064e-06,0.45806100217864926,841,0.9286563614744352,0.85733995272937,0.06936184077209724,10
ens_entropy_aleatoric,3.436519035175154e-06,0.45860566448801743,842,0.9287410926365796,0.8575103228863467,0.0692794630378538,10
ens_entropy_aleatoric,3.443073719902444e-06,0.4591503267973856,843,0.9276393831553974,0.8553123601954942,0.07038352036361606,10
ens_entropy_aleatoric,3.444868174073349e-06,0.4596949891067538,844,0.9277251184834123,0.8554843200880275,0.07030012730499324,10
ens_entropy_aleatoric,3.459541854703031e-06,0.460239651416122,845,0.9266272189349113,0.8532838211737295,0.07100588665176638,10
ens_entropy_aleatoric,3.5496690285308287e-06,0.46078431372549017,846,0.9267139479905437,0.853457379934624,0.07092195506887804,10
ens_entropy_aleatoric,3.5646014272491754e-06,0.4613289760348584,847,0.9268004722550177,0.8536301201864115,0.07083822168428738,10
ens_entropy_aleatoric,3.56681198240118e-06,0.46187363834422657,848,0.9268867924528302,0.8538020477056465,0.07075468578700297,10
ens_entropy_aleatoric,3.583461699815536e-06,0.4624183006535948,849,0.9269729093050648,0.8539747886104885,0.07067134667075119,10
ens_entropy_aleatoric,3.5871068366682384e-06,0.46296296296296297,850,0.9270588235294117,0.8541467167789394,0.0705882036338516,10
ens_entropy_aleatoric,3.599866912241201e-06,0.46350762527233114,851,0.9259694477085781,0.8519636294355273,0.07168034414055025,10
ens_entropy_aleatoric,3.645153287509203e-06,0.46405228758169936,852,0.926056338028169,0.8521371194340682,0.07159621201410864,10
ens_entropy_aleatoric,3.826354319339567e-06,0.46459694989106753,853,0.9249706916764361,0.849970869197199,0.07268461006731004,10
ens_entropy_aleatoric,3.826668586642732e-06,0.4651416122004357,854,0.9250585480093677,0.8501458621219101,0.0725994989923432,10
ens_entropy_aleatoric,3.83362448833701e-06,0.46568627450980393,855,0.9251461988304094,0.8503200393894633,0.07251458701452211,10
ens_entropy_aleatoric,3.862253410303938e-06,0.4662309368191721,856,0.9240654205607477,0.848163995983059,0.07359809772190537,10
ens_entropy_aleatoric,3.961555312082331e-06,0.46677559912854033,857,0.9241540256709452,0.8483421225296551,0.07351221867249401,10
ens_entropy_aleatoric,4.013535143030166e-06,0.4673202614379085,858,0.9242424242424242,0.8485177720677309,0.07342653978737929,10
ens_entropy_aleatoric,4.027258167307546e-06,0.4678649237472767,859,0.9243306169965075,0.8486950677871027,0.07334106038631372,10
ens_entropy_aleatoric,4.028428012874546e-06,0.4684095860566449,860,0.9244186046511628,0.8488699037525683,0.0732557797933112,10
ens_entropy_aleatoric,4.084219380968681e-06,0.46895424836601307,861,0.924506387921022,0.8490439314122948,0.07317069728775323,10
ens_entropy_aleatoric,4.112245866783179e-06,0.46949891067538124,862,0.9245939675174014,0.8492171563588218,0.07308581218944515,10
ens_entropy_aleatoric,4.140451330664573e-06,0.47004357298474947,863,0.9246813441483198,0.8493936277892182,0.07300112380912598,10
ens_entropy_aleatoric,4.1666626094748836e-06,0.47058823529411764,864,0.9247685185185185,0.8495660559305688,0.07291663145893186,10
ens_entropy_aleatoric,4.177428943490584e-06,0.4711328976034858,865,0.9248554913294798,0.8497417080673135,0.07283233445993917,10
ens_entropy_aleatoric,4.287964775022758e-06,0.47167755991285404,866,0.9249422632794457,0.8499165462408481,0.07274823214153328,10
ens_entropy_aleatoric,4.301074840593756e-06,0.4722222222222222,867,0.9250288350634371,0.8500881834215168,0.07266432383516538,10
ens_entropy_aleatoric,4.3098355345114175e-06,0.47276688453159044,868,0.9251152073732719,0.8502622136351091,0.07258060886660304,10
ens_entropy_aleatoric,4.399800969745122e-06,0.4733115468409586,869,0.9252013808975834,0.8504354411207875,0.07249708655959246,10
ens_entropy_aleatoric,4.481377665137896e-06,0.4738562091503268,870,0.9252873563218391,0.8506062927641138,0.07241375623705253,10
ens_entropy_aleatoric,4.51279593917673e-06,0.474400871459695,871,0.9253731343283582,0.8507787234154711,0.07233061726851105,10
ens_entropy_aleatoric,4.51628968815842e-06,0.4749455337690632,872,0.9254587155963303,0.8509503623683852,0.0722476689906851,10
ens_entropy_aleatoric,4.518511582520238e-06,0.47549019607843135,873,0.9255441008018328,0.8511212150628757,0.07216491072099043,10
ens_entropy_aleatoric,4.5223526628320054e-06,0.4760348583877996,874,0.9256292906178489,0.8512912868892367,0.07208234183399159,10
ens_entropy_aleatoric,4.550647877368732e-06,0.47657952069716775,875,0.9257142857142857,0.8514613590600084,0.07199996169041276,10
ens_entropy_aleatoric,4.553747406191606e-06,0.477124183006536,876,0.9257990867579908,0.851630655701823,0.07191776960792234,10
ens_entropy_aleatoric,4.572979337428231e-06,0.47766884531590414,877,0.9247434435575826,0.8495148660031822,0.07297601583971812,10
ens_entropy_aleatoric,4.581706902287773e-06,0.4782135076252723,878,0.9248291571753986,0.8496856128992093,0.07289289930880105,10
ens_entropy_aleatoric,4.672188177362451e-06,0.47875816993464054,879,0.9249146757679181,0.8498555855771919,0.07280997190119516,10
ens_entropy_aleatoric,4.801311079860215e-06,0.4793028322440087,880,0.925,0.8500247892910263,0.07272723295560238,10
ens_entropy_aleatoric,4.826682043713797e-06,0.4798474945533769,881,0.9250851305334846,0.8501932292471788,0.0726446818382491,10
ens_entropy_aleatoric,4.892135536258625e-06,0.4803921568627451,882,0.9251700680272109,0.8503609106052193,0.07256231790094299,10
ens_entropy_aleatoric,5.067483859622558e-06,0.4809368191721133,883,0.9252548131370328,0.8505324387541549,0.07248014048431206,10
ens_entropy_aleatoric,5.096332154746125e-06,0.48148148148148145,884,0.9253393665158371,0.8506993669104513,0.07239814901088217,10
ens_entropy_aleatoric,5.0970340850211194e-06,0.4820261437908497,885,0.9254237288135593,0.8508701158111889,0.07231634281214333,10
ens_entropy_aleatoric,5.2164432852226315e-06,0.48257080610021785,886,0.9255079006772009,0.8510362958283234,0.07223472127714699,10
ens_entropy_aleatoric,5.362552286985951e-06,0.4831154684095861,887,0.9244644870349493,0.8489545076769408,0.07328067949285506,10
ens_entropy_aleatoric,5.517691588095108e-06,0.48366013071895425,888,0.9245495495495496,0.8491220595843098,0.07319815581215532,10
ens_entropy_aleatoric,5.6815052795644584e-06,0.4842047930283224,889,0.9246344206974129,0.8492942030782311,0.07311581777052951,10
ens_entropy_aleatoric,5.685631923977034e-06,0.48474945533769065,890,0.9247191011235955,0.8494610083057734,0.07303366473264357,10
ens_entropy_aleatoric,5.750582874044204e-06,0.4852941176470588,891,0.9248035914702581,0.8496270715100769,0.0729516961150882,10
ens_entropy_aleatoric,5.840287291913673e-06,0.485838779956427,892,0.9248878923766816,0.8497923976314228,0.07286991128315493,10
ens_entropy_aleatoric,5.885227082703498e-06,0.4863834422657952,893,0.9249720044792833,0.8499637642090693,0.07278830960970341,10
ens_entropy_aleatoric,6.171789878652575e-06,0.4869281045751634,894,0.9250559284116331,0.8501283584629011,0.07270689046446625,10
ens_entropy_aleatoric,6.400666656413387e-06,0.4874727668845316,895,0.9251396648044693,0.8502989527292699,0.07262565324556342,10
ens_entropy_aleatoric,6.448785272414837e-06,0.4880174291938998,896,0.9252232142857143,0.8504687795789453,0.07254459734791319,10
ens_entropy_aleatoric,6.689298919323644e-06,0.48856209150326796,897,0.9253065774804905,0.8506378441786311,0.07246372215156525,10
ens_entropy_aleatoric,6.701680318667865e-06,0.4891067538126362,898,0.9253897550111359,0.850806151648755,0.0723830270990245,10
ens_entropy_aleatoric,6.74064854786411e-06,0.48965141612200436,899,0.9254727474972191,0.8509700198185403,0.07230251156496438,10
ens_entropy_aleatoric,6.743476361708987e-06,0.49019607843137253,900,0.9255555555555556,0.851137575542126,0.07222217495181217,10
ens_entropy_aleatoric,6.9836604993099706e-06,0.49074074074074076,901,0.925638179800222,0.8513007214872146,0.07214201664605542,10
ens_entropy_aleatoric,7.056728050721593e-06,0.4912854030501089,902,0.9257206208425721,0.851463149667455,0.07206203606721849,10
ens_entropy_aleatoric,7.080286873082258e-06,0.4918300653594771,903,0.9258028792912514,0.85162995897207,0.07198223263436572,10
ens_entropy_aleatoric,7.202583928804673e-06,0.4923747276688453,904,0.9258849557522124,0.8517916744154179,0.07190260572188435,10
ens_entropy_aleatoric,7.203801577608612e-06,0.4929193899782135,905,0.9259668508287293,0.8519577419740759,0.07182315480914953,10
ens_entropy_aleatoric,7.286466455949399e-06,0.4934640522875817,906,0.9260485651214128,0.8521187493605016,0.07174387928262717,10
ens_entropy_aleatoric,7.443163480386272e-06,0.4940087145969499,907,0.9261300992282249,0.8522790530340781,0.07166477852338579,10
ens_entropy_aleatoric,7.594708858989958e-06,0.49455337690631807,908,0.9262114537444934,0.8524443840773045,0.07158585198513547,10
ens_entropy_aleatoric,7.657379564907103e-06,0.4950980392156863,909,0.9262926292629263,0.8526089829068724,0.07150709911113667,10
ens_entropy_aleatoric,7.786587123318868e-06,0.49564270152505446,910,0.9263736263736264,0.8527728543762467,0.07142851929307929,10
ens_entropy_aleatoric,8.069528645086658e-06,0.49618736383442263,911,0.9264544456641054,0.8529324598158674,0.07135011195985191,10
ens_entropy_aleatoric,8.127410305111934e-06,0.49673202614379086,912,0.9265350877192983,0.8530913707048268,0.07127187659990031,10
ens_entropy_aleatoric,8.345013703842854e-06,0.49727668845315903,913,0.9266155531215772,0.8532545202002633,0.07119381259847671,10
ens_entropy_aleatoric,8.63260997777942e-06,0.49782135076252726,914,0.9266958424507659,0.8534169519113388,0.07111591936956178,10
ens_entropy_aleatoric,8.697423360053244e-06,0.49836601307189543,915,0.926775956284153,0.8535751733428235,0.07103819642587968,10
ens_entropy_aleatoric,8.721915761439895e-06,0.4989106753812636,916,0.9268558951965066,0.8537327092290534,0.07096064315639672,10
ens_entropy_aleatoric,8.865203948857894e-06,0.49945533769063183,917,0.9269356597600873,0.8538944284453917,0.07088325904668454,10
ens_entropy_aleatoric,8.916956817250084e-06,0.5,918,0.9270152505446623,0.8540554392858668,0.07080604348509799,10
ens_entropy_aleatoric,8.920895949320777e-06,0.5005446623093682,919,0.9270946681175191,0.8542122946297713,0.07072899599517275,10
ens_entropy_aleatoric,9.332515882194998e-06,0.5010893246187363,920,0.9271739130434783,0.8543684732788357,0.07065211594258052,10
ens_entropy_aleatoric,9.761799398330106e-06,0.5016339869281046,921,0.9272529858849077,0.8545287809385954,0.07057540284556825,10
ens_entropy_aleatoric,1.0396432528866054e-05,0.5021786492374728,922,0.9273318872017353,0.8546842875356973,0.07049885608805587,10
ens_entropy_aleatoric,1.0474614258537083e-05,0.5027233115468409,923,0.9274106175514626,0.8548438963361821,0.07042247519885798,10
ens_entropy_aleatoric,1.0600883895383594e-05,0.5032679738562091,924,0.9264069264069265,0.8528414307395403,0.07142851067296423,10
ens_entropy_aleatoric,1.1127887487785698e-05,0.5038126361655774,925,0.9264864864864865,0.8530023510275813,0.07135128986397297,10
ens_entropy_aleatoric,1.2220388005761054e-05,0.5043572984749455,926,0.9265658747300216,0.8531625733394275,0.07127423575415628,10
ens_entropy_aleatoric,1.254313109898047e-05,0.5049019607843137,927,0.9266450916936354,0.8533193717277487,0.07119734785100787,10
ens_entropy_aleatoric,1.2680817704384681e-05,0.5054466230936819,928,0.9267241379310345,0.8534754987554334,0.0711206256314999,10
ens_entropy_aleatoric,1.2758073761545781e-05,0.5059912854030502,929,0.9268030139935415,0.8536350282433516,0.07104406857343334,10
ens_entropy_aleatoric,1.3225054876172464e-05,0.5065359477124183,930,0.9268817204301075,0.8537904885210275,0.07096767610991286,10
ens_entropy_aleatoric,1.3324271414721125e-05,0.5070806100217865,931,0.9269602577873255,0.8539493293591655,0.07089144776744795,10
ens_entropy_aleatoric,1.3543354181233211e-05,0.5076252723311547,932,0.927038626609442,0.8541041271478296,0.07081538299650669,10
ens_entropy_aleatoric,1.3922602824959106e-05,0.5081699346405228,933,0.9271168274383709,0.8542622837847151,0.07073948124984537,10
ens_entropy_aleatoric,1.4222104834424015e-05,0.5087145969498911,934,0.9261241970021413,0.8522822603936021,0.07173440581856684,10
ens_entropy_aleatoric,1.4237942753360361e-05,0.5092592592592593,935,0.9262032085561497,0.8524416937127329,0.07165768347552329,10
ens_entropy_aleatoric,1.4353527836460573e-05,0.5098039215686274,936,0.9262820512820513,0.8526004436775944,0.07158112500617221,10
ens_entropy_aleatoric,1.4390493427566128e-05,0.5103485838779956,937,0.9252934898612594,0.8506187966602745,0.07257196585963865,10
ens_entropy_aleatoric,1.4506697908475761e-05,0.5108932461873639,938,0.9253731343283582,0.8507767969964456,0.07249459595501734,10
ens_entropy_aleatoric,1.4570735448789077e-05,0.511437908496732,939,0.9254526091586794,0.8509368324133584,0.07241739080528312,10
ens_entropy_aleatoric,1.5159719871030497e-05,0.5119825708061002,940,0.925531914893617,0.8510941637058995,0.0723403498576086,10
ens_entropy_aleatoric,1.6141658404229598e-05,0.5125272331154684,941,0.9256110520722636,0.8512508298970702,0.07226347256468856,10
ens_entropy_aleatoric,1.676952619080955e-05,0.5130718954248366,942,0.9246284501061571,0.8492908680388119,0.0732483296194104,10
ens_entropy_aleatoric,1.6807392462004674e-05,0.5136165577342048,943,0.9247083775185578,0.8494521382684737,0.07317065248364958,10
ens_entropy_aleatoric,1.7494933200568143e-05,0.514161220043573,944,0.9247881355932204,0.8496100236050154,0.07309313988046287,10
ens_entropy_aleatoric,1.7555885054024535e-05,0.5147058823529411,945,0.9248677248677248,0.8497706088214286,0.07301579136664327,10
ens_entropy_aleatoric,1.771146295376216e-05,0.5152505446623094,946,0.9238900634249472,0.8478107376192051,0.07399568877632492,10
ens_entropy_aleatoric,1.8025030725658686e-05,0.5157952069716776,947,0.9229144667370645,0.8458648544399333,0.07497351670211039,10
ens_entropy_aleatoric,1.8312351380053316e-05,0.5163398692810458,948,0.9229957805907173,0.8460258270071109,0.07489442934955519,10
ens_entropy_aleatoric,1.865500464333928e-05,0.5168845315904139,949,0.9230769230769231,0.8461861255120507,0.07481550858256203,10
ens_entropy_aleatoric,1.877390641391812e-05,0.5174291938997821,950,0.9231578947368421,0.8463498393707765,0.07473675395723824,10
ens_entropy_aleatoric,1.8810806449244614e-05,0.5179738562091504,951,0.9232386961093586,0.8465094683779392,0.07465816498850587,10
ens_entropy_aleatoric,1.967271649765509e-05,0.5185185185185185,952,0.9233193277310925,0.8466724912410757,0.07457974103690217,10
ens_entropy_aleatoric,1.994100708179512e-05,0.5190631808278867,953,0.9233997901364114,0.8468314549349515,0.07450148160758956,10
ens_entropy_aleatoric,2.0115402757369864e-05,0.5196078431372549,954,0.9224318658280922,0.8449012232845894,0.07547160431874617,10
ens_entropy_aleatoric,2.0217151758212116e-05,0.5201525054466231,955,0.9225130890052357,0.8450613440440591,0.07539257491865448,10
ens_entropy_aleatoric,2.0395031512726538e-05,0.5206971677559913,956,0.9225941422594143,0.8452208005881016,0.07531371088823849,10
ens_entropy_aleatoric,2.0821720428484023e-05,0.5212418300653595,957,0.9216300940438872,0.8432877370334386,0.07627994372303504,10
ens_entropy_aleatoric,2.1101218617979815e-05,0.5217864923747276,958,0.9217118997912317,0.8434538205111445,0.07620031798542556,10
ens_entropy_aleatoric,2.1565961142695493e-05,0.5223311546840959,959,0.921793534932221,0.8436192070618674,0.07612085831747559,10
ens_entropy_aleatoric,2.216943263376297e-05,0.5228758169934641,960,0.921875,0.8437798337123119,0.07604156408500688,10
ens_entropy_aleatoric,2.2611221968193033e-05,0.5234204793028322,961,0.9219562955254943,0.8439397974627632,0.07596243476885883,10
ens_entropy_aleatoric,2.289905234587474e-05,0.5239651416122004,962,0.920997920997921,0.8420183755845009,0.07692297098512434,10
ens_entropy_aleatoric,2.529524119300957e-05,0.5245098039215687,963,0.9210799584631361,0.842179487732403,0.07684309063614395,10
ens_entropy_aleatoric,2.565503992810836e-05,0.5250544662309368,964,0.921161825726141,0.8423399383683094,0.07676337585280593,10
ens_entropy_aleatoric,2.6768032255504618e-05,0.525599128540305,965,0.9212435233160622,0.8425064960164924,0.07668382621820928,10
ens_entropy_aleatoric,2.9960533935526354e-05,0.5261437908496732,966,0.9202898550724637,0.8406043072966891,0.07763963776968377,10
ens_entropy_aleatoric,3.0352922428387193e-05,0.5266884531590414,967,0.9193381592554292,0.8386961561327796,0.07859347244690561,10
ens_entropy_aleatoric,3.163942576657358e-05,0.5272331154684096,968,0.9194214876033058,0.8388594843776678,0.0785122783649184,10
ens_entropy_aleatoric,3.295352518752049e-05,0.5277777777777778,969,0.9195046439628483,0.8390290029773947,0.07843125171625054,10
ens_entropy_aleatoric,3.513715133664499e-05,0.528322440087146,970,0.9195876288659793,0.8391978168648887,0.07835039203208906,10
ens_entropy_aleatoric,3.5510901303286166e-05,0.5288671023965141,971,0.9196704428424305,0.8393659304254136,0.07826969890894021,10
ens_entropy_aleatoric,3.640021364133402e-05,0.5294117647058824,972,0.918724279835391,0.8374788350829665,0.07921797818320817,10
ens_entropy_aleatoric,3.789819792909617e-05,0.5299564270152506,973,0.9188078108941419,0.8376432320544098,0.07913655905292827,10
ens_entropy_aleatoric,3.799386707891108e-05,0.5305010893246187,974,0.9188911704312115,0.8378069602242786,0.07905530698963795,10
ens_entropy_aleatoric,4.050031073084572e-05,0.5310457516339869,975,0.918974358974359,0.8379761586729295,0.07897422140893492,10
ens_entropy_aleatoric,4.1577657112566724e-05,0.5315904139433552,976,0.9190573770491803,0.8381446588409156,0.07889330180568609,10
ens_entropy_aleatoric,4.200700356104297e-05,0.5321350762527233,977,0.9191402251791198,0.8383124650420333,0.0788125479917778,10
ens_entropy_aleatoric,4.273901048164721e-05,0.5326797385620915,978,0.9192229038854806,0.8384795815546199,0.07873195913543582,10
ens_entropy_aleatoric,4.344102615646796e-05,0.5332244008714597,979,0.9193054136874361,0.838642646276457,0.0786515348523542,10
ens_entropy_aleatoric,4.4914411212927246e-05,0.5337690631808278,980,0.9193877551020408,0.8388050503031516,0.07857127451198931,10
ens_entropy_aleatoric,4.493496996007805e-05,0.5343137254901961,981,0.9194699286442406,0.8389714820009351,0.07849117780004328,10
ens_entropy_aleatoric,4.544770273990325e-05,0.5348583877995643,982,0.9185336048879837,0.8371043726361888,0.07942957420611933,10
ens_entropy_aleatoric,4.5546361872205365e-05,0.5354030501089324,983,0.9175991861648016,0.8352306001792074,0.08036606127344063,10
ens_entropy_aleatoric,4.6919472540666694e-05,0.5359477124183006,984,0.9176829268292683,0.8353957737869052,0.08028438463150736,10
ens_entropy_aleatoric,4.696487684607156e-05,0.5364923747276689,985,0.917766497461929,0.8355650268854323,0.08020287385573655,10
ens_entropy_aleatoric,5.002022781493713e-05,0.5370370370370371,986,0.9178498985801217,0.8357295356098283,0.08012152808334892,10
ens_entropy_aleatoric,5.053370558635034e-05,0.5375816993464052,987,0.916919959473151,0.8338752186014434,0.08105351859615958,10
ens_entropy_aleatoric,5.091515016381474e-05,0.5381263616557734,988,0.917004048582996,0.8340407400730897,0.08097147664307373,10
ens_entropy_aleatoric,5.116777890723697e-05,0.5386710239651417,989,0.917087967644085,0.8342110212525861,0.08088960057195874,10
ens_entropy_aleatoric,5.348282803927843e-05,0.5392156862745098,990,0.9161616161616162,0.8323533372233942,0.08181799059010224,10
ens_entropy_aleatoric,5.407161914185238e-05,0.539760348583878,991,0.9152371342078708,0.8305099929959441,0.0827445069267531,10
ens_entropy_aleatoric,5.407482961373219e-05,0.5403050108932462,992,0.9153225806451613,0.8306830142519842,0.08266109077058312,10
ens_entropy_aleatoric,5.622972275250033e-05,0.5408496732026143,993,0.9144008056394763,0.8288455260153583,0.08358489168167989,10
ens_entropy_aleatoric,6.008491028386743e-05,0.5413943355119826,994,0.9144869215291751,0.8290195284832542,0.08350079735053784,10
ens_entropy_aleatoric,7.229587768565575e-05,0.5419389978213508,995,0.914572864321608,0.8291893791440382,0.08341687091096828,10
ens_entropy_aleatoric,8.296874937499775e-05,0.5424836601307189,996,0.9146586345381527,0.8293626798887412,0.08333311220185205,10
ens_entropy_aleatoric,8.366316394349355e-05,0.5430283224400871,997,0.9147442326980942,0.8295352827467458,0.08324952150369863,10
ens_entropy_aleatoric,9.305098567172835e-05,0.5435729847494554,998,0.9148296593186372,0.8297044570336495,0.08316609742483425,10
ens_entropy_aleatoric,9.320711434680491e-05,0.5441176470588235,999,0.914914914914915,0.8298729581849911,0.08308284044476735,10
ens_entropy_aleatoric,9.936537281495922e-05,0.5446623093681917,1000,0.914,0.8280495217377396,0.08399974902073967,10
ens_entropy_aleatoric,0.00011201948777770253,0.5452069716775599,1001,0.9140859140859141,0.8282189736160499,0.08391582342654767,10
ens_entropy_aleatoric,0.00011364475891712643,0.545751633986928,1002,0.9141716566866267,0.8283925392216606,0.08383206524838772,10
ens_entropy_aleatoric,0.00012515111937215563,0.5462962962962963,1003,0.9132602193419741,0.8265640558820665,0.08474548189193326,10
ens_entropy_aleatoric,0.0001277337066072494,0.5468409586056645,1004,0.9133466135458167,0.8267386043559328,0.08466106356758386,10
ens_entropy_aleatoric,0.00013842015447101895,0.5473856209150327,1005,0.9124378109452737,0.8249274490163552,0.08557183636102081,10
ens_entropy_aleatoric,0.00013983080814584988,0.5479302832244008,1006,0.9125248508946322,0.8251029294390049,0.08548676248254687,10
ens_entropy_aleatoric,0.0001408589354015474,0.5484749455337691,1007,0.9126117179741807,0.8252777109597738,0.08540185750367182,10
ens_entropy_aleatoric,0.00014125536314404588,0.5490196078431373,1008,0.9126984126984127,0.8254497369073528,0.08498643826117462,10
ens_entropy_aleatoric,0.00014671731827530472,0.5495642701525054,1009,0.9127849355797819,0.8256210844674875,0.08490219704703207,10
ens_entropy_aleatoric,0.0001477651106108551,0.5501089324618736,1010,0.9118811881188119,0.8238079744091324,0.08547819179607007,10
ens_entropy_aleatoric,0.00015878842172816764,0.5506535947712419,1011,0.9119683481701286,0.8239802655388342,0.0853936295054659,10
ens_entropy_aleatoric,0.00016196010901791763,0.55119825708061,1012,0.9110671936758893,0.8221843909600637,0.08629737638329885,10
ens_entropy_aleatoric,0.0001903658892641361,0.5517429193899782,1013,0.9111549851924975,0.822357576253551,0.08621216961314887,10
ens_entropy_aleatoric,0.0001945870544923117,0.5522875816993464,1014,0.9102564102564102,0.8205672683148794,0.08645586583380456,10
ens_entropy_aleatoric,0.00019861613388045513,0.5528322440087146,1015,0.9103448275862069,0.8207462034835769,0.08637066961665284,10
ens_entropy_aleatoric,0.00022156457435673494,0.5533769063180828,1016,0.9104330708661418,0.8209202686893261,0.0862856387201333,10
ens_entropy_aleatoric,0.00022179302433267267,0.553921568627451,1017,0.9105211406096362,0.8210936548532456,0.08587305373632187,10
ens_entropy_aleatoric,0.0002243911844848831,0.5544662309368191,1018,0.9106090373280943,0.821271883284007,0.08578867857129083,10
ens_entropy_aleatoric,0.0002470542579001683,0.5550108932461874,1019,0.9097154072620216,0.8194786238874833,0.08668582084153058,10
ens_entropy_aleatoric,0.0002761172132803371,0.5555555555555556,1020,0.9098039215686274,0.8196529125747122,0.08660080883245791,10
ens_entropy_aleatoric,0.0002763830856974627,0.5561002178649237,1021,0.9098922624877571,0.8198320539821007,0.08651596333695137,10
ens_entropy_aleatoric,0.0003194581056412007,0.5566448801742919,1022,0.9090019569471625,0.8180457230809285,0.08740975480074513,10
ens_entropy_aleatoric,0.0003514014856648115,0.5571895424836601,1023,0.9090909090909091,0.8182209000395507,0.0873242767498519,10
ens_entropy_aleatoric,0.00039904741382379866,0.5577342047930284,1024,0.9091796875,0.8183953988619201,0.08723896052009573,10
ens_entropy_aleatoric,0.0004329365104749813,0.5582788671023965,1025,0.9082926829268293,0.8166277781795621,0.08812941662040079,10
ens_entropy_aleatoric,0.0004366265969390196,0.5588235294117647,1026,0.9083820662768031,0.8168031152056224,0.08804347783163786,10
ens_entropy_aleatoric,0.00045118332870796636,0.559368191721133,1027,0.9074975657254138,0.815028277079356,0.0889314151492821,10
ens_entropy_aleatoric,0.00048447544596556125,0.5599128540305011,1028,0.9075875486381323,0.8152044747538204,0.08884485799847655,10
ens_entropy_aleatoric,0.0005203126834033047,0.5604575163398693,1029,0.9076773566569485,0.8153876660717827,0.08875846634657837,10
ens_entropy_aleatoric,0.0005432624397100318,0.5610021786492375,1030,0.9067961165048544,0.8136315831137548,0.08964311546916078,10
ens_entropy_aleatoric,0.0006072307411805683,0.5615468409586056,1031,0.906886517943744,0.8138155988878899,0.08955610622708839,10
ens_entropy_aleatoric,0.0006111554012477622,0.5620915032679739,1032,0.9069767441860465,0.813992610171528,0.08946926526485718,10
ens_entropy_aleatoric,0.0007593891945726275,0.5626361655773421,1033,0.9070667957405615,0.8141689434568984,0.0890600481365987,10
ens_entropy_aleatoric,0.0008490700767254433,0.5631808278867102,1034,0.90715667311412,0.8143522414857207,0.08897382733302774,10
ens_entropy_aleatoric,0.0009532827633480499,0.5637254901960784,1035,0.9072463768115943,0.8145279010815474,0.08856570017376386,10
ens_entropy_aleatoric,0.0013214555475251652,0.5642701525054467,1036,0.9073359073359073,0.8147028904232604,0.08848006538747609,10
ens_entropy_aleatoric,0.0014758378989190293,0.5648148148148148,1037,0.9074252651880425,0.8148772133397303,0.088394576263605,10
ens_entropy_aleatoric,0.0014759582437323018,0.565359477124183,1038,0.9075144508670521,0.8150597982227568,0.08830925184610532,10
ens_entropy_aleatoric,0.0018389091009102085,0.5659041394335512,1039,0.9076034648700674,0.8152334589265668,0.08822404472405483,10
ens_entropy_aleatoric,0.0022891075516580776,0.5664488017429193,1040,0.9076923076923077,0.8154153339865776,0.08813894125084482,10
ens_entropy_aleatoric,0.0025563979452044496,0.5669934640522876,1041,0.9077809798270894,0.8155965029468099,0.08805396482121383,10
ens_entropy_aleatoric,0.002592877599477594,0.5675381263616558,1042,0.9078694817658349,0.8157769699112697,0.08796917277788169,10
ens_entropy_aleatoric,0.0028644033091577386,0.568082788671024,1043,0.9069990412272292,0.8140426978890003,0.08884325281922247,10
ens_entropy_aleatoric,0.0031725268624971975,0.5686274509803921,1044,0.907088122605364,0.8142239702957945,0.08875775909721237,10
ens_entropy_aleatoric,0.004881795311522489,0.5691721132897604,1045,0.907177033492823,0.8143984267856585,0.08867217428669474,10
ens_entropy_aleatoric,0.004893149375874423,0.5697167755991286,1046,0.9063097514340345,0.8126708673849798,0.08954277528421288,10
ens_entropy_aleatoric,0.0060472113776418165,0.5702614379084967,1047,0.9063992359121299,0.812852932164067,0.08945642082975239,10
ens_entropy_aleatoric,0.007747647983731048,0.5708061002178649,1048,0.9064885496183206,0.8130281702961212,0.08936997203722885,10
ens_entropy_aleatoric,0.011477444759934051,0.5713507625272332,1049,0.9056244041944709,0.8113072818153572,0.09023629761579241,10
ens_entropy_aleatoric,0.012393250059282558,0.5718954248366013,1050,0.9047619047619048,0.8095901291522952,0.09110098511655006,10
ens_entropy_aleatoric,0.017115354720526915,0.5724400871459695,1051,0.9048525214081827,0.8097744442554055,0.09070000015850214,10
ens_entropy_aleatoric,0.020911944534025933,0.5729847494553377,1052,0.9049429657794676,0.8099580534791042,0.09061014315330859,10
ens_entropy_aleatoric,0.025520208904179078,0.5735294117647058,1053,0.9050332383665717,0.810140960870647,0.09021218511400364,10
ens_entropy_aleatoric,0.03003630002381646,0.5740740740740741,1054,0.905123339658444,0.8103183915575488,0.08981602721269523,10
ens_entropy_aleatoric,0.030939321812996065,0.5746187363834423,1055,0.9052132701421801,0.8104951555017478,0.08972499612536367,10
ens_entropy_aleatoric,0.03738604631831518,0.5751633986928104,1056,0.9053030303030303,0.810671256454389,0.08963254409207559,10
ens_entropy_aleatoric,0.03741320200212192,0.5757080610021786,1057,0.9053926206244087,0.8108466981385313,0.08954026506292878,10
ens_entropy_aleatoric,0.04496728845271226,0.5762527233115469,1058,0.9054820415879017,0.8110289100761957,0.08944616780033743,10
ens_entropy_aleatoric,0.04524005881798491,0.576797385620915,1059,0.9055712936732767,0.811203696770674,0.08935222349045786,10
ens_entropy_aleatoric,0.05865516175471839,0.5773420479302832,1060,0.9056603773584906,0.8113778315568447,0.08925454844789452,10
ens_entropy_aleatoric,0.06387225832846864,0.5778867102396514,1061,0.9057492931196984,0.8115593508121952,0.08915544736288206,10
ens_entropy_aleatoric,0.08148753286942483,0.5784313725490197,1062,0.9058380414312618,0.8117328379058737,0.08905062946352947,10
ens_entropy_aleatoric,0.10284829255177723,0.5789760348583878,1063,0.9059266227657573,0.8119136678427223,0.08868232002413526,10
ens_entropy_aleatoric,0.1164429330089173,0.579520697167756,1064,0.9060150375939849,0.8120865108491782,0.08856408786876487,10
ens_entropy_aleatoric,0.13036270030960512,0.5800653594771242,1065,0.9051643192488263,0.810392998475247,0.08883535973073665,10
ens_entropy_aleatoric,0.1467840116324661,0.5806100217864923,1066,0.9052532833020638,0.8105745783645506,0.08870186478099942,10
ens_entropy_aleatoric,0.16147837995579536,0.5811546840958606,1067,0.9053420805998126,0.8107554714211208,0.08855976045704934,10
ens_entropy_aleatoric,0.21363341406922265,0.5816993464052288,1068,0.9044943820224719,0.8090684427306984,0.0893071755947796,10
ens_entropy_aleatoric,0.2188484654045447,0.5822440087145969,1069,0.9045837231057062,0.809243397573162,0.08910965405267682,10
ens_entropy_aleatoric,0.2273868738061993,0.5827886710239651,1070,0.9046728971962616,0.809425027239963,0.08889367080388186,10
ens_entropy_aleatoric,0.2277055963101,0.5833333333333334,1071,0.9047619047619048,0.8096059731459405,0.08870648716333336,10
ens_entropy_aleatoric,0.23009597352704247,0.5838779956427015,1072,0.9048507462686567,0.8097862391449565,0.08848005934558084,10
ens_entropy_aleatoric,0.23044722580553326,0.5844226579520697,1073,0.9049394221808015,0.809965829061966,0.08761162708307386,10
ens_entropy_aleatoric,0.23046685257902041,0.5849673202614379,1074,0.9050279329608939,0.8101447466932868,0.08736437187502503,10
ens_entropy_aleatoric,0.23075420479397077,0.585511982570806,1075,0.9051162790697674,0.810319058393706,0.08713458913590053,10
ens_entropy_aleatoric,0.23081782979972318,0.5860566448801743,1076,0.9052044609665427,0.8104973081611581,0.08690449604027028,10
ens_entropy_aleatoric,0.23081786073871705,0.5866013071895425,1077,0.904363974001857,0.8088092090635992,0.08697277931672527,10
ens_entropy_aleatoric,0.23090637709501624,0.5871459694989106,1078,0.9044526901669759,0.8089882228270033,0.08674202411568978,10
ens_entropy_aleatoric,0.2309960356154921,0.5876906318082789,1079,0.9036144578313253,0.8073201052205029,0.08743117476966762,10
ens_entropy_aleatoric,0.23099765413827766,0.5882352941176471,1080,0.9027777777777778,0.8056555269922879,0.08781595845145375,10
ens_entropy_aleatoric,0.2310291003995328,0.5887799564270153,1081,0.902867715078631,0.8058366191400739,0.08758223825951471,10
ens_entropy_aleatoric,0.23104167130266695,0.5893246187363834,1082,0.9029574861367837,0.8060143905529128,0.0873482886898376,10
ens_entropy_aleatoric,0.23104228556107098,0.5898692810457516,1083,0.9021237303785781,0.8043560509228489,0.0880381321335732,10
ens_entropy_aleatoric,0.23104273487822313,0.5904139433551199,1084,0.9022140221402214,0.8045378305645241,0.08780465669570277,10
ens_entropy_aleatoric,0.23104647441374573,0.590958605664488,1085,0.9023041474654377,0.8047189385784095,0.08757074611131979,10
ens_entropy_aleatoric,0.2310465372802393,0.5915032679738562,1086,0.9023941068139963,0.8048973946999126,0.08733726630417636,10
ens_entropy_aleatoric,0.23104749070953534,0.5920479302832244,1087,0.9024839006439742,0.8050751975097696,0.08710439222437034,10
ens_entropy_aleatoric,0.23104811112609822,0.5925925925925926,1088,0.9016544117647058,0.8034257308045605,0.0877912888763851,10
ens_entropy_aleatoric,0.23104899407826818,0.5931372549019608,1089,0.9017447199265382,0.8036075150383354,0.08755865058952741,10
ens_entropy_aleatoric,0.2310490911263944,0.593681917211329,1090,0.9009174311926605,0.8019448837444059,0.08824292213545222,10
ens_entropy_aleatoric,0.23104909274540011,0.5942265795206971,1091,0.9010082493125573,0.8021273808764111,0.08800945309410474,10
ens_entropy_aleatoric,0.2310490970463126,0.5947712418300654,1092,0.9010989010989011,0.8023072203727358,0.08777623384477257,10
ens_entropy_aleatoric,0.23104910178065008,0.5953159041394336,1093,0.9011893870082343,0.8024890489209549,0.08754344081495466,10
ens_entropy_aleatoric,0.2310491089281551,0.5958605664488017,1094,0.9012797074954296,0.8026682343824113,0.08731107328036165,10
ens_entropy_aleatoric,0.23104911410123294,0.5964052287581699,1095,0.9013698630136986,0.8028493980121564,0.0870791301540241,10
ens_entropy_aleatoric,0.2310491175557042,0.5969498910675382,1096,0.9005474452554745,0.8011968394917094,0.08776001902542364,10
ens_entropy_aleatoric,0.23104911795616123,0.5974945533769063,1097,0.9006381039197813,0.8013767236038001,0.08752808961899203,10
ens_entropy_aleatoric,0.23104913771405075,0.5980392156862745,1098,0.8998178506375227,0.7997453293806329,0.08820732962806303,10
ens_entropy_aleatoric,0.2310491395578583,0.5985838779956427,1099,0.8989990900818926,0.7981173573496045,0.08888533346694699,10
ens_entropy_aleatoric,0.23104914162463297,0.599128540305011,1100,0.899090909090909,0.7982991713911906,0.08865301356054513,10
ens_entropy_aleatoric,0.2310491529048818,0.5996732026143791,1101,0.8991825613079019,0.7984836517675614,0.08842111590970694,10
ens_entropy_aleatoric,0.2310491577483961,0.6002178649237473,1102,0.8992740471869328,0.7986674610986203,0.08818964290672171,10
ens_entropy_aleatoric,0.23104916356151925,0.6007625272331155,1103,0.899365367180417,0.7988486201678767,0.08795858551863624,10
ens_entropy_aleatoric,0.2310491647873466,0.6013071895424836,1104,0.8994565217391305,0.7990317628999882,0.08772794689697501,10
ens_entropy_aleatoric,0.2310491670799666,0.6018518518518519,1105,0.8995475113122172,0.7992142418661756,0.08749772556505699,10
ens_entropy_aleatoric,0.2310491676603453,0.6023965141612201,1106,0.8996383363471971,0.799396060668451,0.08726792051649669,10
ens_entropy_aleatoric,0.23104916956136642,0.6029411764705882,1107,0.8997289972899729,0.7995765690676854,0.08703853113075813,10
ens_entropy_aleatoric,0.23104917503911684,0.6034858387799564,1108,0.8998194945848376,0.7997564279573816,0.08680955531934938,10
ens_entropy_aleatoric,0.23104917565382968,0.6040305010893247,1109,0.8990081154192967,0.7981257130969293,0.08688156335914124,10
ens_entropy_aleatoric,0.2310491777347868,0.6045751633986928,1110,0.8990990990990991,0.7983082029767062,0.08665314155379905,10
ens_entropy_aleatoric,0.23104918677288458,0.605119825708061,1111,0.8991899189918992,0.7984900355952569,0.0864251312177264,10
ens_entropy_aleatoric,0.23104918942959377,0.6056644880174292,1112,0.8992805755395683,0.7986712144970174,0.08619753067440997,10
ens_entropy_aleatoric,0.2310491899917366,0.6062091503267973,1113,0.89937106918239,0.7988517432009836,0.08597034131861339,10
ens_entropy_aleatoric,0.23104919625585285,0.6067538126361656,1114,0.8994614003590664,0.7990316252009394,0.08574373250581294,10
ens_entropy_aleatoric,0.23104919695081094,0.6072984749455338,1115,0.8995515695067264,0.7992121553179515,0.08551736072796938,10
ens_entropy_aleatoric,0.23104919699237814,0.6078431372549019,1116,0.899641577060932,0.7993920387246296,0.0852913929920526,10
ens_entropy_aleatoric,0.23104920333613124,0.6083877995642701,1117,0.8988361683079678,0.7977736370816958,0.08536424461785873,10
ens_entropy_aleatoric,0.23104921079802218,0.6089324618736384,1118,0.8989266547406082,0.797954176888852,0.0851388144677598,10
ens_entropy_aleatoric,0.23104921723748317,0.6094771241830066,1119,0.8990169794459338,0.7981340728075593,0.08491379317902113,10
ens_entropy_aleatoric,0.23104922418477922,0.6100217864923747,1120,0.8991071428571429,0.798313328276293,0.08468917451142571,10
ens_entropy_aleatoric,0.2310492263139763,0.6105664488017429,1121,0.8991971454058876,0.7984919467090872,0.08446499962892026,10
ens_entropy_aleatoric,0.23104923260257837,0.6111111111111112,1122,0.8992869875222816,0.7986724890829694,0.0842411748635989,10
ens_entropy_aleatoric,0.23104923340234537,0.6116557734204793,1123,0.8984861976847729,0.7970797181160821,0.08490822041278615,10
ens_entropy_aleatoric,0.231049236091039,0.6122004357298475,1124,0.8976868327402135,0.7954733890720828,0.0849809592398357,10
ens_entropy_aleatoric,0.2310492362212003,0.6127450980392157,1125,0.8977777777777778,0.7956558204329964,0.08475727605051926,10
ens_entropy_aleatoric,0.23104923683160025,0.6132897603485838,1126,0.8969804618117229,0.794053835868715,0.08483001967568847,10
ens_entropy_aleatoric,0.23104923882844727,0.6138344226579521,1127,0.8970718722271517,0.794235600017628,0.08460684769874582,10
ens_entropy_aleatoric,0.23104923973590316,0.6143790849673203,1128,0.8962765957446809,0.792637936560809,0.0852706843793472,10
ens_entropy_aleatoric,0.23104924531201557,0.6149237472766884,1129,0.8963684676705048,0.7928203181733342,0.08504753361743841,10
ens_entropy_aleatoric,0.23104927271921347,0.6154684095860566,1130,0.8964601769911504,0.7930020572974564,0.084824777735601,10
ens_entropy_aleatoric,0.2310492769682377,0.6160130718954249,1131,0.8956675508399646,0.7914099498288555,0.08548676133332282,10
ens_entropy_aleatoric,0.2310492772123525,0.616557734204793,1132,0.8957597173144877,0.79159229626671,0.08526401095083651,10
ens_entropy_aleatoric,0.23104927939747225,0.6171023965141612,1133,0.8958517210944396,0.7917778947597941,0.08504165592217611,10
ens_entropy_aleatoric,0.231049292033268,0.6176470588235294,1134,0.8959435626102292,0.791959602115665,0.08481969238121599,10
ens_entropy_aleatoric,0.2310493095383521,0.6181917211328976,1135,0.8960352422907489,0.792144544356879,0.08459814484678162,10
ens_entropy_aleatoric,0.23104931148335273,0.6187363834422658,1136,0.8961267605633803,0.7923256159833424,0.08437696110546333,10
ens_entropy_aleatoric,0.2310493121451296,0.619281045751634,1137,0.8962181178540017,0.7925099054459073,0.08415616640192689,10
ens_entropy_aleatoric,0.23104931907839643,0.6198257080610022,1138,0.8963093145869947,0.79269034467214,0.08393578012035427,10
ens_entropy_aleatoric,0.23104932098867734,0.6203703703703703,1139,0.8964003511852502,0.7928739848048205,0.08371576889068057,10
ens_entropy_aleatoric,0.23104932144729784,0.6209150326797386,1140,0.8964912280701754,0.7930537949368024,0.08349613630945961,10
ens_entropy_aleatoric,0.23104933155273522,0.6214596949891068,1141,0.8965819456617002,0.7932329787854867,0.08327688776148923,10
ens_entropy_aleatoric,0.23104933171898556,0.6220043572984749,1142,0.8966725043782837,0.7934115396172267,0.08247425185237374,10
ens_entropy_aleatoric,0.23104934090452364,0.6225490196078431,1143,0.8967629046369204,0.7935894806757001,0.0822562811527537,10
ens_entropy_aleatoric,0.23104934143301936,0.6230936819172114,1144,0.8959790209790209,0.792015253274015,0.08291281702747483,10
ens_entropy_aleatoric,0.2310493454381869,0.6236383442265795,1145,0.8960698689956332,0.7921994933666413,0.08269484533514838,10
ens_entropy_aleatoric,0.23104934615270598,0.6241830065359477,1146,0.8952879581151832,0.7906294817805629,0.08334985486987238,10
ens_entropy_aleatoric,0.23104935562293635,0.6247276688453159,1147,0.8945074106364429,0.7890624406302578,0.08400372860577077,10
ens_entropy_aleatoric,0.231049356193636,0.6252723311546841,1148,0.8937282229965157,0.7875106202209007,0.08465645472644966,10
ens_entropy_aleatoric,0.23104936985084687,0.6258169934640523,1149,0.8938207136640557,0.787692727107503,0.08443773352101082,10
ens_entropy_aleatoric,0.23104937749801227,0.6263616557734205,1150,0.8930434782608696,0.7861322366531094,0.08508898046113698,10
ens_entropy_aleatoric,0.23104938644053638,0.6269063180827886,1151,0.893136403127715,0.7863149045101286,0.08487025290873206,10
ens_entropy_aleatoric,0.23104939507442065,0.6274509803921569,1152,0.8932291666666666,0.7864969442736773,0.08465190760261256,10
ens_entropy_aleatoric,0.2310494168968884,0.6279956427015251,1153,0.8933217692974849,0.7866854181864674,0.08443393831819782,10
ens_entropy_aleatoric,0.23104942528926153,0.6285403050108932,1154,0.8934142114384749,0.7868668334389426,0.08421634891330691,10
ens_entropy_aleatoric,0.23104947115792274,0.6290849673202614,1155,0.8935064935064935,0.7870546494529658,0.08399913452803003,10
ens_entropy_aleatoric,0.23104947185107508,0.6296296296296297,1156,0.8927335640138409,0.7855152786547721,0.08464734800919428,10
ens_entropy_aleatoric,0.23104948190170005,0.6301742919389978,1157,0.8928262748487468,0.7856972144880083,0.08443016548639305,10
ens_entropy_aleatoric,0.23104948420601845,0.630718954248366,1158,0.8929188255613126,0.7858785285038995,0.08421332942144684,10
ens_entropy_aleatoric,0.23104950734992769,0.6312636165577342,1159,0.8930112165660051,0.7860668671291197,0.08399686712888807,10
ens_entropy_aleatoric,0.23104951590831405,0.6318082788671024,1160,0.8922413793103449,0.7845211912262974,0.08464285418030502,10
ens_entropy_aleatoric,0.23104952796744305,0.6323529411764706,1161,0.8914728682170543,0.7829906542056075,0.08528772366246941,10
ens_entropy_aleatoric,0.2310495567367623,0.6328976034858388,1162,0.8907056798623064,0.7814631516907011,0.08593148892868181,10
ens_entropy_aleatoric,0.23104958137756196,0.633442265795207,1163,0.8907996560619088,0.7816472584867976,0.08571429544768784,10
ens_entropy_aleatoric,0.23104958229974873,0.6339869281045751,1164,0.8900343642611683,0.7801102754524952,0.08578383482158095,10
ens_entropy_aleatoric,0.23104958979682408,0.6345315904139434,1165,0.8901287553648068,0.7803026731412945,0.08556713911236502,10
ens_entropy_aleatoric,0.23104959792393107,0.6350762527233116,1166,0.8902229845626072,0.7804873026565436,0.08535079950394059,10
ens_entropy_aleatoric,0.23104964905106581,0.6356209150326797,1167,0.8903170522707797,0.7806790351850872,0.08513484632165307,10
ens_entropy_aleatoric,0.23104965384658724,0.6361655773420479,1168,0.889554794520548,0.7791484421721644,0.08520464655677518,10
ens_entropy_aleatoric,0.23104965529993368,0.6367102396514162,1169,0.8896492728828058,0.7793335859956774,0.08498918893075305,10
ens_entropy_aleatoric,0.23104967146235192,0.6372549019607843,1170,0.8897435897435897,0.7795258337350452,0.08477409983098766,10
ens_entropy_aleatoric,0.23104969417354518,0.6377995642701525,1171,0.8889837745516652,0.7780127158189454,0.08541334771643087,10
ens_entropy_aleatoric,0.23104969920844,0.6383442265795207,1172,0.8890784982935154,0.7781983345950038,0.0851982623648114,10
ens_entropy_aleatoric,0.2310497031544945,0.6388888888888888,1173,0.8891730605285593,0.7783833275200559,0.08498354763609772,10
ens_entropy_aleatoric,0.23104971442145902,0.6394335511982571,1174,0.889267461669506,0.7785760504652776,0.08476919488548872,10
ens_entropy_aleatoric,0.23104972029502513,0.6399782135076253,1175,0.8893617021276595,0.7787604210721464,0.08455521029401032,10
ens_entropy_aleatoric,0.23104975137319358,0.6405228758169934,1176,0.8886054421768708,0.777241810105497,0.08462503299283419,10
ens_entropy_aleatoric,0.23104977104164423,0.6410675381263616,1177,0.8887000849617672,0.7774266795814345,0.08384511299174888,10
ens_entropy_aleatoric,0.23104977549676195,0.6416122004357299,1178,0.8879456706281834,0.7759120111369553,0.08448135084181486,10
ens_entropy_aleatoric,0.2310497823218054,0.6421568627450981,1179,0.8880407124681934,0.776106390753534,0.08426833298111637,10
ens_entropy_aleatoric,0.23104978312189403,0.6427015250544662,1180,0.888135593220339,0.7762917514046396,0.0840556795599265,10
ens_entropy_aleatoric,0.23104980593509586,0.6432461873638344,1181,0.8882303132938189,0.7764764922644567,0.0838433910599364,10
ens_entropy_aleatoric,0.23104980755990023,0.6437908496732027,1182,0.8874788494077834,0.7749680071686845,0.08447752453115555,10
ens_entropy_aleatoric,0.23104983424515144,0.6443355119825708,1183,0.8875739644970414,0.775162870056917,0.08426523009830938,10
ens_entropy_aleatoric,0.2310498612531706,0.644880174291939,1184,0.887668918918919,0.7753480940424561,0.08405329638731143,10
ens_entropy_aleatoric,0.23104988854765662,0.6454248366013072,1185,0.8877637130801688,0.775532701255752,0.083841718362292,10
ens_entropy_aleatoric,0.23104990429998698,0.6459694989106753,1186,0.8870151770657673,0.7740303541315345,0.08391155405517363,10
ens_entropy_aleatoric,0.23104993216867295,0.6465141612200436,1187,0.8871103622577927,0.7742256919801277,0.08370045190474573,10
ens_entropy_aleatoric,0.23104995551469062,0.6470588235294118,1188,0.8872053872053872,0.774420364403105,0.0834897057861394,10
ens_entropy_aleatoric,0.23104996330827457,0.6476034858387799,1189,0.8873002523128679,0.77461437479488,0.08327931393468893,10
ens_entropy_aleatoric,0.23104997308072509,0.6481481481481481,1190,0.8873949579831932,0.7748077265268193,0.0830692752573377,10
ens_entropy_aleatoric,0.23104998938851476,0.6486928104575164,1191,0.8866498740554156,0.7733126927127613,0.08313945576441574,10
ens_entropy_aleatoric,0.23104999140500662,0.6492374727668845,1192,0.8859060402684564,0.7718300660954162,0.08376881298125598,10
ens_entropy_aleatoric,0.23104999894814196,0.6497821350762527,1193,0.8860016764459346,0.7720172889605827,0.0835588920527045,10
ens_entropy_aleatoric,0.23105003203484284,0.6503267973856209,1194,0.8860971524288107,0.7722122001924604,0.08334932297228899,10
ens_entropy_aleatoric,0.23105003903628893,0.650871459694989,1195,0.8853556485355648,0.7707243019775842,0.08341904081177252,10
ens_entropy_aleatoric,0.23105006853162177,0.6514161220043573,1196,0.8854515050167224,0.7709119787035329,0.08320993719376713,10
ens_entropy_aleatoric,0.2310501097426537,0.6519607843137255,1197,0.8847117794486216,0.769427903821512,0.08327965882262639,10
ens_entropy_aleatoric,0.2310501216310016,0.6525054466230937,1198,0.8839732888146912,0.7679556317322298,0.08390575611315493,10
ens_entropy_aleatoric,0.2310501401071928,0.6530501089324618,1199,0.8840700583819849,0.768153179910439,0.08369677157961482,10
ens_entropy_aleatoric,0.23105014036467567,0.6535947712418301,1200,0.8841666666666667,0.7683500636065173,0.0834881354646267,10
ens_entropy_aleatoric,0.23105015810517227,0.6541394335511983,1201,0.884263114071607,0.7685392261393903,0.08327984895020037,10
ens_entropy_aleatoric,0.23105019353089484,0.6546840958605664,1202,0.8835274542429284,0.7670632921204604,0.08390385349082896,10
ens_entropy_aleatoric,0.23105019511239724,0.6552287581699346,1203,0.8827930174563591,0.7655900842572796,0.08397265050202211,10
ens_entropy_aleatoric,0.23105021668729717,0.6557734204793029,1204,0.8820598006644518,0.7641280624253275,0.08459504304794797,10
ens_entropy_aleatoric,0.23105025243322,0.656318082788671,1205,0.8821576763485477,0.7643275256525033,0.08438652750863529,10
ens_entropy_aleatoric,0.23105030777512522,0.6568627450980392,1206,0.8814262023217247,0.7628602308447533,0.08500754469917815,10
ens_entropy_aleatoric,0.23105032242476467,0.6574074074074074,1207,0.8815244407622204,0.7630529476124909,0.08479903244872135,10
ens_entropy_aleatoric,0.2310503560166659,0.6579520697167756,1208,0.8807947019867549,0.7615894039735098,0.08541868227030186,10
ens_entropy_aleatoric,0.2310503758118809,0.6584967320261438,1209,0.8808933002481389,0.7617825261210571,0.08521017488535265,10
ens_entropy_aleatoric,0.23105037664631725,0.659041394335512,1210,0.8801652892561983,0.7603227207776772,0.08527749410498588,10
ens_entropy_aleatoric,0.23105050005339958,0.6595860566448801,1211,0.8802642444260942,0.7605247330715761,0.08506944765897692,10
ens_entropy_aleatoric,0.23105052391970926,0.6601307189542484,1212,0.8803630363036303,0.7607182537089079,0.08431168962806171,10
ens_entropy_aleatoric,0.2310505425855098,0.6606753812636166,1213,0.8804616652926628,0.7609111435239999,0.08410478523554403,10
ens_entropy_aleatoric,0.23105054424794805,0.6612200435729847,1214,0.8805601317957167,0.7611124832739383,0.08389821898443589,10
ens_entropy_aleatoric,0.23105065820947968,0.6617647058823529,1215,0.8806584362139918,0.7613131536198975,0.08369194058480145,10
ens_entropy_aleatoric,0.23105067488077166,0.6623093681917211,1216,0.8807565789473685,0.761513157894737,0.08348605548794344,10
ens_entropy_aleatoric,0.23105096255006674,0.6628540305010894,1217,0.8800328677074774,0.7600694613236539,0.0841022014338744,10
ens_entropy_aleatoric,0.23105111910032264,0.6633986928104575,1218,0.8793103448275862,0.758628499324603,0.08471733371059709,10
ens_entropy_aleatoric,0.2310511333470965,0.6639433551198257,1219,0.8785890073831009,0.7571902699530831,0.08533145722407524,10
ens_entropy_aleatoric,0.23105113334822117,0.664488017429194,1220,0.8786885245901639,0.7573855253646069,0.0851249017217078,10
ens_entropy_aleatoric,0.23105122573317116,0.6650326797385621,1221,0.877968877968878,0.755951015546085,0.085737684854556,10
ens_entropy_aleatoric,0.23105128835659702,0.6655773420479303,1222,0.8780687397708674,0.756146624345427,0.085531134413965,10
ens_entropy_aleatoric,0.23105131759385802,0.6661220043572985,1223,0.8781684382665577,0.7563416007134844,0.08532492332067129,10
ens_entropy_aleatoric,0.23105152234145124,0.6666666666666666,1224,0.8774509803921569,0.7549019607843137,0.0853913790941945,10
ens_entropy_aleatoric,0.23105153142302418,0.6672113289760349,1225,0.8775510204081632,0.7550973080029534,0.0851856174781597,10
ens_entropy_aleatoric,0.23105168367502546,0.6677559912854031,1226,0.8776508972267537,0.7552920261660556,0.08443641798029516,10
ens_entropy_aleatoric,0.23105177870595464,0.6683006535947712,1227,0.8777506112469438,0.7554861183072545,0.08368843775638989,10
ens_entropy_aleatoric,0.23105182887487188,0.6688453159041394,1228,0.8770358306188925,0.7540520895783703,0.08429889772973626,10
ens_entropy_aleatoric,0.23105186084101847,0.6693899782135077,1229,0.8763222131814483,0.7526206783306053,0.08490836421757617,10
ens_entropy_aleatoric,0.23105186280512732,0.6699346405228758,1230,0.8764227642276423,0.752816119308266,0.08470384431427733,10
ens_entropy_aleatoric,0.231051951451004,0.670479302832244,1231,0.8765231519090171,0.7530109349342373,0.08449968923080238,10
ens_entropy_aleatoric,0.23105199316437566,0.6710239651416122,1232,0.8758116883116883,0.7515919537806267,0.08510750860015535,10
ens_entropy_aleatoric,0.2310520450855549,0.6715686274509803,1233,0.8751013787510138,0.7501756435659197,0.085714342369921,10
ens_entropy_aleatoric,0.23105210857649505,0.6721132897603486,1234,0.8752025931928687,0.7503842041522947,0.08550981964883693,10
ens_entropy_aleatoric,0.23105214712722408,0.6726579520697168,1235,0.8744939271255061,0.7489715603825521,0.08584543935626063,10
ens_entropy_aleatoric,0.2310521693879695,0.673202614379085,1236,0.8745954692556634,0.7491686087616853,0.08564114163773391,10
ens_entropy_aleatoric,0.23105228858438984,0.6737472766884531,1237,0.8746968472109944,0.749365030189661,0.08543717620411724,10
ens_entropy_aleatoric,0.23105241928381529,0.6742919389978214,1238,0.8739903069466882,0.7479569331158239,0.08604129248678295,10
ens_entropy_aleatoric,0.23105247174154564,0.6748366013071896,1239,0.8732849071832123,0.7465409206577951,0.08610636065429689,10
ens_entropy_aleatoric,0.23105247278823335,0.6753812636165577,1240,0.8725806451612903,0.7451274752893854,0.08644014847953009,10
ens_entropy_aleatoric,0.23105247399559872,0.6759259259259259,1241,0.8718775181305399,0.7437165957723155,0.08650479245945067,10
ens_entropy_aleatoric,0.23105249553897148,0.6764705882352942,1242,0.8719806763285024,0.7439294800476149,0.08630095052986682,10
ens_entropy_aleatoric,0.2310525338301226,0.6770152505446623,1243,0.8720836685438456,0.7441416692666294,0.08609743657518704,10
ens_entropy_aleatoric,0.23105271082544085,0.6775599128540305,1244,0.8713826366559485,0.7427439951195806,0.08669810761002905,10
ens_entropy_aleatoric,0.23105272392275208,0.6781045751633987,1245,0.8714859437751004,0.7429445240215244,0.08649463236230358,10
ens_entropy_aleatoric,0.23105305336657136,0.6786492374727668,1246,0.8715890850722311,0.7431569942565904,0.08629145827358273,10
ens_entropy_aleatoric,0.23105330192398923,0.6791938997821351,1247,0.8708901363271853,0.7417638319902761,0.08689052932714483,10
ens_entropy_aleatoric,0.2310533402676437,0.6797385620915033,1248,0.8709935897435898,0.7419646480472182,0.08668736486827916,10
ens_entropy_aleatoric,0.23105365897377173,0.6802832244008714,1249,0.8710968775020016,0.7421773931952136,0.0864845190554688,10
ens_entropy_aleatoric,0.23105383502167776,0.6808278867102396,1250,0.8712,0.7423775765442624,0.08628200249717151,10
ens_entropy_aleatoric,0.23105384641002744,0.6813725490196079,1251,0.8705035971223022,0.7409898165756702,0.08687916840894898,10
ens_entropy_aleatoric,0.2310540520191274,0.681917211328976,1252,0.8706070287539937,0.7411902817476522,0.086676655495565,10
ens_entropy_aleatoric,0.23105424131336208,0.6824618736383442,1253,0.8707102952913008,0.7413901176182807,0.08647494369726794,10
ens_entropy_aleatoric,0.23105435445452593,0.6830065359477124,1254,0.8700159489633174,0.7399961839343636,0.0870705249388009,10
ens_entropy_aleatoric,0.23105465035203857,0.6835511982570807,1255,0.8693227091633466,0.7386047574899351,0.08766515619345348,10
ens_entropy_aleatoric,0.2310546770836377,0.6840958605664488,1256,0.8686305732484076,0.7372251667385185,0.08825884070531964,10
ens_entropy_aleatoric,0.23105471719858728,0.684640522875817,1257,0.8687350835322196,0.7374271263902165,0.08805603791870535,10
ens_entropy_aleatoric,0.2310548569518567,0.6851851851851852,1258,0.8688394276629571,0.7376430469150907,0.08785356476369756,10
ens_entropy_aleatoric,0.23105486653050944,0.6857298474945533,1259,0.868943606036537,0.7378443762138588,0.0876515100907717,10
ens_entropy_aleatoric,0.23105589030085294,0.6862745098039216,1260,0.8690476190476191,0.7380450779186744,0.08744966986222417,10
ens_entropy_aleatoric,0.23105702407808645,0.6868191721132898,1261,0.8683584456780333,0.7366716818211553,0.08751245198231355,10
ens_entropy_aleatoric,0.231057430069156,0.6873638344226579,1262,0.8684627575277337,0.7368726465216877,0.08731104182380275,10
ens_entropy_aleatoric,0.23105743006916704,0.6879084967320261,1263,0.8685669041963578,0.7370888133144731,0.0871099505928386,10
ens_entropy_aleatoric,0.23105755421687427,0.6884531590413944,1264,0.867879746835443,0.7357092060057894,0.08743660392343094,10
ens_entropy_aleatoric,0.23105763458092585,0.6889978213507625,1265,0.867193675889328,0.7343320674145505,0.08776274113034714,10
ens_entropy_aleatoric,0.23105771972744307,0.6895424836601307,1266,0.8672985781990521,0.734534216688218,0.087561770231649,10
ens_entropy_aleatoric,0.2310582237439818,0.6900871459694989,1267,0.8674033149171271,0.7347516068976345,0.08736111736371839,10
ens_entropy_aleatoric,0.23105869626251405,0.690631808278867,1268,0.8675078864353313,0.7349682993102489,0.08716077962313332,10
ens_entropy_aleatoric,0.23105872163329214,0.6911764705882353,1269,0.8676122931442081,0.7351698231335108,0.0869607574920336,10
ens_entropy_aleatoric,0.23105943311372548,0.6917211328976035,1270,0.8677165354330708,0.7353858212638873,0.08676111402969248,10
ens_entropy_aleatoric,0.23105945348230103,0.6922657952069716,1271,0.8670338316286389,0.734015798148256,0.08708624231959565,10
ens_entropy_aleatoric,0.23105956326986296,0.6928104575163399,1272,0.8671383647798742,0.7342175932107832,0.0868867506732745,10
ens_entropy_aleatoric,0.2310596572775732,0.6933551198257081,1273,0.8672427336999214,0.7344187659941659,0.08668766510224557,10
ens_entropy_aleatoric,0.23105968220928605,0.6938997821350763,1274,0.8673469387755102,0.734619319372373,0.08648880385288484,10
ens_entropy_aleatoric,0.23105986122224978,0.6944444444444444,1275,0.8666666666666667,0.733254406994088,0.08707456613848367,10
ens_entropy_aleatoric,0.2310598888143085,0.6949891067538126,1276,0.8659874608150471,0.73189192908645,0.08739817622877148,10
ens_entropy_aleatoric,0.23105992165488412,0.6955337690631809,1277,0.86530931871574,0.7305391572325193,0.08798230629649177,10
ens_entropy_aleatoric,0.23106061608174966,0.696078431372549,1278,0.865414710485133,0.7307582071124633,0.08778305004826079,10
ens_entropy_aleatoric,0.2310606395173518,0.6966230936819172,1279,0.8655199374511336,0.7309765594427486,0.08758410553644319,10
ens_entropy_aleatoric,0.23106179989315254,0.6971677559912854,1280,0.86484375,0.7296201690850749,0.0881667214318139,10
ens_entropy_aleatoric,0.2310619712418839,0.6977124183006536,1281,0.8649492583918813,0.7298387539177786,0.08796778353770827,10
ens_entropy_aleatoric,0.23106208175326937,0.6982570806100218,1282,0.8642745709828393,0.7284929746151374,0.08854919117572833,10
ens_entropy_aleatoric,0.23106229441639903,0.69880174291939,1283,0.8636009353078722,0.7271416991649886,0.08912969253178384,10
ens_entropy_aleatoric,0.2310628592457782,0.6993464052287581,1284,0.8629283489096573,0.7257928303095605,0.08919008004635737,10
ens_entropy_aleatoric,0.23106319210362203,0.6998910675381264,1285,0.863035019455253,0.726013457032717,0.08899096896321679,10
ens_entropy_aleatoric,0.23106339942764476,0.7004357298474946,1286,0.8623639191290824,0.7246745643722678,0.08956977247983051,10
ens_entropy_aleatoric,0.23106345580886287,0.7009803921568627,1287,0.8616938616938616,0.7233307649387569,0.09014767654288441,10
ens_entropy_aleatoric,0.23106346028165717,0.7015250544662309,1288,0.8618012422360248,0.7235384912213003,0.08994828569559711,10
ens_entropy_aleatoric,0.23106385700922707,0.7020697167755992,1289,0.8619084561675717,0.7237455842301328,0.08974920468999041,10
ens_entropy_aleatoric,0.2310649873520372,0.7026143790849673,1290,0.8612403100775193,0.7224125619405514,0.08980883153641918,10
ens_entropy_aleatoric,0.2310664220617228,0.7031590413943355,1291,0.8613477924089853,0.7226198606911668,0.08961016777482411,10
ens_entropy_aleatoric,0.23106679895226756,0.7037037037037037,1292,0.8614551083591331,0.7228424741259879,0.08941181976069684,10
ens_entropy_aleatoric,0.23106720987051732,0.704248366013072,1293,0.8615622583139985,0.7230491434096329,0.0892137688427543,10
ens_entropy_aleatoric,0.2310674528621758,0.7047930283224401,1294,0.8616692426584235,0.7232710563981009,0.08901602426023215,10
ens_entropy_aleatoric,0.2310683978406761,0.7053376906318083,1295,0.8617760617760618,0.7234770990772829,0.088818585096367,10
ens_entropy_aleatoric,0.23106881118495295,0.7058823529411765,1296,0.8618827160493827,0.7236825179023199,0.08810704943103902,10
ens_entropy_aleatoric,0.2310692713703346,0.7064270152505446,1297,0.8619892058596762,0.7238873157022788,0.08765361337497082,10
ens_entropy_aleatoric,0.2310715664352909,0.7069716775599129,1298,0.862095531587057,0.7240914952891467,0.08694407150835724,10
ens_entropy_aleatoric,0.23107171157982975,0.7075163398692811,1299,0.8614318706697459,0.7227603967815448,0.08700544510488105,10
ens_entropy_aleatoric,0.2310719678814206,0.7080610021786492,1300,0.8615384615384616,0.7229647975867157,0.08655390183029206,10
ens_entropy_aleatoric,0.23107219608164795,0.7086056644880174,1301,0.8616448885472713,0.7231685836889575,0.0861030540481093,10
ens_entropy_aleatoric,0.2310743458795508,0.7091503267973857,1302,0.8617511520737328,0.7233717578570401,0.08590890858933496,10
ens_entropy_aleatoric,0.23107444682855238,0.7096949891067538,1303,0.861857252494244,0.7235938689551626,0.0857150668085776,10
ens_entropy_aleatoric,0.23107463239704332,0.710239651416122,1304,0.8619631901840491,0.7237964340180371,0.08552152103681247,10
ens_entropy_aleatoric,0.2310751374823219,0.7107843137254902,1305,0.8620689655172413,0.7239983926343171,0.08532827423066866,10
ens_entropy_aleatoric,0.23107516786273422,0.7113289760348583,1306,0.8621745788667687,0.7242198076530528,0.08513532406199394,10
ens_entropy_aleatoric,0.2310775849458523,0.7118736383442266,1307,0.8622800306044377,0.7244211626179874,0.08494266602270979,10
ens_entropy_aleatoric,0.23107919368687643,0.7124183006535948,1308,0.8616207951070336,0.7230991635009449,0.08551482851419653,10
ens_entropy_aleatoric,0.2310856349957664,0.7129629629629629,1309,0.8617265087853323,0.7233007384361689,0.08532223617876165,10
ens_entropy_aleatoric,0.23109088290899757,0.7135076252723311,1310,0.8618320610687022,0.7235017130276393,0.08512987582774297,10
ens_entropy_aleatoric,0.23109201660143305,0.7140522875816994,1311,0.8619374523264683,0.7237020899533432,0.08493782649624083,10
ens_entropy_aleatoric,0.2310948556754389,0.7145969498910676,1312,0.8612804878048781,0.7223848598926205,0.08550824755520271,10
ens_entropy_aleatoric,0.23109756054221767,0.7151416122004357,1313,0.8613861386138614,0.7225854535154237,0.0848083991680105,10
ens_entropy_aleatoric,0.23110541326621267,0.7156862745098039,1314,0.8614916286149162,0.7227854528087985,0.08461701432497343,10
ens_entropy_aleatoric,0.23110860736418012,0.7162309368191722,1315,0.8615969581749049,0.7230079441502165,0.0844259203461331,10
ens_entropy_aleatoric,0.23111072709715855,0.7167755991285403,1316,0.8617021276595744,0.7232297413165515,0.08423511671602116,10
ens_entropy_aleatoric,0.23111258666144915,0.7173202614379085,1317,0.8610478359908884,0.7219181922969087,0.08455080435938739,10
ens_entropy_aleatoric,0.23111275685959096,0.7178649237472767,1318,0.8611532625189682,0.7221184044683366,0.08436028503694623,10
ens_entropy_aleatoric,0.2311201352042275,0.7184095860566448,1319,0.8612585291887794,0.7223403851485115,0.08416996468206374,10
ens_entropy_aleatoric,0.2311236228909779,0.7189542483660131,1320,0.8606060606060606,0.72103728921018,0.08473750913568279,10
ens_entropy_aleatoric,0.23112389345591958,0.7194989106753813,1321,0.8607115821347464,0.7212376998417322,0.0845471910570848,10
ens_entropy_aleatoric,0.231129047483726,0.7200435729847494,1322,0.8608169440242057,0.7214598486652863,0.08435716242596486,10
ens_entropy_aleatoric,0.23112974569242561,0.7205882352941176,1323,0.8601662887377173,0.7201555891704997,0.0844194433326825,10
ens_entropy_aleatoric,0.23114497692427227,0.7211328976034859,1324,0.8595166163141994,0.7188580979105923,0.08498508299556497,10
ens_entropy_aleatoric,0.23114516032775734,0.721677559912854,1325,0.859622641509434,0.7190594962336077,0.08454358829333283,10
ens_entropy_aleatoric,0.23115740410002386,0.7222222222222222,1326,0.8589743589743589,0.717759945364521,0.08510827960206657,10
ens_entropy_aleatoric,0.2311606674503197,0.7227668845315904,1327,0.8583270535041447,0.7164626592564811,0.08516974766645008,10
ens_entropy_aleatoric,0.23120978613277235,0.7233115468409586,1328,0.8576807228915663,0.715171515335836,0.08573311378271527,10
ens_entropy_aleatoric,0.23123485056211446,0.7238562091503268,1329,0.8577878103837472,0.715374669828906,0.08554318396130421,10
ens_entropy_aleatoric,0.23130720095021365,0.724400871459695,1330,0.8578947368421053,0.7155772298849274,0.08510294333209514,10
ens_entropy_aleatoric,0.23131117844704005,0.7249455337690632,1331,0.8580015026296018,0.7158029592490373,0.084913768144611,10
ens_entropy_aleatoric,0.2313120347466716,0.7254901960784313,1332,0.8573573573573574,0.7145164783597445,0.08497514899754252,10
ens_entropy_aleatoric,0.2313274518415472,0.7260348583877996,1333,0.8574643660915229,0.71474234792716,0.08478635267678133,10
ens_entropy_aleatoric,0.23138416991094443,0.7265795206971678,1334,0.8575712143928036,0.714967522536301,0.08459783401388736,10
ens_entropy_aleatoric,0.23138971266728936,0.7271241830065359,1335,0.8569288389513109,0.7136798348003895,0.0851586611402633,10
ens_entropy_aleatoric,0.23142134491411012,0.7276688453159041,1336,0.8570359281437125,0.7139051582638957,0.08497337038667677,10
ens_entropy_aleatoric,0.23143305021709185,0.7282135076252724,1337,0.8571428571428571,0.7141086684183597,0.08428655759720588,10
ens_entropy_aleatoric,0.23144663370798027,0.7287581699346405,1338,0.8572496263079222,0.7143333012892883,0.08409897344225103,10
ens_entropy_aleatoric,0.23165524888048025,0.7293028322440087,1339,0.8566094100074683,0.7130502916509476,0.08465847544032076,10
ens_entropy_aleatoric,0.23200644954284755,0.7298474945533769,1340,0.8567164179104477,0.7132750700429953,0.0844777295284653,10
ens_entropy_aleatoric,0.23204870000178957,0.7303921568627451,1341,0.8568232662192393,0.7134787572862207,0.08429446025189566,10
ens_entropy_aleatoric,0.2322379280019882,0.7309368191721133,1342,0.856929955290611,0.7136818524272103,0.0841073552623961,10
ens_entropy_aleatoric,0.23263458815002777,0.7314814814814815,1343,0.857036485480268,0.7138843580440064,0.08392049382965244,10
ens_entropy_aleatoric,0.23309969564184155,0.7320261437908496,1344,0.8571428571428571,0.714108450179923,0.08348584306252967,10
ens_entropy_aleatoric,0.23422720475789824,0.7325708061002179,1345,0.8565055762081785,0.7128316151278782,0.08404308011204013,10
ens_entropy_aleatoric,0.23458306752745617,0.7331154684095861,1346,0.8558692421991084,0.7115569851804067,0.0841048114788568,10
ens_entropy_aleatoric,0.23543399914649954,0.7336601307189542,1347,0.8552338530066815,0.7102871153788884,0.08466058710738411,10
ens_entropy_aleatoric,0.23811697988986547,0.7342047930283224,1348,0.8553412462908012,0.7105129842955001,0.08447338706992252,10
ens_entropy_aleatoric,0.23815799568814353,0.7347494553376906,1349,0.8554484803558191,0.7107171724392001,0.08428646124309486,10
ens_entropy_aleatoric,0.23852241090353063,0.7352941176470589,1350,0.8555555555555555,0.7109423553723545,0.08385283024273382,10
ens_entropy_aleatoric,0.24027001087363076,0.735838779956427,1351,0.8549222797927462,0.7096770656766886,0.08440653538919306,10
ens_entropy_aleatoric,0.25653538796368536,0.7363834422657952,1352,0.8550295857988166,0.7098814090773732,0.08421721657417566,10
ens_entropy_aleatoric,0.26198516087458995,0.7369281045751634,1353,0.8551367331855136,0.7101067144159566,0.08402718954176484,10
ens_entropy_aleatoric,0.2724215691419137,0.7374727668845316,1354,0.8552437223042836,0.7103313380573782,0.08383826163128313,10
ens_entropy_aleatoric,0.2738694008011878,0.7380174291938998,1355,0.8546125461254612,0.7090667925141115,0.08438499381155673,10
ens_entropy_aleatoric,0.2848150979939536,0.738562091503268,1356,0.8547197640117994,0.7092712954215986,0.08419102895560678,10
ens_entropy_aleatoric,0.2897886897612601,0.7391067538126361,1357,0.8540899042004422,0.7080096675896664,0.08473262883557475,10
ens_entropy_aleatoric,0.31253221374084034,0.7396514161220044,1358,0.8541973490427098,0.7082143260207138,0.0845311854230891,10
ens_entropy_aleatoric,0.33282736293484366,0.7401960784313726,1359,0.8535688005886681,0.706958147094677,0.08505980786581135,10
ens_entropy_aleatoric,0.35503959124705514,0.7407407407407407,1360,0.8536764705882353,0.7071844962716441,0.08459959819692539,10
ens_entropy_aleatoric,0.36264856621087255,0.7412854030501089,1361,0.8537839823659075,0.70741016419618,0.08413712710699969,10
ens_entropy_aleatoric,0.3626499175465658,0.7418300653594772,1362,0.8531571218795888,0.7061545730503614,0.08465428956067626,10
ens_entropy_aleatoric,0.3925290498877115,0.7423747276688453,1363,0.8525311812179017,0.7049011339143474,0.08476060374128525,10
ens_entropy_aleatoric,0.41849830872089866,0.7429193899782135,1364,0.8526392961876833,0.7051074100685377,0.08439298778523197,10
ens_entropy_aleatoric,0.44132288023824634,0.7434640522875817,1365,0.8527472527472527,0.7053130964438653,0.08413233554190137,10
ens_entropy_aleatoric,0.44989906692568526,0.7440087145969498,1366,0.8521229868228404,0.7040632688475571,0.08434758782526112,10
ens_entropy_aleatoric,0.4596397429850958,0.7445533769063181,1367,0.8522311631309437,0.7042690959095418,0.083780866076086,10
ens_entropy_aleatoric,0.46058064774909235,0.7450980392156863,1368,0.8523391812865497,0.7044743365708945,0.08322067667082571,10
ens_entropy_aleatoric,0.46058064853681974,0.7456427015250545,1369,0.8517165814463111,0.7032281006756489,0.08365844413451562,10
ens_entropy_aleatoric,0.4611394790934402,0.7461873638344226,1370,0.8518248175182481,0.7034334791408516,0.08336329290307083,10
ens_entropy_aleatoric,0.4614961624929266,0.7467320261437909,1371,0.8512035010940919,0.7021900981327518,0.08353830976039289,10
ens_entropy_aleatoric,0.46172401431857635,0.7472766884531591,1372,0.8505830903790087,0.7009488489199452,0.08396909154141383,10
ens_entropy_aleatoric,0.46196373219618225,0.7478213507625272,1373,0.8506919155134741,0.7011550757397995,0.08366871441277532,10
ens_entropy_aleatoric,0.46201895205374627,0.7483660130718954,1374,0.8508005822416302,0.7013607187614638,0.08336800608172461,10
ens_entropy_aleatoric,0.462088659477461,0.7489106753812637,1375,0.850909090909091,0.7015904237918846,0.0830659902043261,10
ens_entropy_aleatoric,0.46209024590202263,0.7494553376906318,1376,0.8502906976744186,0.7003528668049379,0.08324683359796704,10
ens_entropy_aleatoric,0.46209032051182364,0.75,1377,0.8496732026143791,0.6991174263176062,0.08367154629029225,10
ens_entropy_aleatoric,0.462090910695755,0.7505446623093682,1378,0.8497822931785196,0.6993239041111774,0.08336973967592849,10
ens_entropy_aleatoric,0.4620955851692172,0.7510893246187363,1379,0.8498912255257433,0.6995544674818097,0.08306836996541234,10
ens_entropy_aleatoric,0.4620956152055489,0.7516339869281046,1380,0.85,0.699784344141349,0.08276712198390913,10
ens_entropy_aleatoric,0.46209814073254446,0.7521786492374728,1381,0.8493845039826213,0.698553255437623,0.08294856020244962,10
ens_entropy_aleatoric,0.4620981450628761,0.7527233115468409,1382,0.8487698986975398,0.6973242710226119,0.08312973585277338,10
ens_entropy_aleatoric,0.4620981450628767,0.7532679738562091,1383,0.848879248011569,0.6975315682792552,0.08282860566721294,10
ens_entropy_aleatoric,0.46209815596849846,0.7538126361655774,1384,0.8482658959537572,0.6963053832023356,0.08325045477845072,10
ens_entropy_aleatoric,0.46209816481875476,0.7543572984749455,1385,0.8476534296028881,0.6950812966987792,0.08343101807827599,10
ens_entropy_aleatoric,0.46209816713295687,0.7549019607843137,1386,0.8477633477633477,0.6952893982808022,0.08313032287581622,10
ens_entropy_aleatoric,0.4620981752565907,0.7554466230936819,1387,0.8478731074260994,0.6954969165443238,0.08258973380696426,10
ens_entropy_aleatoric,0.46209818108495576,0.7559912854030502,1388,0.8479827089337176,0.695703853938515,0.08204991346814317,10
ens_entropy_aleatoric,0.462098196482148,0.7565359477124183,1389,0.8480921526277898,0.6959102128988547,0.08151088064495779,10
ens_entropy_aleatoric,0.46209819704647587,0.7570806100217865,1390,0.8482014388489209,0.696115995847226,0.08121243157109699,10
ens_entropy_aleatoric,0.4620982051611007,0.7576252723311547,1391,0.8483105679367362,0.6963212051920102,0.08091447818352498,10
ens_entropy_aleatoric,0.4620982085296432,0.7581699346405228,1392,0.8484195402298851,0.6965534341681131,0.08074982903400652,10
ens_entropy_aleatoric,0.46209820869903306,0.7587145969498911,1393,0.8478104809763102,0.6953363086211131,0.0807983066810985,10
ens_entropy_aleatoric,0.4620982109453591,0.7592592592592593,1394,0.8479196556671449,0.6955416270032596,0.08050122675762747,10
ens_entropy_aleatoric,0.46209821145214086,0.7598039215686274,1395,0.8480286738351255,0.6957463750671284,0.08033720649830138,10
ens_entropy_aleatoric,0.46209821179946114,0.7603485838779956,1396,0.8474212034383954,0.6945326785971113,0.08123476298156437,10
ens_entropy_aleatoric,0.46209821350514724,0.7608932461873639,1397,0.8475304223335719,0.6947375332257524,0.0811766060664339,10
ens_entropy_aleatoric,0.46209821551341473,0.761437908496732,1398,0.8476394849785408,0.6949418207969906,0.08111853186163187,10
ens_entropy_aleatoric,0.46209822747819285,0.7619825708061002,1399,0.8477483917083631,0.6951455436620757,0.0810605407121659,10
ens_entropy_aleatoric,0.4620982275842211,0.7625272331154684,1400,0.8471428571428572,0.6939359267734555,0.08028834594632815,10
ens_entropy_aleatoric,0.46209824622774925,0.7630718954248366,1401,0.8472519628836546,0.694139754670323,0.08023102939861194,10
ens_entropy_aleatoric,0.4620982478736226,0.7636165577342048,1402,0.8473609129814551,0.6943430210761382,0.0804115583877746,10
ens_entropy_aleatoric,0.46209825895454376,0.764161220043573,1403,0.8474697077690663,0.694545728307845,0.08177975015623683,10
ens_entropy_aleatoric,0.4620982620301442,0.7647058823529411,1404,0.8475783475783476,0.6947478786696577,0.08172149095147298,10
ens_entropy_aleatoric,0.46209826203166776,0.7652505446623094,1405,0.8476868327402135,0.6949494744531471,0.08332404906901257,10
ens_entropy_aleatoric,0.4620982658105248,0.7657952069716776,1406,0.8477951635846372,0.6951505179373287,0.08492432199827157,10
ens_entropy_aleatoric,0.462098268750937,0.7663398692810458,1407,0.8471926083866382,0.6939469267214822,0.08439011912901904,10
ens_entropy_aleatoric,0.4620982714646799,0.7668845315904139,1408,0.8473011363636364,0.6941480763013256,0.08433015318674601,10
ens_entropy_aleatoric,0.46209827310602414,0.7674291938997821,1409,0.8466997870830376,0.6929471800221554,0.08379712857037339,10
ens_entropy_aleatoric,0.46209827311582413,0.7679738562091504,1410,0.8460992907801419,0.6917483210725793,0.0832648530056299,10
ens_entropy_aleatoric,0.4620982763637869,0.7685185185185185,1411,0.8462083628632175,0.6919843108535374,0.08320580814702237,10
ens_entropy_aleatoric,0.46209827643374535,0.7690631808278867,1412,0.8463172804532578,0.6921862128548755,0.08361902405910591,10
ens_entropy_aleatoric,0.46209828180362433,0.7696078431372549,1413,0.8464260438782731,0.6923875651223894,0.08355979901857882,10
ens_entropy_aleatoric,0.4620982840712966,0.7701525054466231,1414,0.8458274398868458,0.6911927645907342,0.0844436114684386,10
ens_entropy_aleatoric,0.4620982886453647,0.7706971677559913,1415,0.8459363957597174,0.6913942134539198,0.08461945756288097,10
ens_entropy_aleatoric,0.4620982917304564,0.7712418300653595,1416,0.8453389830508474,0.6902020803446194,0.08550123930287207,10
ens_entropy_aleatoric,0.4620982938354461,0.7717864923747276,1417,0.8454481298517996,0.690403622697529,0.08544080900132839,10
ens_entropy_aleatoric,0.462098296000973,0.7723311546840959,1418,0.844851904090268,0.6892141489452848,0.0849102213473354,10
ens_entropy_aleatoric,0.462098299659702,0.7728758169934641,1419,0.8442565186751233,0.688026692903281,0.08438031770582147,10
ens_entropy_aleatoric,0.46209833619911267,0.7734204793028322,1420,0.8443661971830986,0.6882289592796144,0.08572878819460923,10
ens_entropy_aleatoric,0.46209834283516654,0.7739651416122004,1421,0.8437719915552427,0.6870441504432503,0.08660592194496246,10
ens_entropy_aleatoric,0.46209834764981705,0.7745098039215687,1422,0.8431786216596343,0.6858613536533901,0.08631060607465085,10
ens_entropy_aleatoric,0.46209835121494497,0.7750544662309368,1423,0.842586085734364,0.6846805673438944,0.08578013271660444,10
ens_entropy_aleatoric,0.46209835496233964,0.775599128540305,1424,0.8419943820224719,0.6835017899336974,0.08501621002498576,10
ens_entropy_aleatoric,0.46209835566930685,0.7761437908496732,1425,0.8421052631578947,0.6837060135563725,0.08659197893187708,10
ens_entropy_aleatoric,0.46209835841876284,0.7766884531590414,1426,0.8422159887798036,0.683909687919311,0.08792957427674261,10
ens_entropy_aleatoric,0.4620983913334227,0.7772331154684096,1427,0.8416257883672039,0.6827341554976666,0.08739392771570918,10
ens_entropy_aleatoric,0.46209843735349665,0.7777777777777778,1428,0.8417366946778712,0.6829378997317929,0.08755899099232961,10
ens_entropy_aleatoric,0.46209844461352995,0.778322440087146,1429,0.8418474457662701,0.683141097841913,0.08748900900271209,10
ens_entropy_aleatoric,0.4620984566838486,0.7788671023965141,1430,0.8419580419580419,0.6833437520208661,0.08881429860356567,10
ens_entropy_aleatoric,0.46209846971937485,0.7794117647058824,1431,0.8413696715583509,0.6821720595702964,0.08827060582975856,10
ens_entropy_aleatoric,0.46209848519362745,0.7799564270152506,1432,0.8414804469273743,0.6824145032768371,0.08844173899463723,10
ens_entropy_aleatoric,0.4620984981803151,0.7805010893246187,1433,0.8415910676901605,0.6826172265656633,0.0883633216757899,10
ens_entropy_aleatoric,0.46209849943876796,0.7810457516339869,1434,0.8410041841004184,0.6814488314178485,0.08921170952814098,10
ens_entropy_aleatoric,0.4620985063630811,0.7815904139433552,1435,0.8411149825783972,0.6816516207375003,0.08911865483756483,10
ens_entropy_aleatoric,0.4620985183834619,0.7821350762527233,1436,0.8405292479108635,0.6804858142246404,0.08971054336672032,10
ens_entropy_aleatoric,0.4620985225811367,0.7826797385620915,1437,0.8399443284620738,0.6793219878524441,0.09051359287389894,10
ens_entropy_aleatoric,0.46209857192174236,0.7832244008714597,1438,0.8400556328233658,0.6795254410715947,0.09030499562530478,10
ens_entropy_aleatoric,0.4620985812954273,0.7837690631808278,1439,0.8394718554551772,0.6783641914087635,0.08935857652900835,10
ens_entropy_aleatoric,0.4620986033131888,0.7843137254901961,1440,0.8395833333333333,0.6785677013880032,0.09047595145370504,10
ens_entropy_aleatoric,0.4620986217987635,0.7848583877995643,1441,0.8390006939625261,0.6774090206439238,0.0897367418372639,10
ens_entropy_aleatoric,0.4620986246158851,0.7854030501089324,1442,0.8384188626907073,0.6762523101709188,0.08944335780142951,10
ens_entropy_aleatoric,0.46209862746117514,0.7859477124183006,1443,0.8378378378378378,0.6750975682978084,0.09008534304228726,10
ens_entropy_aleatoric,0.4620986388796173,0.7864923747276689,1444,0.8379501385041551,0.6753023116365957,0.08980041873921432,10
ens_entropy_aleatoric,0.4620986458783882,0.7870370370370371,1445,0.8373702422145328,0.6741501226824907,0.08905300776936108,10
ens_entropy_aleatoric,0.4620986637321634,0.7875816993464052,1446,0.8374827109266944,0.6743549101196169,0.08899818085251525,10
ens_entropy_aleatoric,0.4620986802348806,0.7881263616557734,1447,0.8375950241879752,0.6745591577939946,0.08871160665689419,10
ens_entropy_aleatoric,0.46209870366690103,0.7886710239651417,1448,0.837707182320442,0.6748063823117912,0.08842428040240534,10
ens_entropy_aleatoric,0.4620987313183142,0.7892156862745098,1449,0.8378191856452726,0.6750100928542592,0.08813517894043603,10
ens_entropy_aleatoric,0.4620987385880642,0.789760348583878,1450,0.8379310344827586,0.6752132678835248,0.08922576402364192,10
ens_entropy_aleatoric,0.4620987385941531,0.7903050108932462,1451,0.8380427291523087,0.6754159095084475,0.08916580997420151,10
ens_entropy_aleatoric,0.46209875805125605,0.7908496732026143,1452,0.837465564738292,0.6742692559956655,0.08887483392271762,10
ens_entropy_aleatoric,0.46209879105124857,0.7913943355119826,1453,0.8368891947694426,0.6731059307995858,0.08812694661540765,10
ens_entropy_aleatoric,0.46209879794755954,0.7919389978213508,1454,0.8370013755158184,0.673309227977634,0.08783801891308939,10
ens_entropy_aleatoric,0.46209880067740855,0.7924836601307189,1455,0.836426116838488,0.6721663772912568,0.08823600555387863,10
ens_entropy_aleatoric,0.4620988010072818,0.7930283224400871,1456,0.8365384615384616,0.6724149340250666,0.08794679584633172,10
ens_entropy_aleatoric,0.4620988518278619,0.7935729847494554,1457,0.8366506520247083,0.6726182721084583,0.08788654656547547,10
ens_entropy_aleatoric,0.4620988813028291,0.7941176470588235,1458,0.836076817558299,0.6714785923985903,0.08691186123277943,10
ens_entropy_aleatoric,0.4620988855674293,0.7946623093681917,1459,0.8355037697052776,0.6703408436171375,0.08593845119277191,10
ens_entropy_aleatoric,0.4620989171367175,0.7952069716775599,1460,0.8356164383561644,0.670544785788295,0.08587960327829806,10
ens_entropy_aleatoric,0.46209898284700807,0.795751633986928,1461,0.8350444900752909,0.669409530104679,0.08490821171237294,10
ens_entropy_aleatoric,0.4620990197468968,0.7962962962962963,1462,0.83515731874145,0.6696135041923983,0.08507814710996876,10
ens_entropy_aleatoric,0.4620990441623256,0.7968409586056645,1463,0.83526999316473,0.6698169484033673,0.08479216667715478,10
ens_entropy_aleatoric,0.4620990792731415,0.7973856209150327,1464,0.8346994535519126,0.6686642874778354,0.08405119512748462,10
ens_entropy_aleatoric,0.46209907928407,0.7979302832244008,1465,0.8348122866894198,0.6688678011693722,0.08399382656074093,10
ens_entropy_aleatoric,0.46209907977285875,0.7984749455337691,1466,0.8342428376534788,0.6677374043751014,0.0832544076419725,10
ens_entropy_aleatoric,0.4620990828931179,0.7990196078431373,1467,0.8343558282208589,0.6679409471592765,0.08297043733121127,10
ens_entropy_aleatoric,0.4620990882409175,0.7995642701525054,1468,0.8337874659400545,0.6668130167211138,0.082232723898086,10
ens_entropy_aleatoric,0.4620991059788658,0.8001089324618736,1469,0.8339006126616746,0.6670165861851773,0.08194983647539722,10
ens_entropy_aleatoric,0.4620991270800016,0.8006535947712419,1470,0.8333333333333334,0.6658911147353013,0.08121381918739018,10
ens_entropy_aleatoric,0.4620991702976611,0.80119825708061,1471,0.8327668252889191,0.664767547857794,0.08025219879395862,10
ens_entropy_aleatoric,0.46209923255097846,0.8017429193899782,1472,0.8328804347826086,0.664971688686577,0.0804241622830764,10
ens_entropy_aleatoric,0.46209926269959417,0.8022875816993464,1473,0.8329938900203666,0.6652247984094487,0.08014327008513383,10
ens_entropy_aleatoric,0.4620992660365648,0.8028322440087146,1474,0.8324287652645862,0.6640820054805644,0.0807668722952393,10
ens_entropy_aleatoric,0.4620992768929752,0.8033769063180828,1475,0.831864406779661,0.6629627582140158,0.08003415090089333,10
ens_entropy_aleatoric,0.4620993395414649,0.803921568627451,1476,0.8319783197831978,0.6632164682112515,0.0799799287310309,10
ens_entropy_aleatoric,0.4620993406960309,0.8044662309368191,1477,0.8320920785375762,0.6634694537543364,0.07970009734700695,10
ens_entropy_aleatoric,0.4620993420018186,0.8050108932461874,1478,0.8315290933694182,0.6623533664476376,0.0800972340408372,10
ens_entropy_aleatoric,0.4620993427392847,0.8055555555555556,1479,0.8309668695064233,0.6612391637760908,0.08049387516783435,10
ens_entropy_aleatoric,0.46209938734973593,0.8061002178649237,1480,0.831081081081081,0.6614449893858428,0.08021426348257629,10
ens_entropy_aleatoric,0.4620993937622397,0.8066448801742919,1481,0.8311951384199865,0.6616502875858326,0.079935036486147,10
ens_entropy_aleatoric,0.4620994108235236,0.8071895424836601,1482,0.8313090418353576,0.6618550604006264,0.08010602054048388,10
ens_entropy_aleatoric,0.4620994199416222,0.8077342047930284,1483,0.8307484828051247,0.6607443458606185,0.07937770510688298,10
ens_entropy_aleatoric,0.46209942296920015,0.8082788671023965,1484,0.8301886792452831,0.6596355057848713,0.07977346107804842,10
ens_entropy_aleatoric,0.46209942346278937,0.8088235294117647,1485,0.8296296296296296,0.6585285384361597,0.07904634795928672,10
ens_entropy_aleatoric,0.4620994238985625,0.809368191721133,1486,0.8297442799461642,0.6587343803612373,0.0801147341404278,10
ens_entropy_aleatoric,0.46209948559985087,0.8099128540305011,1487,0.8291862811028917,0.657629810385556,0.07938836363423712,10
ens_entropy_aleatoric,0.4620994901390488,0.8104575163398693,1488,0.8286290322580645,0.6565271074194634,0.08000705522762644,10
ens_entropy_aleatoric,0.46209951138807465,0.8110021786492375,1489,0.8280725319006045,0.6553994803654438,0.07905786853421781,10
ens_entropy_aleatoric,0.4620995114350633,0.8115468409586056,1490,0.8275167785234899,0.6542998337085874,0.07833367195941565,10
ens_entropy_aleatoric,0.46209953099187945,0.8120915032679739,1491,0.8269617706237424,0.6532020468289657,0.07895182504742276,10
ens_entropy_aleatoric,0.4620995374710752,0.8126361655773421,1492,0.8270777479892761,0.6534100219873622,0.07778184158030482,10
ens_entropy_aleatoric,0.46209958253033295,0.8131808278867102,1493,0.8271935699933021,0.6536174697495072,0.07750648348092859,10
ens_entropy_aleatoric,0.4620996055025472,0.8137254901960784,1494,0.8266398929049531,0.6525225712248537,0.07790085991090494,10
ens_entropy_aleatoric,0.462099663278263,0.8142701525054467,1495,0.8267558528428094,0.6527300073453113,0.078963579672363,10
ens_entropy_aleatoric,0.462099663278462,0.8148148148148148,1496,0.8262032085561497,0.6516374722579974,0.07957924583086491,10
ens_entropy_aleatoric,0.46209969983028437,0.815359477124183,1497,0.8256513026052105,0.6505467850719224,0.07863541925674437,10
ens_entropy_aleatoric,0.4620997404788825,0.8159041394335512,1498,0.8257676902536716,0.6507547159698935,0.07836044926814521,10
ens_entropy_aleatoric,0.46209976836033934,0.8164488017429193,1499,0.8252168112074717,0.649666381217441,0.07897528632523991,10
ens_entropy_aleatoric,0.46209982162566204,0.8169934640522876,1500,0.8253333333333334,0.6498742932895246,0.07870041416634636,10
ens_entropy_aleatoric,0.46209984961794537,0.8175381263616558,1501,0.8254497001998667,0.6500816821904352,0.07842590821617676,10
ens_entropy_aleatoric,0.462099850744308,0.818082788671024,1502,0.8255659121171771,0.6502885498923825,0.07859562019646102,10
ens_entropy_aleatoric,0.4620998788474671,0.8186274509803921,1503,0.8256819693945442,0.6504948983576758,0.07854332855148259,10
ens_entropy_aleatoric,0.46209988409872665,0.8191721132897604,1504,0.8257978723404256,0.6507007295387862,0.0795992619003925,10
ens_entropy_aleatoric,0.4620999317430486,0.8197167755991286,1505,0.8259136212624585,0.6509060453784072,0.07932488849254268,10
ens_entropy_aleatoric,0.4620999546380731,0.8202614379084967,1506,0.8260292164674635,0.6511108478095174,0.07905087935247633,10
ens_entropy_aleatoric,0.462100072749029,0.8208061002178649,1507,0.8254810882548109,0.6500278588918431,0.07833485346513469,10
ens_entropy_aleatoric,0.4621001720711159,0.8213507625272332,1508,0.8249336870026526,0.6489163562478836,0.07739897075592196,10
ens_entropy_aleatoric,0.46210019846716666,0.8218954248366013,1509,0.8243870112657389,0.6478363447581658,0.07668498655625498,10
ens_entropy_aleatoric,0.46210029763925653,0.8224400871459695,1510,0.823841059602649,0.646727706096027,0.07597195009022575,10
ens_entropy_aleatoric,0.4621003046762097,0.8229847494553377,1511,0.8239576439444076,0.6469911432917724,0.07570106728336845,10
ens_entropy_aleatoric,0.4621003089706101,0.8235294117647058,1512,0.8234126984126984,0.6459146835629558,0.07543054216306254,10
ens_entropy_aleatoric,0.46210031079835984,0.8240740740740741,1513,0.8235294117647058,0.6461215554599742,0.07516037452597532,10
ens_entropy_aleatoric,0.46210053750308333,0.8246187363834423,1514,0.8229854689564069,0.6450473967646329,0.07555106593748681,10
ens_entropy_aleatoric,0.4621006021380237,0.8251633986928104,1515,0.8224422442244225,0.6439750463229494,0.07594124280067614,10
ens_entropy_aleatoric,0.4621007463923567,0.8257080610021786,1516,0.8225593667546174,0.644182377864487,0.07699053437939538,10
ens_entropy_aleatoric,0.4621009459456788,0.8262527233115469,1517,0.8220171390903098,0.6431123178050872,0.07737924865481284,10
ens_entropy_aleatoric,0.46210096007939955,0.826797385620915,1518,0.8214756258234519,0.6420440603458627,0.07666951873266566,10
ens_entropy_aleatoric,0.4621012147631845,0.8273420479302832,1519,0.8215931533903884,0.6422518417578674,0.07639960294244563,10
ens_entropy_aleatoric,0.4621012497881775,0.8278867102396514,1520,0.8210526315789474,0.6411858640560995,0.07678794281616814,10
ens_entropy_aleatoric,0.4621013036837012,0.8284313725490197,1521,0.8211702827087443,0.6413936095889106,0.07651832151616593,10
ens_entropy_aleatoric,0.46210132098881695,0.8289760348583878,1522,0.8206307490144547,0.6403299049030419,0.0773440870182163,10
ens_entropy_aleatoric,0.4621018262381638,0.829520697167756,1523,0.8207485226526592,0.6405376127483315,0.07707443692027789,10
ens_entropy_aleatoric,0.4621018573500983,0.8300653594771242,1524,0.8202099737532809,0.6394761743598953,0.07746130896937628,10
ens_entropy_aleatoric,0.4621019255931626,0.8306100217864923,1525,0.820327868852459,0.6396838427284862,0.07719194240767217,10
ens_entropy_aleatoric,0.46210218152029586,0.8311546840958606,1526,0.8197903014416776,0.6386246639420354,0.07757823123054676,10
ens_entropy_aleatoric,0.4621022268292556,0.8316993464052288,1527,0.8192534381139489,0.6375672705320241,0.07687254941558483,10
ens_entropy_aleatoric,0.46210225840930286,0.8322440087145969,1528,0.818717277486911,0.6364754464439086,0.07725854778076004,10
ens_entropy_aleatoric,0.46210251243332695,0.8327886710239651,1529,0.8188358404185743,0.6366840718751904,0.07720801973676014,10
ens_entropy_aleatoric,0.46210253992598666,0.8333333333333334,1530,0.8183006535947712,0.6356300274986507,0.07650396273501198,10
ens_entropy_aleatoric,0.4621026839751999,0.8338779956427015,1531,0.8184193337687786,0.6358386052934645,0.07645399400696716,10
ens_entropy_aleatoric,0.46210308180313603,0.8344226579520697,1532,0.8185378590078329,0.6360466726030043,0.07662167063650324,10
ens_entropy_aleatoric,0.4621036633075746,0.8349673202614379,1533,0.8186562296151337,0.6363163131727748,0.07635425193138683,10
ens_entropy_aleatoric,0.46210391195405504,0.835511982570806,1534,0.818122555410691,0.6352655234537053,0.07673907109346159,10
ens_entropy_aleatoric,0.4621043161076141,0.8360566448801743,1535,0.8175895765472313,0.634216501618707,0.07734049148774239,10
ens_entropy_aleatoric,0.46210434686592006,0.8366013071895425,1536,0.8177083333333334,0.6344249809596345,0.07707312727862632,10
ens_entropy_aleatoric,0.4621043576603752,0.8371459694989106,1537,0.8178269355888094,0.6346329519715015,0.07680610950308729,10
ens_entropy_aleatoric,0.46210517809944746,0.8376906318082789,1538,0.817295188556567,0.6335866083585846,0.07740637318654413,10
ens_entropy_aleatoric,0.4621061198691752,0.8382352941176471,1539,0.8167641325536062,0.6325420250245115,0.07800585080858821,10
ens_entropy_aleatoric,0.4621070857999439,0.8387799564270153,1540,0.8168831168831169,0.6327503974562798,0.07773874800996693,10
ens_entropy_aleatoric,0.4621077645057663,0.8393246187363834,1541,0.8170019467878001,0.6330214953697214,0.07747255556733751,10
ens_entropy_aleatoric,0.46211151584567717,0.8398692810457516,1542,0.8171206225680934,0.633229363648172,0.07634148100012798,10
ens_entropy_aleatoric,0.46211298928980726,0.8404139433551199,1543,0.8172391445236552,0.6334367275968331,0.07758818040530596,10
ens_entropy_aleatoric,0.4621146854874898,0.840958605664488,1544,0.8173575129533679,0.6336435890488876,0.07753792824455749,10
ens_entropy_aleatoric,0.4621164297233926,0.8415032679738562,1545,0.8174757281553398,0.6338499498286441,0.077271993425369,10
ens_entropy_aleatoric,0.4621167174587544,0.8420479302832244,1546,0.8169469598965071,0.6328099166617711,0.07635957134485642,10
ens_entropy_aleatoric,0.4621171351351108,0.8425925925925926,1547,0.8164188752424046,0.6317716278056221,0.07674115510845743,10
ens_entropy_aleatoric,0.4621179802832751,0.8431372549019608,1548,0.8165374677002584,0.6319783823965202,0.07669158332630524,10
ens_entropy_aleatoric,0.46212716293858264,0.843681917211329,1549,0.816010329244674,0.6309422794778443,0.0770724903636031,10
ens_entropy_aleatoric,0.4621482216209151,0.8442265795206971,1550,0.8161290322580645,0.6311489782388335,0.07680771236803943,10
ens_entropy_aleatoric,0.46214945819068415,0.8447712418300654,1551,0.816247582205029,0.6313551795083068,0.07675818871701806,10
ens_entropy_aleatoric,0.4621494581911308,0.8453159041394336,1552,0.8157216494845361,0.6303216962133692,0.07627917985202622,10
ens_entropy_aleatoric,0.4621542224606739,0.8458605664488017,1553,0.8158403090792016,0.6305942156994839,0.07601542464987551,10
ens_entropy_aleatoric,0.4621872943347521,0.8464052287581699,1554,0.8159588159588159,0.6308003628497661,0.07575201308847311,10
ens_entropy_aleatoric,0.4621971671875393,0.8469498910675382,1555,0.8160771704180064,0.6310060153495125,0.07549087345508618,10
ens_entropy_aleatoric,0.4621980861902692,0.8474945533769063,1556,0.8161953727506427,0.6312777878125534,0.07522813819266715,10
ens_entropy_aleatoric,0.46222281033969176,0.8480392156862745,1557,0.8156711624919717,0.6302479775133073,0.07432348128300967,10
ens_entropy_aleatoric,0.46224113299074854,0.8485838779956427,1558,0.8151476251604621,0.629219889568504,0.07341998649231121,10
ens_entropy_aleatoric,0.46225484861656047,0.849128540305011,1559,0.8146247594611931,0.6281935221395804,0.07273144331265886,10
ens_entropy_aleatoric,0.46227338193549056,0.8496732026143791,1560,0.8141025641025641,0.6271688733808136,0.07332587544688278,10
ens_entropy_aleatoric,0.4622734550250018,0.8502178649237473,1561,0.8135810377962844,0.6261028603788432,0.07252833755425349,10
ens_entropy_aleatoric,0.46228642013678867,0.8507625272331155,1562,0.8130601792573624,0.625038433018032,0.07290869805502995,10
ens_entropy_aleatoric,0.46237082636824445,0.8513071895424836,1563,0.8125399872040947,0.624017575878486,0.07328807244022904,10
ens_entropy_aleatoric,0.46240900742424645,0.8518518518518519,1564,0.8120204603580563,0.6229984274383316,0.07366745667987026,10
ens_entropy_aleatoric,0.46285982661695946,0.8523965141612201,1565,0.8115015974440895,0.621980985850335,0.07404631765625194,10
ens_entropy_aleatoric,0.4628603619674451,0.8529411764705882,1566,0.8116219667943806,0.6221901635483064,0.0735733731104218,10
ens_entropy_aleatoric,0.4628643161477579,0.8534858387799564,1567,0.8117421825143587,0.6223988433404264,0.07331364808311822,10
ens_entropy_aleatoric,0.46295136394880315,0.8540305010893247,1568,0.8118622448979592,0.6226747543829311,0.07401137705035057,10
ens_entropy_aleatoric,0.4649490117922199,0.8545751633986928,1569,0.811344805608668,0.6216603721939632,0.0733266156901229,10
ens_entropy_aleatoric,0.465632699768167,0.855119825708061,1570,0.8114649681528663,0.621868978805395,0.07306787880757212,10
ens_entropy_aleatoric,0.4681422235550674,0.8556644880174292,1571,0.8115849777211966,0.6220770903700428,0.07302080383880512,10
ens_entropy_aleatoric,0.46881975243639123,0.8562091503267973,1572,0.811704834605598,0.6222847086480203,0.07318702367818519,10
ens_entropy_aleatoric,0.4704001627480861,0.8567538126361656,1573,0.8111888111888111,0.6212732771975676,0.07356510489112007,10
ens_entropy_aleatoric,0.471337831168887,0.8572984749455338,1574,0.8106734434561627,0.6202186456020689,0.07415276635126933,10
ens_entropy_aleatoric,0.4723353999272893,0.8578431372549019,1575,0.8101587301587302,0.6192099166737419,0.07351561778569836,10
ens_entropy_aleatoric,0.4734540780102014,0.8583877995642701,1576,0.8102791878172588,0.6194872059897026,0.0745276462280659,10
ens_entropy_aleatoric,0.4760864699094263,0.8589324618736384,1577,0.8103994927076728,0.6197637408584452,0.07553871793857328,10
ens_entropy_aleatoric,0.4901857436951566,0.8594771241830066,1578,0.8105196451204055,0.62003952435483,0.07655024847767375,10
ens_entropy_aleatoric,0.4928172733290949,0.8600217864923747,1579,0.8106396453451552,0.6203145595370312,0.0764479830294167,10
ens_entropy_aleatoric,0.4930284649273056,0.8605664488017429,1580,0.810126582278481,0.619309520635191,0.07702854484117112,10
ens_entropy_aleatoric,0.5070627915249927,0.8611111111111112,1581,0.8096141682479443,0.6182608395709013,0.07740778380193672,10
ens_entropy_aleatoric,0.5500403063928593,0.8616557734204793,1582,0.809102402022756,0.6172584733406606,0.07695156264192755,10
ens_entropy_aleatoric,0.5638763826895159,0.8622004357298475,1583,0.8085912823752369,0.616257775466528,0.07607981355246221,10
ens_entropy_aleatoric,0.6907733180974379,0.8627450980392157,1584,0.8080808080808081,0.6152587441194518,0.07654522572150395,10
ens_entropy_aleatoric,0.6925452866201143,0.8632897603485838,1585,0.807570977917981,0.6142613774641031,0.07576708160483654,10
ens_entropy_aleatoric,0.6927721878849242,0.8638344226579521,1586,0.8076923076923077,0.6145387262159565,0.0756091075292394,10
ens_entropy_aleatoric,0.6930348797574242,0.8643790849673203,1587,0.8078134845620668,0.6147497208331311,0.07545334553483324,10
ens_entropy_aleatoric,0.6931397148151405,0.8649237472766884,1588,0.8073047858942065,0.6137076207859272,0.07593085276683975,10
ens_entropy_aleatoric,0.6931413650950651,0.8654684095860566,1589,0.8067967275015733,0.6127137892954311,0.07514765063991474,10
ens_entropy_aleatoric,0.6931461655178132,0.8660130718954249,1590,0.8069182389937107,0.6129251733046595,0.07625268592762226,10
ens_entropy_aleatoric,0.6931465619950391,0.866557734204793,1591,0.8064110622250157,0.6119333957372132,0.07547043046612723,10
ens_entropy_aleatoric,0.6931469526681853,0.8671023965141612,1592,0.8065326633165829,0.612144683220695,0.07573721795639639,10
ens_entropy_aleatoric,0.693147003014086,0.8676470588235294,1593,0.8060263653483992,0.6111549536098965,0.07621110393200728,10
ens_entropy_aleatoric,0.6931470425253842,0.8681917211328976,1594,0.8061480552070264,0.6113661433289833,0.07605634396763322,10
ens_entropy_aleatoric,0.6931470559844191,0.8687363834422658,1595,0.806269592476489,0.6116447860384229,0.07590115435669752,10
ens_entropy_aleatoric,0.693147072804599,0.869281045751634,1596,0.8057644110275689,0.6106575760294249,0.07511891057692001,10
ens_entropy_aleatoric,0.6931471151303205,0.8698257080610022,1597,0.8058860363180964,0.6108686698463501,0.07496105173683956,10
ens_entropy_aleatoric,0.6931471296718476,0.8703703703703703,1598,0.8060075093867334,0.6110792711171127,0.07604881766509498,10
ens_entropy_aleatoric,0.6931471571657198,0.8709150326797386,1599,0.8061288305190745,0.611289381563594,0.07711991221593033,10
ens_entropy_aleatoric,0.6931471618185996,0.8714596949891068,1600,0.805625,0.6102561531906362,0.07755450526047437,10
ens_entropy_aleatoric,0.6931471660534246,0.8720043572984749,1601,0.8057464084946908,0.6104662488470322,0.07729789054627145,10
ens_entropy_aleatoric,0.6931471717928996,0.8725490196078431,1602,0.8052434456928839,0.6094832112408429,0.0769374961055615,10
ens_entropy_aleatoric,0.6931471721686426,0.8730936819172114,1603,0.8047411104179664,0.6085018028428816,0.07722624768358204,10
ens_entropy_aleatoric,0.6931471724826131,0.8736383442265795,1604,0.8042394014962594,0.6075220218316928,0.07625279058031573,10
ens_entropy_aleatoric,0.6931471735946361,0.8741830065359477,1605,0.8043613707165109,0.607732794089489,0.07589917501047952,10
ens_entropy_aleatoric,0.693147173694732,0.8747276688453159,1606,0.8038605230386052,0.6067550235143223,0.07616700245643987,10
ens_entropy_aleatoric,0.6931471743324943,0.8752723311546841,1607,0.8033602986932171,0.6057788749670066,0.07643200098349812,10
ens_entropy_aleatoric,0.6931471751906676,0.8758169934640523,1608,0.802860696517413,0.6048043466125822,0.07669564708478405,10
ens_entropy_aleatoric,0.6931471764325071,0.8763616557734205,1609,0.8023617153511498,0.603831436610645,0.07571588967184607,10
ens_entropy_aleatoric,0.6931471765822325,0.8769063180827886,1610,0.8024844720496894,0.6040432475909112,0.07535845632501852,10
ens_entropy_aleatoric,0.6931471773072005,0.8774509803921569,1611,0.8019863438857853,0.6030723316369524,0.07438072079637359,10
ens_entropy_aleatoric,0.6931471774198555,0.8779956427015251,1612,0.8021091811414393,0.6032840306986821,0.07464473843251909,10
ens_entropy_aleatoric,0.6931471785760558,0.8785403050108932,1613,0.8016119032858029,0.6023151030270157,0.07366864506108749,10
ens_entropy_aleatoric,0.6931471786738741,0.8790849673202614,1614,0.8017348203221809,0.6025266890768719,0.0745524281340362,10
ens_entropy_aleatoric,0.693147179244363,0.8796296296296297,1615,0.8012383900928792,0.601559743941908,0.07481591807328958,10
ens_entropy_aleatoric,0.6931471792659142,0.8801742919389978,1616,0.8013613861386139,0.6017712158991807,0.07569788754850112,10
ens_entropy_aleatoric,0.6931471794024852,0.880718954248366,1617,0.8014842300556586,0.6020548276028621,0.07571335345208118,10
ens_entropy_aleatoric,0.6931471795831596,0.8812636165577342,1618,0.8009888751545118,0.6010903104781594,0.075022058105439,10
ens_entropy_aleatoric,0.6931471796720557,0.8818082788671024,1619,0.8004941321803583,0.6000723474451639,0.07463121679134643,10
ens_entropy_aleatoric,0.6931471798123326,0.8823529411764706,1620,0.8,0.5991103561630444,0.07478138092901639,10
ens_entropy_aleatoric,0.6931471799514418,0.8828976034858388,1621,0.8001233806292412,0.5993225459455747,0.07464801070982673,10
ens_entropy_aleatoric,0.6931471799698317,0.883442265795207,1622,0.7996300863131935,0.5983625167809268,0.07429371911383077,10
ens_entropy_aleatoric,0.6931471799836274,0.8839869281045751,1623,0.7991373998767715,0.5974040796946621,0.07477112908804887,10
ens_entropy_aleatoric,0.6931471799938964,0.8845315904139434,1624,0.7992610837438424,0.5976165141519474,0.07462984970039706,10
ens_entropy_aleatoric,0.6931471799964833,0.8850762527233116,1625,0.7993846153846154,0.5978284634959582,0.074487376364439,10
ens_entropy_aleatoric,0.6931471801096597,0.8856209150326797,1626,0.7988929889298892,0.5968723416192675,0.07400249090155504,10
ens_entropy_aleatoric,0.6931471801114334,0.8861655773420479,1627,0.7990165949600492,0.5970841692245127,0.07399205213682303,10
ens_entropy_aleatoric,0.6931471801185719,0.8867102396514162,1628,0.7985257985257985,0.596129992557678,0.07391159057034319,10
ens_entropy_aleatoric,0.6931471802032357,0.8872549019607843,1629,0.7980356046654389,0.5951773975349933,0.07417317050411885,10
ens_entropy_aleatoric,0.6931471802179052,0.8877995642701525,1630,0.798159509202454,0.5953894603734124,0.0750479249701682,10
ens_entropy_aleatoric,0.6931471802393528,0.8883442265795207,1631,0.7976701410177806,0.594438801498579,0.07408224039973238,10
ens_entropy_aleatoric,0.6931471802887983,0.8888888888888888,1632,0.7977941176470589,0.5946507385039651,0.0743432240855928,10
ens_entropy_aleatoric,0.6931471803496496,0.8894335511982571,1633,0.7979179424372321,0.5948621949569219,0.07399151772942507,10
ens_entropy_aleatoric,0.6931471803513425,0.8899782135076253,1634,0.7974296205630355,0.5939138204179085,0.07425224130203655,10
ens_entropy_aleatoric,0.6931471803536757,0.8905228758169934,1635,0.7969418960244649,0.5929670171460452,0.07451264063227851,10
ens_entropy_aleatoric,0.6931471803812485,0.8910675381263616,1636,0.7964547677261614,0.5920217832815112,0.07477272269884008,10
ens_entropy_aleatoric,0.693147180394694,0.8916122004357299,1637,0.7959682345754429,0.591078116960044,0.07503248427788241,10
ens_entropy_aleatoric,0.693147180398542,0.8921568627450981,1638,0.7954822954822954,0.5901360163129943,0.07529193177969441,10
ens_entropy_aleatoric,0.6931471804239603,0.8927015250544662,1639,0.7949969493593655,0.5891954794673828,0.07433080418099278,10
ens_entropy_aleatoric,0.6931471804332539,0.8932461873638344,1640,0.7951219512195122,0.5894085527962899,0.07398060620460047,10
ens_entropy_aleatoric,0.6931471804355819,0.8937908496732027,1641,0.7946374162096282,0.5884699216479746,0.07424021891431169,10
ens_entropy_aleatoric,0.6931471804388165,0.8943355119825708,1642,0.7941534713763703,0.5875328489720204,0.07389050169510222,10
ens_entropy_aleatoric,0.6931471804538542,0.894880174291939,1643,0.7942787583688375,0.5877461271442868,0.07354121123128116,10
ens_entropy_aleatoric,0.693147180457637,0.8954248366013072,1644,0.7944038929440389,0.5879589258066238,0.07319234495230549,10
ens_entropy_aleatoric,0.6931471804682672,0.8959694989106753,1645,0.7945288753799392,0.5881712465743278,0.07405970875303926,10
ens_entropy_aleatoric,0.6931471804722747,0.8965141612200436,1646,0.7946537059538274,0.5883830910554477,0.0737109506168642,10
ens_entropy_aleatoric,0.6931471804785306,0.8970588235294118,1647,0.7947783849423193,0.588594460850826,0.0733626168436676,10
ens_entropy_aleatoric,0.6931471804854666,0.8976034858387799,1648,0.7942961165048543,0.5876606410585703,0.0736215010847051,10
ens_entropy_aleatoric,0.6931471804866645,0.8981481481481481,1649,0.7938144329896907,0.5867283682161343,0.07388007116271122,10
ens_entropy_aleatoric,0.6931471804928163,0.8986928104575164,1650,0.7933333333333333,0.5857976404489419,0.07292620643463374,10
ens_entropy_aleatoric,0.6931471805139428,0.8992374727668845,1651,0.7934585099939431,0.5860095461989113,0.07257919120089659,10
ens_entropy_aleatoric,0.6931471805142081,0.8997821350762527,1652,0.7935835351089588,0.5862209790867263,0.0728379232279443,10
ens_entropy_aleatoric,0.693147180516544,0.9003267973856209,1653,0.7931034482758621,0.5852924606365062,0.0730963419938644,10
ens_entropy_aleatoric,0.6931471805208848,0.900871459694989,1654,0.7932285368802902,0.5855037546383411,0.07274985137974292,10
ens_entropy_aleatoric,0.6931471805240199,0.9014161220043573,1655,0.7927492447129909,0.5845771053257468,0.07300800903048396,10
ens_entropy_aleatoric,0.693147180524952,0.9019607843137255,1656,0.7922705314009661,0.5836519908787932,0.07326585585025785,10
ens_entropy_aleatoric,0.6931471805264273,0.9025054466230937,1657,0.791792395896198,0.5827284094168863,0.07352338912906702,10
ens_entropy_aleatoric,0.6931471805313162,0.9030501089324618,1658,0.7919179734620024,0.5829402200462258,0.07317747787483089,10
ens_entropy_aleatoric,0.6931471805316106,0.9035947712418301,1659,0.7914406268836649,0.5820184955945533,0.07343475660541621,10
ens_entropy_aleatoric,0.6931471805317089,0.9041394335511983,1660,0.7909638554216868,0.5810982988527147,0.07369172222608082,10
ens_entropy_aleatoric,0.693147180532215,0.9046840958605664,1661,0.7904876580373269,0.5801796279322452,0.07394838115425009,10
ens_entropy_aleatoric,0.6931471805345183,0.9052287581699346,1662,0.7900120336943441,0.5792624809411137,0.07360304709812104,10
ens_entropy_aleatoric,0.6931471805347874,0.9057734204793029,1663,0.7895369813589898,0.5783468559837728,0.073859448229102,10
ens_entropy_aleatoric,0.693147180535886,0.906318082788671,1664,0.7890625,0.5774327511612091,0.07411554371028165,10
ens_entropy_aleatoric,0.6931471805381122,0.9068627450980392,1665,0.7891891891891892,0.5776460223934369,0.07377073077410994,10
ens_entropy_aleatoric,0.6931471805402168,0.9074074074074074,1666,0.7893157262905162,0.577858822816007,0.07342632939555342,10
ens_entropy_aleatoric,0.6931471805404396,0.9079520697167756,1667,0.7894421115776845,0.5780711539862141,0.07308234116206173,10
ens_entropy_aleatoric,0.6931471805417767,0.9084967320261438,1668,0.789568345323741,0.578283017454491,0.07273876811496147,10
ens_entropy_aleatoric,0.6931471805418914,0.909041394335512,1669,0.7896944278010785,0.5784944147644486,0.07239560493265039,10
ens_entropy_aleatoric,0.6931471805427138,0.9095860566448801,1670,0.7892215568862275,0.577583406869156,0.07265165659744961,10
ens_entropy_aleatoric,0.6931471805428968,0.9101307189542484,1671,0.7893476959904249,0.5777946540984334,0.07230895769345884,10
ens_entropy_aleatoric,0.6931471805429341,0.9106753812636166,1672,0.7888755980861244,0.5768854682522159,0.07218399278634056,10
ens_entropy_aleatoric,0.6931471805435881,0.9112200435729847,1673,0.7890017931858936,0.5770965646780473,0.07184198338137482,10
ens_entropy_aleatoric,0.6931471805440778,0.9117647058823529,1674,0.7885304659498208,0.576189195683766,0.07209775187221976,10
ens_entropy_aleatoric,0.6931471805454082,0.9123093681917211,1675,0.7880597014925373,0.575283328964445,0.07235321690595276,10
ens_entropy_aleatoric,0.6931471805468044,0.9128540305010894,1676,0.7875894988066826,0.574378962626476,0.07260837706056786,10
ens_entropy_aleatoric,0.6931471805485533,0.9133986928104575,1677,0.7871198568872988,0.5734760947731161,0.07286323300225044,10
ens_entropy_aleatoric,0.6931471805492575,0.9139433551198257,1678,0.7866507747318237,0.5725747235045339,0.07311778395439429,10
ens_entropy_aleatoric,0.6931471805494285,0.914488017429194,1679,0.7867778439547349,0.5727868973634384,0.07277643810114261,10
ens_entropy_aleatoric,0.6931471805495826,0.9150326797385621,1680,0.7869047619047619,0.5729986084684633,0.07243550045616885,10
ens_entropy_aleatoric,0.6931471805496351,0.9155773420479303,1681,0.7870315288518739,0.5732098583318677,0.07209496857442982,10
ens_entropy_aleatoric,0.6931471805514987,0.9161220043572985,1682,0.786563614744352,0.5723108915743891,0.07234937026070101,10
ens_entropy_aleatoric,0.6931471805515746,0.9166666666666666,1683,0.786096256684492,0.5714134133142813,0.07260347134540511,10
ens_entropy_aleatoric,0.6931471805519968,0.9172113289760349,1684,0.7856294536817102,0.5705174216520191,0.07285727041319094,10
ens_entropy_aleatoric,0.6931471805520427,0.9177559912854031,1685,0.7857566765578635,0.5707291151353652,0.07251729503675947,10
ens_entropy_aleatoric,0.6931471805521339,0.9183006535947712,1686,0.7852906287069988,0.56983490645827,0.07277084245056954,10
ens_entropy_aleatoric,0.6931471805527286,0.9188453159041394,1687,0.7848251333728512,0.5689421791620297,0.07302408963054546,10
ens_entropy_aleatoric,0.6931471805529489,0.9193899782135077,1688,0.7843601895734598,0.568050931341672,0.07327703813984822,10
ens_entropy_aleatoric,0.693147180553526,0.9199346405228758,1689,0.7838957963291888,0.5671611610894743,0.07352968571938218,10
ens_entropy_aleatoric,0.6931471805535402,0.920479302832244,1690,0.7840236686390533,0.5673735785432444,0.07319031802700954,10
ens_entropy_aleatoric,0.6931471805535406,0.9210239651416122,1691,0.7841513897102307,0.5675855367462794,0.07285135343842757,10
ens_entropy_aleatoric,0.693147180553888,0.9215686274509803,1692,0.7836879432624113,0.5666978264641839,0.0731038060847248,10
ens_entropy_aleatoric,0.6931471805540409,0.9221132897603486,1693,0.783225044300059,0.5658115871439681,0.0733559593523684,10
ens_entropy_aleatoric,0.6931471805548067,0.9226579520697168,1694,0.7833530106257379,0.5660236694816699,0.073017495755264,10
ens_entropy_aleatoric,0.6931471805548387,0.923202614379085,1695,0.783480825958702,0.5662352948559626,0.0726794331865769,10
ens_entropy_aleatoric,0.6931471805548943,0.9237472766884531,1696,0.7830188679245284,0.565351101998975,0.07293139191958595,10
ens_entropy_aleatoric,0.693147180555025,0.9242919389978214,1697,0.7825574543311726,0.5644683735264476,0.07318305226246158,10
ens_entropy_aleatoric,0.6931471805550397,0.9248366013071896,1698,0.7826855123674912,0.5646801184453148,0.07284548921157054,10
ens_entropy_aleatoric,0.6931471805550817,0.9253812636165577,1699,0.7828134196586227,0.5648914086785609,0.07250832368179161,10
ens_entropy_aleatoric,0.6931471805553779,0.9259259259259259,1700,0.7823529411764706,0.5640107132757005,0.07275978878144036,10
ens_entropy_aleatoric,0.693147180555524,0.9264705882352942,1701,0.7824808935920047,0.5642218350915773,0.07242307006131568,10
ens_entropy_aleatoric,0.6931471805556274,0.9270152505446623,1702,0.782608695652174,0.5644325048139707,0.07246080574420974,10
ens_entropy_aleatoric,0.6931471805558888,0.9275599128540305,1703,0.7821491485613623,0.5635538338153853,0.0727118571357967,10
ens_entropy_aleatoric,0.6931471805559571,0.9281045751633987,1704,0.7816901408450704,0.5626766160367361,0.07296261252199654,10
ens_entropy_aleatoric,0.6931471805559726,0.9286492374727668,1705,0.7818181818181819,0.5628873993640345,0.07262656468721523,10
ens_entropy_aleatoric,0.6931471805562214,0.9291938997821351,1706,0.7819460726846424,0.563097732849043,0.0722909098779055,10
ens_entropy_aleatoric,0.6931471805567098,0.9297385620915033,1707,0.7820738137082601,0.56330761793027,0.07195564939494893,10
ens_entropy_aleatoric,0.6931471805568837,0.9302832244008714,1708,0.7822014051522248,0.5635170560400968,0.07162078061775959,10
ens_entropy_aleatoric,0.693147180556896,0.9308278867102396,1709,0.7823288472791106,0.563726048604811,0.07128630435760405,10
ens_entropy_aleatoric,0.6931471805569199,0.9313725490196079,1710,0.7824561403508772,0.5639345970446376,0.07095221829152572,10
ens_entropy_aleatoric,0.6931471805570016,0.931917211328976,1711,0.7819988310929281,0.5630605064558157,0.07120297634331846,10
ens_entropy_aleatoric,0.6931471805570553,0.9324618736383442,1712,0.782126168224299,0.5632688903904601,0.07049745629150762,10
ens_entropy_aleatoric,0.6931471805571775,0.9330065359477124,1713,0.7822533566841798,0.5634768327067349,0.07016441578273987,10
ens_entropy_aleatoric,0.6931471805572019,0.9335511982570807,1714,0.7817969661610268,0.5626047369771339,0.0704151949615501,10
ens_entropy_aleatoric,0.6931471805575776,0.9340958605664488,1715,0.7813411078717201,0.5617340781270123,0.07066568128045043,10
ens_entropy_aleatoric,0.6931471805578525,0.934640522875817,1716,0.7808857808857809,0.5608648542695509,0.07091587574330024,10
ens_entropy_aleatoric,0.6931471805579354,0.9351851851851852,1717,0.7804309842748981,0.5599970635157466,0.07116577876594922,10
ens_entropy_aleatoric,0.6931471805582063,0.9357298474945533,1718,0.780558789289872,0.5602056627885343,0.07083331925699862,10
ens_entropy_aleatoric,0.693147180558328,0.9362745098039216,1719,0.7801047120418848,0.5593395742741584,0.07108298009798082,10
ens_entropy_aleatoric,0.6931471805584488,0.9368191721132898,1720,0.7796511627906977,0.5584749137783895,0.07133235000302154,10
ens_entropy_aleatoric,0.6931471805585506,0.9373638344226579,1721,0.7797791981406159,0.5586836131625151,0.07100037336883826,10
ens_entropy_aleatoric,0.6931471805585622,0.9379084967320261,1722,0.7799070847851336,0.5588918732959254,0.07103850049351046,10
ens_entropy_aleatoric,0.6931471805585719,0.9384531590413944,1723,0.779454439930354,0.5580291749076893,0.07128746212733497,10
ens_entropy_aleatoric,0.693147180558712,0.9389978213507625,1724,0.7790023201856149,0.5571678981716197,0.07153613554831631,10
ens_entropy_aleatoric,0.6931471805587309,0.9395424836601307,1725,0.7785507246376812,0.55630804119713,0.07178451997645995,10
ens_entropy_aleatoric,0.6931471805587462,0.9400871459694989,1726,0.7780996523754345,0.5554496020916918,0.07203261697914565,10
ens_entropy_aleatoric,0.693147180558748,0.940631808278867,1727,0.7782281412854661,0.5556584868737938,0.07170138745604772,10
ens_entropy_aleatoric,0.693147180558794,0.9411764705882353,1728,0.7783564814814815,0.555866934022661,0.07137054208919488,10
ens_entropy_aleatoric,0.693147180558853,0.9417211328976035,1729,0.7779063042220937,0.5550104354749851,0.07161844768681926,10
ens_entropy_aleatoric,0.693147180558916,0.9422657952069716,1730,0.7780346820809249,0.5552187082381487,0.07128803271002623,10
ens_entropy_aleatoric,0.6931471805589169,0.9428104575163399,1731,0.7775852108607741,0.5543638818323884,0.07153570013273493,10
ens_entropy_aleatoric,0.6931471805589248,0.9433551198257081,1732,0.7771362586605081,0.5535104638054378,0.07141549700100432,10
ens_entropy_aleatoric,0.6931471805589391,0.9438997821350763,1733,0.777264858626659,0.5537188208011656,0.071085771007279,10
ens_entropy_aleatoric,0.6931471805589484,0.9444444444444444,1734,0.7768166089965398,0.552867067074804,0.07133312607354834,10
ens_entropy_aleatoric,0.6931471805589718,0.9449891067538126,1735,0.7763688760806916,0.5520167166880727,0.07158019654931055,10
ens_entropy_aleatoric,0.6931471805589782,0.9455337690631809,1736,0.7759216589861752,0.5511677677491393,0.07182698195801568,10
ens_entropy_aleatoric,0.6931471805589885,0.946078431372549,1737,0.7754749568221071,0.5503202183644967,0.07207348316126239,10
ens_entropy_aleatoric,0.6931471805590238,0.9466230936819172,1738,0.7750287686996548,0.5494740666389987,0.07231970064903917,10
ens_entropy_aleatoric,0.6931471805590919,0.9471677559912854,1739,0.7751581368602645,0.5496832645113862,0.07199059238744585,10
ens_entropy_aleatoric,0.69314718055913,0.9477124183006536,1740,0.774712643678161,0.548838759862207,0.07223657491009775,10
ens_entropy_aleatoric,0.6931471805592856,0.9482570806100218,1741,0.7742676622630672,0.5479956478396756,0.07248227497950256,10
ens_entropy_aleatoric,0.6931471805592991,0.94880174291939,1742,0.7738231917336394,0.5471539265468134,0.07272769294097337,10
ens_entropy_aleatoric,0.6931471805593099,0.9493464052287581,1743,0.7739529546758462,0.5473634395901935,0.0723991058885521,10
ens_entropy_aleatoric,0.6931471805593219,0.9498910675381264,1744,0.7735091743119266,0.5465233544948744,0.07264429005301697,10
ens_entropy_aleatoric,0.6931471805593313,0.9504357298474946,1745,0.7730659025787966,0.5456846551050812,0.07288919273451018,10
ens_entropy_aleatoric,0.6931471805593844,0.9509803921568627,1746,0.7731958762886598,0.5458942274600878,0.07256107772226507,10
ens_entropy_aleatoric,0.6931471805594014,0.9515250544662309,1747,0.7733257012020607,0.546103366964929,0.0722333378936977,10
ens_entropy_aleatoric,0.6931471805594143,0.9520697167755992,1748,0.7734553775743707,0.5463120749592326,0.07190597345882062,10
ens_entropy_aleatoric,0.6931471805594426,0.9526143790849673,1749,0.773013150371641,0.5454754927021753,0.0721507386713471,10
ens_entropy_aleatoric,0.6931471805595021,0.9531590413943355,1750,0.7725714285714286,0.5445432157537695,0.07239522374588149,10
ens_entropy_aleatoric,0.693147180559525,0.9537037037037037,1751,0.7721302113078241,0.5437087359998746,0.07263942991515994,10
ens_entropy_aleatoric,0.6931471805595361,0.954248366013072,1752,0.771689497716895,0.5428756306007194,0.07288335711323564,10
ens_entropy_aleatoric,0.6931471805595715,0.9547930283224401,1753,0.7712492869366799,0.5420438976689582,0.07312700622528912,10
ens_entropy_aleatoric,0.6931471805596039,0.9553376906318083,1754,0.7713797035347777,0.5423571773420106,0.07280025207949309,10
ens_entropy_aleatoric,0.6931471805596155,0.9558823529411765,1755,0.7715099715099715,0.5425668205191203,0.07247387010642302,10
ens_entropy_aleatoric,0.6931471805596213,0.9564270152505446,1756,0.7710706150341685,0.5417369943547423,0.07271733588119585,10
ens_entropy_aleatoric,0.6931471805596251,0.9569716775599129,1757,0.7712009106431417,0.5419464458264969,0.07239137253897567,10
ens_entropy_aleatoric,0.6931471805596431,0.9575163398692811,1758,0.7707622298065984,0.541118222906198,0.07263460848564517,10
ens_entropy_aleatoric,0.6931471805596502,0.9580610021786492,1759,0.770892552586697,0.5413274823568082,0.07230906280613596,10
ens_entropy_aleatoric,0.6931471805596551,0.9586056644880174,1760,0.7704545454545455,0.5405008582004674,0.07255206884928764,10
ens_entropy_aleatoric,0.6931471805596683,0.9591503267973857,1761,0.7700170357751278,0.5396755936187557,0.07279479890203829,10
ens_entropy_aleatoric,0.693147180559711,0.9596949891067538,1762,0.7701475595913735,0.5398848954632617,0.07246971683701517,10
ens_entropy_aleatoric,0.6931471805597202,0.960239651416122,1763,0.7697107203630176,0.5390612221241959,0.07271221849821323,10
ens_entropy_aleatoric,0.6931471805597331,0.9607843137254902,1764,0.7698412698412699,0.5392703299417932,0.07238755183854509,10
ens_entropy_aleatoric,0.6931471805597379,0.9613289760348583,1765,0.7694050991501417,0.5384482434041317,0.07262982518107552,10
ens_entropy_aleatoric,0.693147180559746,0.9618736383442266,1766,0.768969422423556,0.537627508457783,0.07287182411665641,10
ens_entropy_aleatoric,0.6931471805597503,0.9624183006535948,1767,0.7685342388228636,0.5368081232250634,0.07311354928755408,10
ens_entropy_aleatoric,0.6931471805597572,0.9629629629629629,1768,0.7686651583710408,0.5370174971316178,0.07278938991872907,10
ens_entropy_aleatoric,0.6931471805597584,0.9635076252723311,1769,0.7682306387789711,0.5361996881950225,0.07303088838495668,10
ens_entropy_aleatoric,0.6931471805597639,0.9640522875816994,1770,0.768361581920904,0.5364088647670737,0.07270714221431887,10
ens_entropy_aleatoric,0.6931471805597674,0.9645969498910676,1771,0.7679277244494636,0.5355926277313117,0.07294841430459967,10
ens_entropy_aleatoric,0.6931471805597731,0.9651416122004357,1772,0.7674943566591422,0.5347777324632953,0.07318941421030964,10
ens_entropy_aleatoric,0.6931471805597775,0.9662309368191722,1774,0.7677564825253664,0.5351957183121522,0.07254320295718367,10
ens_entropy_aleatoric,0.6931471805597863,0.9667755991285403,1775,0.7673239436619719,0.5343826119542815,0.07278402359565303,10
ens_entropy_aleatoric,0.6931471805597971,0.9673202614379085,1776,0.767454954954955,0.5345911949685536,0.07246150995565048,10
ens_entropy_aleatoric,0.6931471805598001,0.9678649237472767,1777,0.76702307259426,0.5337796474186323,0.07270210570558995,10
ens_entropy_aleatoric,0.6931471805598055,0.9684095860566448,1778,0.7671541057367829,0.533988032079901,0.072380001102255,10
ens_entropy_aleatoric,0.6931471805598072,0.9689542483660131,1779,0.7672849915682968,0.5341959965847642,0.07205825855297447,10
ens_entropy_aleatoric,0.6931471805598152,0.9694989106753813,1780,0.7668539325842697,0.5333862250711892,0.0722986753626333,10
ens_entropy_aleatoric,0.6931471805598225,0.9700435729847494,1781,0.7664233576642335,0.5325777821519327,0.07253882213574045,10
ens_entropy_aleatoric,0.6931471805598232,0.9705882352941176,1782,0.765993265993266,0.5317706659609459,0.07277869939682495,10
ens_entropy_aleatoric,0.6931471805598307,0.9711328976034859,1783,0.7661245092540662,0.5319788723218226,0.07245745514362659,10
ens_entropy_aleatoric,0.6931471805598362,0.971677559912854,1784,0.7662556053811659,0.5321866604956281,0.0721365709987531,10
ens_entropy_aleatoric,0.6931471805598414,0.9722222222222222,1785,0.7663865546218488,0.5323940317410062,0.07181604624210378,10
ens_entropy_aleatoric,0.6931471805598455,0.9727668845315904,1786,0.7665173572228443,0.5326009873115528,0.07149588048441768,10
ens_entropy_aleatoric,0.693147180559848,0.9733115468409586,1787,0.7660884163402351,0.5317960669079459,0.07173567005564907,10
ens_entropy_aleatoric,0.6931471805598504,0.9738562091503268,1788,0.7662192393736018,0.5320028253257391,0.0714159074456849,10
ens_entropy_aleatoric,0.6931471805598535,0.974400871459695,1789,0.7657909446618223,0.5311994396340111,0.07165547377502053,10
ens_entropy_aleatoric,0.6931471805598646,0.9749455337690632,1790,0.7653631284916201,0.5303973695256752,0.0718947724683967,10
ens_entropy_aleatoric,0.6931471805598771,0.9754901960784313,1791,0.7654941373534339,0.5306041454501886,0.07157545662300643,10
ens_entropy_aleatoric,0.6931471805598793,0.9760348583877996,1792,0.765625,0.5308105088870714,0.07125649703786179,10
ens_entropy_aleatoric,0.6931471805598822,0.9765795206971678,1793,0.7657557166759621,0.5310164610693717,0.07093789321927411,10
ens_entropy_aleatoric,0.6931471805598823,0.9771241830065359,1794,0.7653288740245262,0.530216345525861,0.07117705835666015,10
ens_entropy_aleatoric,0.6931471805598832,0.9776688453159041,1795,0.7649025069637883,0.5294175385758464,0.07141595701580182,10
ens_entropy_aleatoric,0.6931471805598912,0.9782135076252724,1796,0.765033407572383,0.5296235061640128,0.07109779662978569,10
ens_entropy_aleatoric,0.6931471805598944,0.9787581699346405,1797,0.765164162493044,0.5298290645983298,0.07077999037675561,10
ens_entropy_aleatoric,0.6931471805598947,0.9793028322440087,1798,0.7647385984427141,0.5290319863964618,0.07101871112550502,10
ens_entropy_aleatoric,0.6931471805598987,0.9798474945533769,1799,0.7648693718732629,0.5292373476393415,0.07070130210613562,10
ens_entropy_aleatoric,0.6931471805599054,0.9803921568627451,1800,0.765,0.5294423019875408,0.07038424587271895,10
ens_entropy_aleatoric,0.6931471805599102,0.9809368191721133,1801,0.7645752359800111,0.5286469456837614,0.07062278882107122,10
ens_entropy_aleatoric,0.6931471805599111,0.9814814814814815,1802,0.7641509433962265,0.5278528881211401,0.07086106696554613,10
ens_entropy_aleatoric,0.6931471805599112,0.9820261437908496,1803,0.7637271214642263,0.5270601274591299,0.0710990808443827,10
ens_entropy_aleatoric,0.6931471805599148,0.9825708061002179,1804,0.7633037694013304,0.5262686618566287,0.0713368308163478,10
ens_entropy_aleatoric,0.693147180559917,0.9831154684095861,1805,0.7634349030470914,0.5264740414253424,0.07102030075116089,10
ens_entropy_aleatoric,0.6931471805599171,0.9836601307189542,1806,0.7635658914728682,0.5266790158464774,0.07070412122451177,10
ens_entropy_aleatoric,0.6931471805599209,0.9842047930283224,1807,0.7631433314886552,0.5257782023626595,0.07094169502049072,10
ens_entropy_aleatoric,0.6931471805599224,0.9847494553376906,1808,0.7627212389380531,0.5249890989618293,0.07117900599667519,10
ens_entropy_aleatoric,0.6931471805599245,0.9852941176470589,1809,0.7622996130458817,0.5242012830362254,0.07141605459801441,10
ens_entropy_aleatoric,0.6931471805599249,0.985838779956427,1810,0.7624309392265194,0.5244066234764575,0.07110035514872085,10
ens_entropy_aleatoric,0.6931471805599266,0.9863834422657952,1811,0.7625621203754832,0.5246115602786658,0.07078500435169587,10
ens_entropy_aleatoric,0.6931471805599269,0.9869281045751634,1812,0.7621412803532008,0.5238254346087058,0.07102187801192088,10
ens_entropy_aleatoric,0.6931471805599282,0.9874727668845316,1813,0.7622724765581909,0.5240301710353918,0.07070691831106075,10
ens_entropy_aleatoric,0.6931471805599295,0.9880174291938998,1814,0.7624035281146637,0.5242345060420441,0.0703923059256104,10
ens_entropy_aleatoric,0.6931471805599297,0.988562091503268,1815,0.7625344352617079,0.5244384408080834,0.07007804017325617,10
ens_entropy_aleatoric,0.69314718055993,0.9891067538126361,1816,0.762114537444934,0.5235425300871155,0.0703147813727432,10
ens_entropy_aleatoric,0.6931471805599303,0.9896514161220044,1817,0.7616951018161805,0.5227589394629619,0.07055126191013711,10
ens_entropy_aleatoric,0.6931471805599317,0.9901960784313726,1818,0.7612761276127613,0.521976623861304,0.07078748236463983,10
ens_entropy_aleatoric,0.6931471805599343,0.9907407407407407,1819,0.7608576140736668,0.5211955814678215,0.0710234430331887,10
ens_entropy_aleatoric,0.6931471805599353,0.9912854030501089,1820,0.7604395604395604,0.5204158104677867,0.07125914445063948,10
ens_entropy_aleatoric,0.6931471805599395,0.9923747276688453,1822,0.7601536772777168,0.519842193562549,0.07118092364994777,10
ens_entropy_aleatoric,0.69314718055994,0.9929193899782135,1823,0.75973669775096,0.519065155090727,0.07141615078109731,10
ens_entropy_aleatoric,0.6931471805599406,0.9934640522875817,1824,0.7598684210526315,0.5192698354626588,0.07110287440823652,10
ens_entropy_aleatoric,0.6931471805599408,0.9940087145969498,1825,0.7594520547945205,0.5184942559476408,0.0713378865065819,10
ens_entropy_aleatoric,0.6931471805599426,0.9950980392156863,1827,0.7586206896551724,0.516946881405704,0.07180713894349681,10
ens_entropy_aleatoric,0.6931471805599427,0.9956427015250545,1828,0.7582056892778993,0.5161750827556804,0.07204138011137609,10
ens_entropy_aleatoric,0.6931471805599431,0.9961873638344226,1829,0.7577911427009295,0.5154045407704634,0.07227536514639565,10
ens_entropy_aleatoric,0.6931471805599433,0.9967320261437909,1830,0.7579234972677595,0.5157289960466942,0.07196264636705904,10
ens_entropy_aleatoric,0.693147180559944,0.9972766884531591,1831,0.7580557072637902,0.5159342518531426,0.07165026916352779,10
ens_entropy_aleatoric,0.6931471805599444,0.9978213507625272,1832,0.75764192139738,0.515165386939993,0.07188408452309157,10
ens_entropy_aleatoric,0.6931471805599445,0.9983660130718954,1833,0.7577741407528642,0.5153704338878409,0.07157209101673635,10
ens_entropy_aleatoric,0.6931471805599451,0.9989106753812637,1834,0.7579062159214831,0.5155750841486442,0.07126043775355163,10
ens_entropy_aleatoric,0.6931471805599453,1.0,1836,0.7570806100217865,0.5139235817606778,0.07172747431632381,10
ens_entropy_epistemic,0.0,0.0005446623093681918,1,0.0,0.0,0.5,1
ens_entropy_epistemic,1.1102230246251565e-16,0.0016339869281045752,3,0.3333333333333333,-0.5000000000000001,0.4999999994736395,3
ens_entropy_epistemic,3.3306690738754696e-16,0.0027233115468409588,5,0.4,-0.36363636363636376,0.4999999811252874,5
ens_entropy_epistemic,4.440892098500626e-16,0.0032679738562091504,6,0.5,-0.28571428571428586,0.4999999863753984,6
ens_entropy_epistemic,7.771561172376096e-16,0.004357298474945534,8,0.375,-0.25,0.4999999869702337,8
ens_entropy_epistemic,9.992007221626409e-16,0.004901960784313725,9,0.4444444444444444,-0.2162162162162162,0.49999998989560956,9
ens_entropy_epistemic,1.5543122344752192e-15,0.0054466230936819175,10,0.4,-0.19999999999999996,0.49999998268779294,10
ens_entropy_epistemic,1.9984014443252818e-15,0.005991285403050109,11,0.45454545454545453,-0.031250000000000104,0.4090909019348698,10
ens_entropy_epistemic,2.1094237467877974e-15,0.006535947712418301,12,0.4166666666666667,-0.05000000000000002,0.4166666608704741,10
ens_entropy_epistemic,2.55351295663786e-15,0.008169934640522876,15,0.3333333333333333,-0.07142857142857144,0.23333333088470437,10
ens_entropy_epistemic,3.3306690738754696e-15,0.008714596949891068,16,0.3125,-0.07317073170731707,0.31249999083263624,10
ens_entropy_epistemic,4.107825191113079e-15,0.009259259259259259,17,0.35294117647058826,-0.05649717514124289,0.4411764532260168,10
ens_entropy_epistemic,4.773959005888173e-15,0.00980392156862745,18,0.3333333333333333,-0.0588235294117647,0.33333331742199335,10
ens_entropy_epistemic,6.772360450213455e-15,0.010348583877995643,19,0.3157894736842105,-0.06008583690987118,0.2894736806045664,10
ens_entropy_epistemic,8.548717289613705e-15,0.010893246187363835,20,0.3,-0.1570247933884298,0.3999999924358481,10
ens_entropy_epistemic,8.992806499463768e-15,0.011982570806100218,22,0.2727272727272727,-0.15032679738562085,0.31818181601070383,10
ens_entropy_epistemic,9.769962616701378e-15,0.01252723311546841,23,0.2608695652173913,-0.14662756598240473,0.41304347154460963,10
ens_entropy_epistemic,9.992007221626409e-15,0.013071895424836602,24,0.2916666666666667,-0.13333333333333322,0.33333333458021513,10
ens_entropy_epistemic,1.0547118733938987e-14,0.013616557734204794,25,0.32,-0.12137203166226902,0.2600000080823267,10
ens_entropy_epistemic,1.099120794378905e-14,0.014161220043572984,26,0.34615384615384615,-0.11055276381909547,0.26923076759241693,10
ens_entropy_epistemic,1.3211653993039363e-14,0.014705882352941176,27,0.37037037037037035,-0.10071942446043157,0.20370369956245196,10
ens_entropy_epistemic,1.3322676295501878e-14,0.015250544662309368,28,0.39285714285714285,-0.09174311926605505,0.17857139245825016,10
ens_entropy_epistemic,1.5210055437364645e-14,0.01579520697167756,29,0.41379310344827586,-0.08351648351648361,0.18965513212673893,10
ens_entropy_epistemic,1.5654144647214707e-14,0.016339869281045753,30,0.4,-0.0843373493975903,0.19999995708371296,10
ens_entropy_epistemic,1.6209256159527285e-14,0.016884531590413945,31,0.3870967741935484,-0.08471454880294667,0.2096773827105558,10
ens_entropy_epistemic,1.6764367671839864e-14,0.017973856209150325,33,0.3939393939393939,-0.07843137254901972,0.19696966501903984,10
ens_entropy_epistemic,1.7763568394002505e-14,0.018518518518518517,34,0.38235294117647056,-0.07854984894259823,0.17647055854714602,10
ens_entropy_epistemic,1.8207657603852567e-14,0.01906318082788671,35,0.37142857142857144,-0.07843137254901959,0.21428569067135164,10
ens_entropy_epistemic,1.8318679906315083e-14,0.0196078431372549,36,0.3888888888888889,-0.07317073170731701,0.16666670891074276,10
ens_entropy_epistemic,2.0317081350640365e-14,0.020152505446623094,37,0.40540540540540543,-0.06824146981627299,0.1756757175106773,10
ens_entropy_epistemic,2.042810365310288e-14,0.020697167755991286,38,0.42105263157894735,-0.06361323155216285,0.23684213416112443,10
ens_entropy_epistemic,2.275957200481571e-14,0.021241830065359478,39,0.41025641025641024,-0.1115241635687734,0.19230772632587606,10
ens_entropy_epistemic,2.6423307986078726e-14,0.02178649237472767,40,0.425,-0.10576923076923075,0.22500002307270534,10
ens_entropy_epistemic,2.8754776337791554e-14,0.022331154684095862,41,0.4146341463414634,-0.10561797752809007,0.18292686436426242,10
ens_entropy_epistemic,2.930988785010413e-14,0.02287581699346405,42,0.40476190476190477,-0.10526315789473695,0.16666670338825168,10
ens_entropy_epistemic,3.275157922644212e-14,0.023420479302832243,43,0.4186046511627907,-0.10030706243602856,0.1976744726051286,10
ens_entropy_epistemic,3.419486915845482e-14,0.023965141612200435,44,0.4090909090909091,-0.09999999999999988,0.2045455041801028,10
ens_entropy_epistemic,3.552713678800501e-14,0.024509803921568627,45,0.4222222222222222,-0.09550561797752803,0.21111115917104842,10
ens_entropy_epistemic,3.7192471324942744e-14,0.02505446623093682,46,0.43478260869565216,-0.09124087591240876,0.1956522253280716,10
ens_entropy_epistemic,3.785860513971784e-14,0.02559912854030501,47,0.44680851063829785,-0.08718861209964412,0.18085111529781067,10
ens_entropy_epistemic,4.440892098500626e-14,0.026143790849673203,48,0.4375,-0.087248322147651,0.18750006220596793,10
ens_entropy_epistemic,4.7628567756419216e-14,0.026688453159041396,49,0.4489795918367347,-0.08353808353808363,0.19387761721455143,10
ens_entropy_epistemic,4.873879078104437e-14,0.027233115468409588,50,0.44,-0.0835913312693499,0.18000005503083522,10
ens_entropy_epistemic,4.9960036108132044e-14,0.027777777777777776,51,0.43137254901960786,-0.08351648351648346,0.18627456860322447,10
ens_entropy_epistemic,5.062616992290714e-14,0.02832244008714597,52,0.4230769230769231,-0.08333333333333345,0.17307699095203394,10
ens_entropy_epistemic,5.0737192225369654e-14,0.02886710239651416,53,0.4339622641509434,-0.08016304347826078,0.17924534266313027,10
ens_entropy_epistemic,6.45039577307216e-14,0.029411764705882353,54,0.4444444444444444,-0.07712765957446814,0.16666671174379954,10
ens_entropy_epistemic,6.550315845288424e-14,0.029956427015250545,55,0.43636363636363634,-0.07706885660138975,0.15454552305965008,10
ens_entropy_epistemic,6.727951529228449e-14,0.030501089324618737,56,0.44642857142857145,-0.0742574257425743,0.14285720147466915,10
ens_entropy_epistemic,6.961098364399732e-14,0.03104575163398693,57,0.45614035087719296,-0.0715585203153426,0.13157902043679415,10
ens_entropy_epistemic,7.538414337204813e-14,0.03159041394335512,58,0.46551724137931033,-0.06896551724137934,0.12068973070032094,10
ens_entropy_epistemic,8.193445921733655e-14,0.03213507625272331,59,0.4576271186440678,-0.06908267270668184,0.11016957890404495,10
ens_entropy_epistemic,8.704148513061227e-14,0.032679738562091505,60,0.45,-0.06911447084233262,0.11666675070048535,10
ens_entropy_epistemic,9.559020242022598e-14,0.0332244008714597,61,0.4426229508196721,-0.0690721649484536,0.12295090491192222,10
ens_entropy_epistemic,9.581224702515101e-14,0.03376906318082789,62,0.45161290322580644,-0.0668016194331984,0.12903234539390948,10
ens_entropy_epistemic,9.947598300641403e-14,0.03431372549019608,63,0.4603174603174603,-0.06461232604373751,0.11904771148781144,10
ens_entropy_epistemic,9.980904991380157e-14,0.034858387799564274,64,0.46875,-0.0625,0.09375009009699964,10
ens_entropy_epistemic,1.0158540675320182e-13,0.03540305010893246,65,0.46153846153846156,-0.06258757589911251,0.1307693091922592,10
ens_entropy_epistemic,1.0536016503692736e-13,0.03594771241830065,66,0.45454545454545453,-0.06261180679785346,0.1212121390835592,10
ens_entropy_epistemic,1.056932319443149e-13,0.03649237472766884,67,0.4626865671641791,-0.06068601583113454,0.1417909938154574,10
ens_entropy_epistemic,1.0869083411080283e-13,0.037037037037037035,68,0.45588235294117646,-0.060708263069140025,0.14705875667556634,10
ens_entropy_epistemic,1.1057821325266559e-13,0.03812636165577342,70,0.45714285714285713,-0.05891719745222936,0.11428566546897499,10
ens_entropy_epistemic,1.141309269314661e-13,0.03867102396514161,71,0.4507042253521127,-0.05889101338432114,0.1056338268625349,10
ens_entropy_epistemic,1.2456702336294256e-13,0.0392156862745098,72,0.4444444444444444,-0.058823529411764754,0.13888891224968047,10
ens_entropy_epistemic,1.2612133559741778e-13,0.039760348583877995,73,0.4520547945205479,-0.05720492396813893,0.10273975064633244,10
ens_entropy_epistemic,1.3800072196090696e-13,0.04030501089324619,74,0.4594594594594595,-0.055634807417974226,0.10810813498022744,10
ens_entropy_epistemic,1.3922196728799463e-13,0.04084967320261438,75,0.4666666666666667,-0.05411103302881238,0.1400000241247858,10
ens_entropy_epistemic,1.5309975509580909e-13,0.04139433551198257,76,0.4605263157894737,-0.07894736842105265,0.10526317698664812,10
ens_entropy_epistemic,1.539879335155092e-13,0.041938997821350764,77,0.4675324675324675,-0.07710678949164108,0.13636358929762624,10
ens_entropy_epistemic,1.6053824936079764e-13,0.042483660130718956,78,0.46153846153846156,-0.07692307692307687,0.12820507613273618,10
ens_entropy_epistemic,1.6853185513809876e-13,0.04302832244008715,79,0.45569620253164556,-0.07670364500792394,0.14556956697648696,10
ens_entropy_epistemic,1.7752466163756253e-13,0.04357298474945534,80,0.45,-0.0764525993883792,0.14999994756555143,10
ens_entropy_epistemic,1.7819079545233762e-13,0.04411764705882353,81,0.4567901234567901,-0.07478890229191797,0.12962956832970937,10
ens_entropy_epistemic,1.8274270985330077e-13,0.044662309368191724,82,0.45121951219512196,-0.07454863133372157,0.13414628482501648,10
ens_entropy_epistemic,1.886268918838141e-13,0.04520697167755991,83,0.4578313253012048,-0.07296753806377478,0.12650596224044022,10
ens_entropy_epistemic,1.9340085088970227e-13,0.0457516339869281,84,0.4523809523809524,-0.0727373681288173,0.142857079976278,10
ens_entropy_epistemic,2.0738966099997924e-13,0.046296296296296294,85,0.4470588235294118,-0.07248322147651011,0.13529405730185518,10
ens_entropy_epistemic,2.1116441928370477e-13,0.046840958605664486,86,0.45348837209302323,-0.0710121886592476,0.16279063502549232,10
ens_entropy_epistemic,2.1871393585115584e-13,0.04738562091503268,87,0.4482758620689655,-0.07076923076923079,0.15517235450097672,10
ens_entropy_epistemic,2.1949109196839345e-13,0.04793028322440087,88,0.45454545454545453,-0.06936708860759502,0.13636357766670273,10
ens_entropy_epistemic,2.3148150063434514e-13,0.04847494553376906,89,0.4606741573033708,-0.04808635917566234,0.16292128998221178,10
ens_entropy_epistemic,2.4658053376924727e-13,0.049019607843137254,90,0.45555555555555555,-0.04850213980028533,0.14444438794675646,10
ens_entropy_epistemic,2.48245868306185e-13,0.049564270152505446,91,0.45054945054945056,-0.048870447210696125,0.13736257873258348,10
ens_entropy_epistemic,2.69562150378988e-13,0.05010893246187364,92,0.44565217391304346,-0.049194991055456334,0.1413042813199258,10
ens_entropy_epistemic,2.701172618913006e-13,0.05065359477124183,93,0.45161290322580644,-0.04771371769383695,0.14516120261715354,10
ens_entropy_epistemic,2.8477220581635265e-13,0.05119825708061002,94,0.44680851063829785,-0.04802744425385941,0.12765950752568545,10
ens_entropy_epistemic,3.0531133177191805e-13,0.051742919389978215,95,0.45263157894736844,-0.046610169491525445,0.11052626868223162,10
ens_entropy_epistemic,3.1807889655510735e-13,0.05228758169934641,96,0.4479166666666667,-0.04691358024691355,0.10416669990880295,10
ens_entropy_epistemic,3.4416913763379853e-13,0.0528322440087146,97,0.4536082474226804,-0.04555623347569649,0.10824737571722193,10
ens_entropy_epistemic,3.4650060598551136e-13,0.05337690631808279,98,0.4489795918367347,-0.04584980237154157,0.11224485205236365,10
ens_entropy_epistemic,3.7425618160114027e-13,0.05392156862745098,99,0.4444444444444444,-0.046109510086455426,0.11616158602095082,10
ens_entropy_epistemic,3.809175197488912e-13,0.054466230936819175,100,0.44,-0.04633781763826605,0.11999995132874246,10
ens_entropy_epistemic,3.8136160895874127e-13,0.05501089324618736,101,0.43564356435643564,-0.04653699327395019,0.11386133434665932,10
ens_entropy_epistemic,4.0478731477833207e-13,0.05555555555555555,102,0.43137254901960786,-0.04670912951167725,0.11764700220520495,10
ens_entropy_epistemic,4.466427228067005e-13,0.056100217864923745,103,0.4368932038834951,-0.0455022751137558,0.11165042808819238,10
ens_entropy_epistemic,4.5075054799781356e-13,0.05664488017429194,104,0.4423076923076923,-0.04432132963988922,0.10576917331006651,10
ens_entropy_epistemic,4.567457523307894e-13,0.05718954248366013,105,0.4380952380952381,-0.04451188669701566,0.10952375457120973,10
ens_entropy_epistemic,4.771738559838923e-13,0.05773420479302832,106,0.44339622641509435,-0.043376710043376634,0.1226414556351388,10
ens_entropy_epistemic,5.268008251846368e-13,0.05827886710239651,107,0.4485981308411215,-0.04226514776291885,0.10747657182643049,10
ens_entropy_epistemic,5.420108806220014e-13,0.058823529411764705,108,0.4444444444444444,-0.04247104247104248,0.11111104108557157,10
ens_entropy_epistemic,5.905276267981208e-13,0.0593681917211329,109,0.44036697247706424,-0.04265328524384503,0.09633020538084991,10
ens_entropy_epistemic,6.427081089555031e-13,0.05991285403050109,110,0.43636363636363634,-0.04281345565749228,0.09999990309127091,10
ens_entropy_epistemic,6.509237593377293e-13,0.06045751633986928,111,0.43243243243243246,-0.04295302013422823,0.09459449494161229,10
ens_entropy_epistemic,6.870060076380469e-13,0.06100217864923747,112,0.42857142857142855,-0.043073341094295725,0.09821418330478258,10
ens_entropy_epistemic,7.440714711037799e-13,0.061546840958605666,113,0.4247787610619469,-0.04317568527197842,0.11946892365032677,10
ens_entropy_epistemic,7.491784970170556e-13,0.06209150326797386,114,0.42105263157894735,-0.043261231281197986,0.1228069171428834,10
ens_entropy_epistemic,7.613909502879324e-13,0.06263616557734204,115,0.4260869565217391,-0.042296072507552816,0.11739116354040763,10
ens_entropy_epistemic,7.617240171953199e-13,0.06318082788671024,116,0.43103448275862066,-0.0413492927094668,0.12068956066140134,10
ens_entropy_epistemic,7.953637748414621e-13,0.06372549019607843,117,0.42735042735042733,-0.04145077720207256,0.11538452204069698,10
ens_entropy_epistemic,8.462119893692943e-13,0.06427015250544663,118,0.423728813559322,-0.04153686396677054,0.09322024964990253,10
ens_entropy_epistemic,8.786305016883489e-13,0.06481481481481481,119,0.42016806722689076,-0.041608524673347684,0.09663856085749377,10
ens_entropy_epistemic,9.489076191471213e-13,0.06535947712418301,120,0.425,-0.04072398190045243,0.10833322368932323,10
ens_entropy_epistemic,1.0070833056374795e-12,0.0659041394335512,121,0.4297520661157025,-0.03985552372649153,0.11157014087543897,10
ens_entropy_epistemic,1.0185186027911186e-12,0.0664488017429194,122,0.4344262295081967,-0.039002715378918765,0.10655726320246303,10
ens_entropy_epistemic,1.18760556944153e-12,0.06699346405228758,123,0.43089430894308944,-0.03910209992758863,0.1097559799263125,10
ens_entropy_epistemic,1.1933787291695808e-12,0.06753812636165578,124,0.4274193548387097,-0.039187913125590244,0.11290310868990627,10
ens_entropy_epistemic,1.205036070928145e-12,0.06808278867102396,125,0.424,-0.03926096997690531,0.1079998813799398,10
ens_entropy_epistemic,1.3169465518103607e-12,0.06862745098039216,126,0.42857142857142855,-0.038461538461538464,0.10317448164729619,10
ens_entropy_epistemic,1.322830733840874e-12,0.06917211328976035,127,0.4251968503937008,-0.03853478212165327,0.11417310173639185,10
ens_entropy_epistemic,1.362021606610142e-12,0.06971677559912855,128,0.4296875,-0.037760995113282986,0.11718736677096928,10
ens_entropy_epistemic,1.4312995233467518e-12,0.07026143790849673,129,0.4263565891472868,-0.037834311806914586,0.12015490894094895,10
ens_entropy_epistemic,1.5044632206695496e-12,0.07080610021786492,130,0.4307692307692308,-0.03708495040965935,0.11538448918444816,10
ens_entropy_epistemic,1.5164536293355013e-12,0.07135076252723312,131,0.4351145038167939,-0.036348086380158205,0.133587650594335,10
ens_entropy_epistemic,1.5789591856218976e-12,0.0718954248366013,132,0.4318181818181818,-0.03643216080402011,0.13636348835286738,10
ens_entropy_epistemic,1.5974999101331377e-12,0.0724400871459695,133,0.43609022556390975,-0.0357179939777801,0.13157879979906503,10
ens_entropy_epistemic,1.7178480860025047e-12,0.07298474945533769,134,0.44029850746268656,-0.03501544799176105,0.141790895705774,10
ens_entropy_epistemic,1.7179591083049672e-12,0.07352941176470588,135,0.4444444444444444,-0.03432424149555632,0.1444442943545429,10
ens_entropy_epistemic,1.7426137812124424e-12,0.07407407407407407,136,0.4485294117647059,-0.033644102148358355,0.14338220116177544,10
ens_entropy_epistemic,1.7499335314141717e-12,0.07461873638344227,137,0.45255474452554745,-0.03297476626118435,0.13868598541893876,10
ens_entropy_epistemic,1.8033352588986418e-12,0.07516339869281045,138,0.4492753623188406,-0.03309692671394803,0.1485505773687951,10
ens_entropy_epistemic,1.882383138251953e-12,0.07570806100217865,139,0.45323741007194246,-0.03244722439405785,0.14388474739737014,10
ens_entropy_epistemic,1.984105054542235e-12,0.07625272331154684,140,0.45714285714285713,-0.03180760279286275,0.13571414975418786,10
ens_entropy_epistemic,2.126521181367025e-12,0.07679738562091504,141,0.45390070921985815,-0.03193612774451106,0.14538992354295682,10
ens_entropy_epistemic,2.539746191132508e-12,0.07734204793028322,142,0.4507042253521127,-0.03205367126351094,0.1478871705115603,10
ens_entropy_epistemic,2.733036019719748e-12,0.07788671023965142,143,0.44755244755244755,-0.032160804020100506,0.15034949748884663,10
ens_entropy_epistemic,2.8953506259199457e-12,0.0784313725490196,144,0.4444444444444444,-0.032258064516129024,0.15277762101172573,10
ens_entropy_epistemic,2.9382052346704768e-12,0.0789760348583878,145,0.4482758620689655,-0.03166133048737098,0.15517226001411857,10
ens_entropy_epistemic,2.9628521858171553e-12,0.07952069716775599,146,0.4520547945205479,-0.03107344632768354,0.150684778983243,10
ens_entropy_epistemic,3.0266900097331018e-12,0.08006535947712418,147,0.4489795918367347,-0.03117692907248637,0.1394555458436844,10
ens_entropy_epistemic,3.1407099143621053e-12,0.08061002178649238,148,0.4527027027027027,-0.03060522696011002,0.1418916566389766,10
ens_entropy_epistemic,3.268940673706311e-12,0.08115468409586056,149,0.4563758389261745,-0.030041819578390246,0.1510064670132145,10
ens_entropy_epistemic,3.5306202406104603e-12,0.08169934640522876,150,0.46,-0.029486527707168204,0.15999975330696586,10
ens_entropy_epistemic,3.5392799802025365e-12,0.08224400871459694,151,0.45695364238410596,-0.029602527856311362,0.14238385143962756,10
ens_entropy_epistemic,3.895772593409674e-12,0.08278867102396514,152,0.45394736842105265,-0.029709435194253953,0.1578944756592092,10
ens_entropy_epistemic,4.243050355512423e-12,0.08333333333333333,153,0.45098039215686275,-0.0298076923076923,0.14705856038119855,10
ens_entropy_epistemic,4.422594084993849e-12,0.08387799564270153,154,0.45454545454545453,-0.018743109151047512,0.15259714547272768,10
ens_entropy_epistemic,4.502620498669785e-12,0.08442265795206971,155,0.45161290322580644,-0.019026993580323254,0.14838683767976626,10
ens_entropy_epistemic,4.553912802407467e-12,0.08496732026143791,156,0.44871794871794873,-0.01929797903054245,0.13140998833402615,10
ens_entropy_epistemic,4.832911848495769e-12,0.0855119825708061,157,0.45222929936305734,-0.018711332427946273,0.12101883255919905,10
ens_entropy_epistemic,4.891087534986127e-12,0.0860566448801743,158,0.44936708860759494,-0.018977020014825777,0.11708833334099163,10
ens_entropy_epistemic,4.974798351042864e-12,0.08660130718954248,159,0.44654088050314467,-0.01923076923076926,0.11949657570408591,10
ens_entropy_epistemic,5.203948383325496e-12,0.08714596949891068,160,0.44375,-0.019473081328751526,0.12187470550472775,10
ens_entropy_epistemic,5.378968470906592e-12,0.08769063180827887,161,0.4472049689440994,-0.018914883026381335,0.12111771976432036,10
ens_entropy_epistemic,5.521916257578141e-12,0.08823529411764706,162,0.4444444444444444,-0.019152803019712106,0.129629544083146,10
ens_entropy_epistemic,5.682676551543864e-12,0.08877995642701525,163,0.44785276073619634,-0.018608526593528574,0.11963159586442197,10
ens_entropy_epistemic,5.916052290035359e-12,0.08932461873638345,164,0.45121951219512196,-0.018071458132156097,0.11280478988202074,10
ens_entropy_epistemic,6.157518939176043e-12,0.08986928104575163,165,0.45454545454545453,-0.017541455392627085,0.12727242136429134,10
ens_entropy_epistemic,6.349476500133733e-12,0.09041394335511982,166,0.4578313253012048,-0.017018379850238314,0.12951775974611598,10
ens_entropy_epistemic,7.508882404749784e-12,0.09095860566448802,167,0.46107784431137727,-0.016502096577843992,0.13772422129563994,10
ens_entropy_epistemic,7.78765940623316e-12,0.0915032679738562,168,0.4583333333333333,-0.016759776536312894,0.14583300111316921,10
ens_entropy_epistemic,8.548606267311243e-12,0.0920479302832244,169,0.4556213017751479,-0.017006802721088572,0.1360943307569062,10
ens_entropy_epistemic,8.628399970999985e-12,0.09259259259259259,170,0.4588235294117647,-0.016508514233719053,0.14117613268126114,10
ens_entropy_epistemic,8.869571743730376e-12,0.09313725490196079,171,0.45614035087719296,-0.016750847132536238,0.13742678278960407,10
ens_entropy_epistemic,9.067524509021041e-12,0.09368191721132897,172,0.45348837209302323,-0.016983268335639762,0.1453487448889018,10
ens_entropy_epistemic,9.204499084058892e-12,0.09422657952069717,173,0.45664739884393063,-0.007434023045471535,0.15606926282776884,10
ens_entropy_epistemic,9.731644087567169e-12,0.09477124183006536,174,0.45977011494252873,-0.006894853484363393,0.1494251621018958,10
ens_entropy_epistemic,9.843810994035612e-12,0.09531590413943355,175,0.46285714285714286,-0.006362412822709005,0.14857129385022722,10
ens_entropy_epistemic,1.0123901716951877e-11,0.09586056644880174,176,0.4602272727272727,-0.006743737957610793,0.1505680427195583,10
ens_entropy_epistemic,1.0542788864142949e-11,0.09640522875816994,177,0.4576271186440678,-0.007112375533428136,0.16384166593965593,10
ens_entropy_epistemic,1.0587197785127955e-11,0.09694989106753812,178,0.4550561797752809,-0.00746878282179944,0.1601122117731985,10
ens_entropy_epistemic,1.0654366278117777e-11,0.09749455337690632,179,0.4581005586592179,-0.0069593458214927744,0.14525124983276672,10
ens_entropy_epistemic,1.0981993092684661e-11,0.09803921568627451,180,0.45555555555555555,-0.0073092736409319575,0.1361109589093411,10
ens_entropy_epistemic,1.1052825321655746e-11,0.09858387799564271,181,0.4585635359116022,-0.006811215802020738,0.12154682664396228,10
ens_entropy_epistemic,1.1262846869268102e-11,0.09912854030501089,182,0.46153846153846156,0.002125993062549086,0.13186797003136055,10
ens_entropy_epistemic,1.1608269900875712e-11,0.09967320261437909,183,0.45901639344262296,0.0016531658125310286,0.11748618231267788,10
ens_entropy_epistemic,1.1760961746281779e-11,0.10021786492374728,184,0.46195652173913043,0.0021910604732691343,0.11141281234167763,10
ens_entropy_epistemic,1.1998957383241304e-11,0.10076252723311546,185,0.4648648648648649,0.0027225701061801394,0.10270244711924838,10
ens_entropy_epistemic,1.228675230215445e-11,0.10130718954248366,186,0.46774193548387094,0.011381939224739549,0.09677394031754456,10
ens_entropy_epistemic,1.310784814023691e-11,0.10185185185185185,187,0.47058823529411764,0.011954955435768702,0.11497299442547279,10
ens_entropy_epistemic,1.3211653993039363e-11,0.10239651416122005,188,0.46808510638297873,0.011358855700462772,0.1170210038861791,10
ens_entropy_epistemic,1.3330980448703934e-11,0.10294117647058823,189,0.4708994708994709,0.011919698870765409,0.12169311624051672,10
ens_entropy_epistemic,1.379318881333802e-11,0.10348583877995643,190,0.47368421052631576,0.01247401247401248,0.10789446105426465,10
ens_entropy_epistemic,1.434688331953475e-11,0.10403050108932461,191,0.47643979057591623,0.020914496616772672,0.10732956858446024,10
ens_entropy_epistemic,1.4579956986530977e-11,0.10457516339869281,192,0.4791666666666667,0.029126213592233014,0.11718720455115207,10
ens_entropy_epistemic,1.467225312612668e-11,0.105119825708061,193,0.48186528497409326,0.029760707822240107,0.11657999632702667,10
ens_entropy_epistemic,1.583122521964242e-11,0.1056644880174292,194,0.4845360824742268,0.03038784486205515,0.11340173973351417,10
ens_entropy_epistemic,1.6020434047751423e-11,0.10620915032679738,195,0.48717948717948717,0.031007751937984367,0.12307657760945714,10
ens_entropy_epistemic,1.669499378372923e-11,0.10675381263616558,196,0.4897959183673469,0.0316205533596837,0.11224488953259386,10
ens_entropy_epistemic,1.6721658350981402e-11,0.10729847494553377,197,0.49238578680203043,0.039773835055566295,0.12690314483701787,10
ens_entropy_epistemic,1.6936896329866613e-11,0.10784313725490197,198,0.4898989898989899,0.03883495145631063,0.11868644972097657,10
ens_entropy_epistemic,1.7373769090056612e-11,0.10838779956427015,199,0.49246231155778897,0.039474313022700054,0.10552722078859328,10
ens_entropy_epistemic,1.803346361128888e-11,0.10893246187363835,200,0.49,0.038552172683570494,0.10749996919444856,10
ens_entropy_epistemic,1.8139024983205546e-11,0.10947712418300654,201,0.4925373134328358,0.046329891152665253,0.10696514342525537,10
ens_entropy_epistemic,1.9083589586615214e-11,0.11002178649237472,202,0.49504950495049505,0.04699352451433851,0.11633659290057373,10
ens_entropy_epistemic,1.923516901314315e-11,0.11056644880174292,203,0.49261083743842365,0.04599169594378797,0.1083743219098439,10
ens_entropy_epistemic,2.012125353961763e-11,0.1111111111111111,204,0.4950980392156863,0.04664246823956439,0.11764698811921924,10
ens_entropy_epistemic,2.0536629841571436e-11,0.1116557734204793,205,0.4975609756097561,0.04728601723593372,0.11707308828809587,10
ens_entropy_epistemic,2.1096621956170994e-11,0.11220043572984749,206,0.5,0.047922462532531636,0.12135914507724403,10
ens_entropy_epistemic,2.2053052398045897e-11,0.11274509803921569,207,0.5024154589371981,0.05554817275747504,0.1256037741949714,10
ens_entropy_epistemic,2.2519763831496675e-11,0.11328976034858387,208,0.5,0.05446280269254307,0.12740374381610195,10
ens_entropy_epistemic,2.3735567154023557e-11,0.11383442265795207,209,0.5023923444976076,0.05512084854807851,0.12679414681024986,10
ens_entropy_epistemic,2.4018009803228324e-11,0.11437908496732026,210,0.5,0.05405405405405407,0.12857131912845993,10
ens_entropy_epistemic,2.4189761305137836e-11,0.11492374727668846,211,0.4976303317535545,0.05301041578457103,0.12085297245611812,10
ens_entropy_epistemic,2.4486864671372908e-11,0.11546840958605664,212,0.5,0.053651141244841244,0.12971686130245016,10
ens_entropy_epistemic,2.5868996884574073e-11,0.11601307189542484,213,0.5023474178403756,0.060893436486149304,0.11971818080328249,10
ens_entropy_epistemic,2.6660784691046047e-11,0.11655773420479303,214,0.5046728971962616,0.06155882839649173,0.107476498085931,10
ens_entropy_epistemic,2.6789126472692715e-11,0.11710239651416122,215,0.5069767441860465,0.06221710147312984,0.10465103598608388,10
ens_entropy_epistemic,2.7474467145793824e-11,0.11764705882352941,216,0.5092592592592593,0.06286836935167008,0.09722213001071756,10
ens_entropy_epistemic,2.843204726881661e-11,0.11819172113289761,217,0.511520737327189,0.07002506670979215,0.09677368094374698,10
ens_entropy_epistemic,2.911019145833962e-11,0.1187363834422658,218,0.5137614678899083,0.07069894635244918,0.09174299842285455,10
ens_entropy_epistemic,2.9192537276401254e-11,0.119281045751634,219,0.5159817351598174,0.07136570925674067,0.08904058101406426,10
ens_entropy_epistemic,3.214628563341648e-11,0.11982570806100218,220,0.5181818181818182,0.07202546756864302,0.08636310174403367,10
ens_entropy_epistemic,3.359259254467872e-11,0.12037037037037036,221,0.5203619909502263,0.07267833109017492,0.08597231848969987,10
ens_entropy_epistemic,3.3961482823129516e-11,0.12091503267973856,222,0.5225225225225225,0.07977475363679015,0.09008948737567246,10
ens_entropy_epistemic,3.656524165714252e-11,0.12145969498910675,223,0.5246636771300448,0.08670118228884942,0.08520119578609321,10
ens_entropy_epistemic,4.065725534019293e-11,0.12200435729847495,224,0.5223214285714286,0.0853304838955886,0.0915172444519625,10
ens_entropy_epistemic,4.147274500277146e-11,0.12254901960784313,225,0.5244444444444445,0.08602558748718733,0.08222161505485746,10
ens_entropy_epistemic,4.223056250401404e-11,0.12309368191721133,226,0.5265486725663717,0.0927440534253771,0.08185808548919175,10
ens_entropy_epistemic,4.239825367308893e-11,0.12363834422657952,227,0.5286343612334802,0.09345724629567423,0.08149748650704329,10
ens_entropy_epistemic,4.2544623747461574e-11,0.12418300653594772,228,0.5307017543859649,0.09416307738006836,0.0855260295613418,10
ens_entropy_epistemic,4.299688504701285e-11,0.1247276688453159,229,0.5327510917030568,0.09486166007905149,0.08515256429898242,10
ens_entropy_epistemic,4.4546350336134655e-11,0.12527233115468409,230,0.5347826086956522,0.09555310547592802,0.08913017584024004,10
ens_entropy_epistemic,4.4791965202640404e-11,0.12581699346405228,231,0.5367965367965368,0.09623752239570005,0.0887443309307542,10
ens_entropy_epistemic,4.8693329634578397e-11,0.12636165577342048,232,0.5387931034482759,0.09691501746216538,0.08836148407451663,10
ens_entropy_epistemic,4.9217097135590034e-11,0.12690631808278868,233,0.5407725321888412,0.10362060906770228,0.09227409835951564,10
ens_entropy_epistemic,4.956479671136549e-11,0.12745098039215685,234,0.5384615384615384,0.10211042421658496,0.08974299702103178,10
ens_entropy_epistemic,5.1331716655056425e-11,0.12799564270152505,235,0.5404255319148936,0.10279977375565619,0.09148912792035538,10
ens_entropy_epistemic,5.360049643855904e-11,0.12854030501089325,236,0.5423728813559322,0.10930947721554372,0.09533874010706213,10
ens_entropy_epistemic,5.687497238650917e-11,0.12908496732026145,237,0.5443037974683544,0.11001390820584137,0.09071669601181409,10
ens_entropy_epistemic,5.7415318785106425e-11,0.12962962962962962,238,0.5462184873949579,0.11639738741835672,0.0903359551761594,10
ens_entropy_epistemic,5.853750817408354e-11,0.13017429193899782,239,0.5481171548117155,0.11711588452592697,0.09205003622107226,10
ens_entropy_epistemic,6.034934217264123e-11,0.13071895424836602,240,0.55,0.11782724116806213,0.09583319555290123,10
ens_entropy_epistemic,6.212436654510772e-11,0.1312636165577342,241,0.5518672199170125,0.12410822452550825,0.09543554746916319,10
ens_entropy_epistemic,6.4035040415159e-11,0.1318082788671024,242,0.5537190082644629,0.12483257433699455,0.09090898782949404,10
ens_entropy_epistemic,6.552616995570156e-11,0.1323529411764706,243,0.5555555555555556,0.13099337748344367,0.08641915848895655,10
ens_entropy_epistemic,6.669655680496832e-11,0.1328976034858388,244,0.5573770491803278,0.13701860099554616,0.08606498161681402,10
ens_entropy_epistemic,7.027695195929448e-11,0.13344226579520696,245,0.5591836734693878,0.1377737226277374,0.09387696475309033,10
ens_entropy_epistemic,7.091083497804933e-11,0.13398692810457516,246,0.5609756097560976,0.1385214007782103,0.0934958566897413,10
ens_entropy_epistemic,7.129120580904588e-11,0.13453159041394336,247,0.562753036437247,0.13926174496644292,0.09311682805132902,10
ens_entropy_epistemic,7.253675039924745e-11,0.13507625272331156,248,0.5645161290322581,0.1452096763898641,0.09274136060534137,10
ens_entropy_epistemic,7.337663809892092e-11,0.13562091503267973,249,0.5622489959839357,0.14335763658744444,0.09036085358958804,10
ens_entropy_epistemic,7.357492393111897e-11,0.13616557734204793,250,0.564,0.14410452917896838,0.08799939153463335,10
ens_entropy_epistemic,7.391140751559041e-11,0.13671023965141613,251,0.5657370517928287,0.14989280054687273,0.08764879635673671,10
ens_entropy_epistemic,7.448830956042085e-11,0.13725490196078433,252,0.5674603174603174,0.15064935064935067,0.0912692389024878,10
ens_entropy_epistemic,7.616277982769771e-11,0.1377995642701525,253,0.5691699604743083,0.15139859063913602,0.08695592521878547,10
ens_entropy_epistemic,7.620563673924627e-11,0.1383442265795207,254,0.5708661417322834,0.15214062595700364,0.08661357906408437,10
ens_entropy_epistemic,7.974679200420427e-11,0.1388888888888889,255,0.5725490196078431,0.15785487047417057,0.08627392184083592,10
ens_entropy_epistemic,7.977829508121204e-11,0.1394335511982571,256,0.5703125,0.15592590372279838,0.08398376938998657,10
ens_entropy_epistemic,8.025296085773331e-11,0.13997821350762527,257,0.5719844357976653,0.1614759447113958,0.09143908654661902,10
ens_entropy_epistemic,8.051920775127605e-11,0.14052287581699346,258,0.5736434108527132,0.16691128984911646,0.08333273749032638,10
ens_entropy_epistemic,8.173458999105679e-11,0.14106753812636166,259,0.5752895752895753,0.1722354581904817,0.08301098947410047,10
ens_entropy_epistemic,8.343470359051253e-11,0.14161220043572983,260,0.573076923076923,0.1702127659574467,0.07692246326128767,10
ens_entropy_epistemic,8.40955718377493e-11,0.14215686274509803,261,0.5747126436781609,0.17100180272984802,0.07662774118767342,10
ens_entropy_epistemic,8.45668179222821e-11,0.14270152505446623,262,0.5763358778625954,0.17178333428262232,0.07251847761407225,10
ens_entropy_epistemic,8.488716449711119e-11,0.14324618736383443,263,0.5779467680608364,0.17255746719197293,0.0722426781905804,10
ens_entropy_epistemic,8.530839526977376e-11,0.1437908496732026,264,0.5795454545454546,0.17332430602572785,0.07575691187339315,10
ens_entropy_epistemic,8.575593758554999e-11,0.1443355119825708,265,0.5811320754716981,0.17855846295624006,0.07924462196344893,10
ens_entropy_epistemic,8.612454593080483e-11,0.144880174291939,266,0.5827067669172933,0.17933181388626404,0.07518731274887748,10
ens_entropy_epistemic,8.612475998153631e-11,0.1454248366013072,267,0.5842696629213483,0.18447483558515168,0.07116039208827936,10
ens_entropy_epistemic,8.823974861970028e-11,0.14596949891067537,268,0.585820895522388,0.18951612903225806,0.06716381230206117,10
ens_entropy_epistemic,8.863217619765972e-11,0.14651416122004357,269,0.587360594795539,0.1944586829255133,0.06691382495190695,10
ens_entropy_epistemic,9.019541800912043e-11,0.14705882352941177,270,0.5888888888888889,0.1952634122764621,0.06296229375679256,10
ens_entropy_epistemic,9.173877451943697e-11,0.14760348583877997,271,0.5904059040590406,0.20012231765362834,0.06272996057384432,10
ens_entropy_epistemic,9.20096330827857e-11,0.14814814814814814,272,0.5919117647058824,0.20488781207205303,0.0661758077884973,10
ens_entropy_epistemic,9.211398202573094e-11,0.14869281045751634,273,0.5934065934065934,0.20956256358087488,0.06593340556499787,10
ens_entropy_epistemic,9.225717898663892e-11,0.14923747276688454,274,0.5948905109489051,0.2103951399345759,0.06934264530751602,10
ens_entropy_epistemic,9.330166305583889e-11,0.14978213507625274,275,0.5963636363636363,0.2149929278642149,0.06909049021581008,10
ens_entropy_epistemic,9.628755946128309e-11,0.1503267973856209,276,0.5978260869565217,0.21582881130336848,0.06521674143548199,10
ens_entropy_epistemic,9.675313883083235e-11,0.1508714596949891,277,0.5992779783393501,0.2166569004611347,0.06498174185957786,10
ens_entropy_epistemic,9.91799815403174e-11,0.1514161220043573,278,0.6007194244604317,0.21747730384947012,0.06474798766223293,10
ens_entropy_epistemic,1.0039998648088038e-10,0.15196078431372548,279,0.6021505376344086,0.21829012797536415,0.060931722833570595,10
ens_entropy_epistemic,1.0180412068905298e-10,0.15250544662309368,280,0.6,0.21599999999999997,0.062499797725273955,10
ens_entropy_epistemic,1.0195610552983218e-10,0.15305010893246188,281,0.6014234875444839,0.22052704576976412,0.06227737858251082,10
ens_entropy_epistemic,1.028768181754458e-10,0.15359477124183007,282,0.599290780141844,0.2182424807418676,0.06382956727706054,10
ens_entropy_epistemic,1.05957229071303e-10,0.15413943355119825,283,0.6007067137809188,0.21905296832645496,0.06360365508271391,10
ens_entropy_epistemic,1.1120874278237899e-10,0.15468409586056645,284,0.602112676056338,0.21985608712563207,0.07042190964368157,10
ens_entropy_epistemic,1.1120941534251032e-10,0.15522875816993464,285,0.6035087719298246,0.22429366283691018,0.07017481520891093,10
ens_entropy_epistemic,1.1170813173290075e-10,0.15577342047930284,286,0.6048951048951049,0.22865053224497592,0.06992940355697252,10
ens_entropy_epistemic,1.1474303818511099e-10,0.15631808278867101,287,0.6062717770034843,0.23292887722036948,0.06968630060577401,10
ens_entropy_epistemic,1.1580303469176886e-10,0.1568627450980392,288,0.6076388888888888,0.23375400263703133,0.0763887720086411,10
ens_entropy_epistemic,1.1744741948408117e-10,0.1574074074074074,289,0.6089965397923875,0.23457166295558415,0.07612445087451068,10
ens_entropy_epistemic,1.1932010934856407e-10,0.1579520697167756,290,0.6103448275862069,0.2353819590274861,0.07758553063694162,10
ens_entropy_epistemic,1.2221191743021e-10,0.15849673202614378,291,0.6116838487972509,0.23618498989570522,0.07731891369557939,10
ens_entropy_epistemic,1.2225881457631452e-10,0.15904139433551198,292,0.613013698630137,0.23698085283507547,0.0736300300396997,10
ens_entropy_epistemic,1.2586246182616872e-10,0.15958605664488018,293,0.6143344709897611,0.23776964339157872,0.076791692342739,10
ens_entropy_epistemic,1.2752211485057313e-10,0.16013071895424835,294,0.6156462585034014,0.2420260095824778,0.07993185885031827,10
ens_entropy_epistemic,1.285884732027398e-10,0.16067538126361655,295,0.6135593220338983,0.23965634184942342,0.07796597945558757,10
ens_entropy_epistemic,1.3179176483123233e-10,0.16122004357298475,296,0.6148648648648649,0.2438149874506992,0.0810809614355104,10
ens_entropy_epistemic,1.3264052851331092e-10,0.16176470588235295,297,0.6161616161616161,0.24461202088260225,0.07744094843375789,10
ens_entropy_epistemic,1.3282717786589397e-10,0.16230936819172112,298,0.6174496644295302,0.248706267415631,0.08053625483709331,10
ens_entropy_epistemic,1.3352592338856407e-10,0.16285403050108932,299,0.6187290969899666,0.25272942517648095,0.08026690284697316,10
ens_entropy_epistemic,1.3840347875931102e-10,0.16339869281045752,300,0.62,0.25353588266107907,0.07666601546073525,10
ens_entropy_epistemic,1.4094848776460861e-10,0.16394335511982572,301,0.6212624584717608,0.25433526011560686,0.07641131109716358,10
ens_entropy_epistemic,1.448659946115694e-10,0.1644880174291939,302,0.6225165562913907,0.25512765036780605,0.07284703756803777,10
ens_entropy_epistemic,1.4871754076915604e-10,0.1650326797385621,303,0.6237623762376238,0.2591051434944875,0.07260661831123259,10
ens_entropy_epistemic,1.4930010062270976e-10,0.1655773420479303,304,0.625,0.2598983470721394,0.07565725684220084,10
ens_entropy_epistemic,1.5026359504431066e-10,0.1661220043572985,305,0.6262295081967213,0.26068466935998297,0.0754092003107586,10
ens_entropy_epistemic,1.5183307860945185e-10,0.16666666666666666,306,0.6274509803921569,0.26460915760182135,0.07189479366404282,10
ens_entropy_epistemic,1.5223028551818433e-10,0.16721132897603486,307,0.6286644951140065,0.2684670373312152,0.07166060869158984,10
ens_entropy_epistemic,1.5323443985120285e-10,0.16775599128540306,308,0.6298701298701299,0.27225999005140117,0.07467470020424656,10
ens_entropy_epistemic,1.5330181568629087e-10,0.16830065359477125,309,0.627831715210356,0.2697737500770605,0.07281489487592323,10
ens_entropy_epistemic,1.534649074486083e-10,0.16884531590413943,310,0.6258064516129033,0.2673186634066831,0.07419290610358338,10
ens_entropy_epistemic,1.5437585641254643e-10,0.16938997821350762,311,0.6270096463022508,0.2710151956029743,0.07395434371183013,10
ens_entropy_epistemic,1.551484496431499e-10,0.16993464052287582,312,0.6282051282051282,0.2718200474829986,0.07211472204697186,10
ens_entropy_epistemic,1.563049179972311e-10,0.170479302832244,313,0.6293929712460063,0.27261799823703814,0.07188432357890957,10
ens_entropy_epistemic,1.5914531283924928e-10,0.1710239651416122,314,0.6305732484076433,0.27626768399300583,0.0684706820023623,10
ens_entropy_epistemic,1.6297389309207192e-10,0.1715686274509804,315,0.6317460317460317,0.277065527065527,0.06825331476397861,10
ens_entropy_epistemic,1.6486423634578825e-10,0.1721132897603486,316,0.629746835443038,0.27460367289279547,0.0743664391977399,10
ens_entropy_epistemic,1.65047094036665e-10,0.17265795206971676,317,0.6309148264984227,0.27818539205573817,0.07413184478599932,10
ens_entropy_epistemic,1.6657340605158432e-10,0.17320261437908496,318,0.6320754716981132,0.28170971852195065,0.07075407457235806,10
ens_entropy_epistemic,1.6677838709723937e-10,0.17374727668845316,319,0.6300940438871473,0.27622673434856165,0.0736670712313756,10
ens_entropy_epistemic,1.675503636302259e-10,0.17429193899782136,320,0.63125,0.2770438445337927,0.07031186509045154,10
ens_entropy_epistemic,1.7063122353066485e-10,0.17483660130718953,321,0.632398753894081,0.2805424707491262,0.07009282502393391,10
ens_entropy_epistemic,1.714071390342472e-10,0.17538126361655773,322,0.6335403726708074,0.28398597972336315,0.0667695589090746,10
ens_entropy_epistemic,1.7149291137855287e-10,0.17592592592592593,323,0.6346749226006192,0.28737566374990653,0.0665628420317867,10
ens_entropy_epistemic,1.7222842268054777e-10,0.17647058823529413,324,0.6358024691358025,0.29071277503617676,0.06327098509632352,10
ens_entropy_epistemic,1.7326687836266745e-10,0.1770152505446623,325,0.6369230769230769,0.2915465898174832,0.06307630513499231,10
ens_entropy_epistemic,1.7371959426526473e-10,0.1775599128540305,326,0.6349693251533742,0.2890444599200967,0.06441653254019705,10
ens_entropy_epistemic,1.7664008010581818e-10,0.1781045751633987,327,0.636085626911315,0.2898698833877768,0.06421954011435865,10
ens_entropy_epistemic,1.8157627988262688e-10,0.1786492374727669,328,0.6371951219512195,0.29068837682634296,0.060974972663606644,10
ens_entropy_epistemic,1.8255303600422283e-10,0.17919389978213507,329,0.6382978723404256,0.29150002714489953,0.060789638429487085,10
ens_entropy_epistemic,1.8271434623313511e-10,0.17973856209150327,330,0.6393939393939394,0.2923049198053703,0.06060563173554519,10
ens_entropy_epistemic,1.8376668989886767e-10,0.18028322440087147,331,0.6374622356495468,0.287047673750718,0.06344368118647706,10
ens_entropy_epistemic,1.846062439931458e-10,0.18082788671023964,332,0.6385542168674698,0.2903708453564176,0.060240272946009955,10
ens_entropy_epistemic,1.867956095156687e-10,0.18137254901960784,333,0.6396396396396397,0.2936434985505197,0.06005978578819989,10
ens_entropy_epistemic,1.8836029741580386e-10,0.18191721132897604,334,0.6407185628742516,0.29686677660432975,0.05988017064367283,10
ens_entropy_epistemic,1.950692055831366e-10,0.18246187363834424,335,0.6417910447761194,0.3000417885499373,0.05970142385186105,10
ens_entropy_epistemic,1.977978229121399e-10,0.1830065359477124,336,0.6428571428571429,0.30316961045245583,0.059523306415614756,10
ens_entropy_epistemic,2.0088492571254636e-10,0.1835511982570806,337,0.6439169139465876,0.30625128662595213,0.059347107209873504,10
ens_entropy_epistemic,2.0189461213959703e-10,0.1840958605664488,338,0.6449704142011834,0.30709307093070926,0.060650849431467944,10
ens_entropy_epistemic,2.105242646877059e-10,0.184640522875817,339,0.6460176991150443,0.3079278666212998,0.0589967642423955,10
ens_entropy_epistemic,2.1181107282944607e-10,0.18518518518518517,340,0.6470588235294118,0.3109737562063026,0.0588234676258064,10
ens_entropy_epistemic,2.138497387778875e-10,0.18572984749455337,341,0.6480938416422287,0.31180625630676084,0.05865096479474463,10
ens_entropy_epistemic,2.1568518345869623e-10,0.18627450980392157,342,0.6491228070175439,0.31481234139174574,0.06432691380884349,10
ens_entropy_epistemic,2.1630747353228554e-10,0.18681917211328977,343,0.6501457725947521,0.31777497845256253,0.06705478434493148,10
ens_entropy_epistemic,2.169742451336175e-10,0.18736383442265794,344,0.6511627906976745,0.31860948796672284,0.06976683543996584,10
ens_entropy_epistemic,2.1732926569484334e-10,0.18790849673202614,345,0.6492753623188405,0.3160481690833128,0.06811531548472866,10
ens_entropy_epistemic,2.1737857804376729e-10,0.18845315904139434,346,0.6502890173410405,0.3168749796038248,0.06791845041599272,10
ens_entropy_epistemic,2.175762561819182e-10,0.18899782135076254,347,0.6512968299711815,0.31979522737213856,0.06772268125675017,10
ens_entropy_epistemic,2.2023761423239778e-10,0.1895424836601307,348,0.6522988505747126,0.32267404452451415,0.07040155706476729,10
ens_entropy_epistemic,2.221481825516618e-10,0.1900871459694989,349,0.6532951289398281,0.32350255514794235,0.0673345049376722,10
ens_entropy_epistemic,2.228216214945967e-10,0.1906318082788671,350,0.6542857142857142,0.3263449241243278,0.06714212080298365,10
ens_entropy_epistemic,2.2504934360080377e-10,0.19117647058823528,351,0.6552706552706553,0.3271707618459198,0.06695083271458174,10
ens_entropy_epistemic,2.265057091838643e-10,0.19172113289760348,352,0.65625,0.327989902177343,0.0639197235964185,10
ens_entropy_epistemic,2.2694946623427044e-10,0.19226579520697168,353,0.6572237960339944,0.32880242626145173,0.06373864798165345,10
ens_entropy_epistemic,2.338844007018563e-10,0.19281045751633988,354,0.6581920903954802,0.3316168898043254,0.06073434750875163,10
ens_entropy_epistemic,2.366749018989367e-10,0.19335511982570805,355,0.6591549295774648,0.3324267619861683,0.061971078398520466,10
ens_entropy_epistemic,2.440737031340524e-10,0.19389978213507625,356,0.6601123595505618,0.3332301405485729,0.06179765949324283,10
ens_entropy_epistemic,2.470047426701139e-10,0.19444444444444445,357,0.6610644257703081,0.33402710327921925,0.06442567837220753,10
ens_entropy_epistemic,2.478069971445507e-10,0.19498910675381265,358,0.659217877094972,0.331455686514618,0.06284909103189014,10
ens_entropy_epistemic,2.5126539344143245e-10,0.19553376906318082,359,0.6601671309192201,0.3342352476210744,0.06545954049052544,10
ens_entropy_epistemic,2.5150884885786307e-10,0.19607843137254902,360,0.6611111111111111,0.3369765405633887,0.06805547837080998,10
ens_entropy_epistemic,2.5310392682652015e-10,0.19662309368191722,361,0.6620498614958449,0.33777403542537504,0.06786695904563488,10
ens_entropy_epistemic,2.5429436334434286e-10,0.19716775599128541,362,0.6602209944751382,0.3352145480605572,0.06906072583286214,10
ens_entropy_epistemic,2.560971018081989e-10,0.1977124183006536,363,0.6611570247933884,0.33600523474562416,0.06887047589302835,10
ens_entropy_epistemic,2.592606447479726e-10,0.19825708061002179,364,0.6620879120879121,0.33870967741935487,0.06318675898873141,10
ens_entropy_epistemic,2.615717642484583e-10,0.19880174291938998,365,0.663013698630137,0.33949772697179686,0.06712317800260616,10
ens_entropy_epistemic,2.624885259105041e-10,0.19934640522875818,366,0.6639344262295082,0.3402796096016881,0.06420753301748082,10
ens_entropy_epistemic,2.6413435825215287e-10,0.19989106753812635,367,0.6648501362397821,0.34295445613728665,0.06130778624042557,10
ens_entropy_epistemic,2.6462989731741576e-10,0.20043572984749455,368,0.6657608695652174,0.34373368903323104,0.058423789545140596,10
ens_entropy_epistemic,2.65904306834257e-10,0.20098039215686275,369,0.6666666666666666,0.3445068673184962,0.06097548792365217,10
ens_entropy_epistemic,2.663813026712388e-10,0.20152505446623092,370,0.6675675675675675,0.34527406128614574,0.058107978389918234,10
ens_entropy_epistemic,2.666441174697492e-10,0.20206971677559912,371,0.6684636118598383,0.34603534014531595,0.05795135246919003,10
ens_entropy_epistemic,2.6670125071608023e-10,0.20261437908496732,372,0.6693548387096774,0.34679077204202824,0.060483038511975146,10
ens_entropy_epistemic,2.7174961952411305e-10,0.20315904139433552,373,0.6702412868632708,0.34944627993704186,0.06032088564767366,10
ens_entropy_epistemic,2.7308996076334353e-10,0.2037037037037037,374,0.6711229946524064,0.3520662553874757,0.06283408050436552,10
ens_entropy_epistemic,2.746707568099903e-10,0.2042483660130719,375,0.672,0.35465140682495494,0.06266652296145248,10
ens_entropy_epistemic,2.767960906536194e-10,0.2047930283224401,376,0.6728723404255319,0.3554106037798962,0.06249917801353047,10
ens_entropy_epistemic,2.808304102120673e-10,0.2053376906318083,377,0.6737400530503979,0.35616400316565544,0.06498591924590755,10
ens_entropy_epistemic,2.8113544825458803e-10,0.20588235294117646,378,0.671957671957672,0.35359664607237434,0.06349122384490717,10
ens_entropy_epistemic,2.816586480165003e-10,0.20642701525054466,379,0.6728232189973615,0.3543441226575811,0.06068518001603043,10
ens_entropy_epistemic,2.822945069930693e-10,0.20697167755991286,380,0.6736842105263158,0.35689914016650737,0.060526170747403296,10
ens_entropy_epistemic,2.827690714936959e-10,0.20751633986928106,381,0.6745406824146981,0.35764398759993465,0.060367309305962895,10
ens_entropy_epistemic,2.8619111593260346e-10,0.20806100217864923,382,0.675392670157068,0.3601685757510265,0.06282639777802805,10
ens_entropy_epistemic,2.889913534104457e-10,0.20860566448801743,383,0.6762402088772846,0.3609107546560449,0.06266236022013578,10
ens_entropy_epistemic,3.0163060937837827e-10,0.20915032679738563,384,0.6744791666666666,0.35835739493102325,0.06640611712471525,10
ens_entropy_epistemic,3.0431575020157516e-10,0.20969498910675383,385,0.6753246753246753,0.35909387526801523,0.06623363371109393,10
ens_entropy_epistemic,3.0625872263705243e-10,0.210239651416122,386,0.6761658031088082,0.3598248640042455,0.06347135832747265,10
ens_entropy_epistemic,3.097295113898326e-10,0.2107843137254902,387,0.6770025839793282,0.36232055997152696,0.0607233720772471,10
ens_entropy_epistemic,3.112621809028178e-10,0.2113289760348584,388,0.6778350515463918,0.3647841575859179,0.060566169183101724,10
ens_entropy_epistemic,3.11788767986888e-10,0.21187363834422657,389,0.6786632390745502,0.36551535159257287,0.057839779786270154,10
ens_entropy_epistemic,3.128734204777695e-10,0.21241830065359477,390,0.6794871794871795,0.367950213924543,0.05769147280629886,10
ens_entropy_epistemic,3.129545204641088e-10,0.21296296296296297,391,0.680306905370844,0.3703541476108887,0.05754392428312363,10
ens_entropy_epistemic,3.14481235594614e-10,0.21350762527233116,392,0.6811224489795918,0.37108532703562996,0.059948150856412696,10
ens_entropy_epistemic,3.176264023108018e-10,0.21405228758169934,393,0.6793893129770993,0.36671270718232046,0.062340139960646024,10
ens_entropy_epistemic,3.1801253838439877e-10,0.21459694989106753,394,0.6802030456852792,0.3691032940219602,0.05964448568553758,10
ens_entropy_epistemic,3.188202574599259e-10,0.21514161220043573,395,0.6810126582278481,0.36984046594074443,0.059493486995580526,10
ens_entropy_epistemic,3.2064000778384674e-10,0.21568627450980393,396,0.6818181818181818,0.3722036286771181,0.06186848889274068,10
ens_entropy_epistemic,3.2219290600607715e-10,0.2162309368191721,397,0.6826196473551638,0.3745373612083626,0.06423154253826144,10
ens_entropy_epistemic,3.2392551334250057e-10,0.2167755991285403,398,0.6834170854271356,0.3752740681682279,0.06155757941255691,10
ens_entropy_epistemic,3.2598075731302643e-10,0.2173202614379085,399,0.6842105263157895,0.37600536193029493,0.06390956743072894,10
ens_entropy_epistemic,3.2772666630206996e-10,0.2178649237472767,400,0.685,0.3783150363883066,0.06624977439153926,10
ens_entropy_epistemic,3.2872403277761464e-10,0.21840958605664487,401,0.685785536159601,0.37904335856847904,0.06608456296291305,10
ens_entropy_epistemic,3.318741069073358e-10,0.21895424836601307,402,0.6865671641791045,0.3813269493844049,0.06592015546214848,10
ens_entropy_epistemic,3.348031319213675e-10,0.21949891067538127,403,0.6873449131513648,0.3820522805821935,0.06575658186101892,10
ens_entropy_epistemic,3.398765065857246e-10,0.22004357298474944,404,0.6881188118811881,0.38431021553496686,0.06559379969755202,10
ens_entropy_epistemic,3.45049751953201e-10,0.22058823529411764,405,0.6888888888888889,0.38503253796095455,0.06543183970404008,10
ens_entropy_epistemic,3.459252303296074e-10,0.22113289760348584,406,0.6896551724137931,0.3857496217670086,0.06280759923542051,10
ens_entropy_epistemic,3.511815692335392e-10,0.22167755991285404,407,0.687960687960688,0.3831935179771125,0.0626532828661072,10
ens_entropy_epistemic,3.5866313249303775e-10,0.2222222222222222,408,0.6887254901960784,0.385425562197552,0.06495067654822205,10
ens_entropy_epistemic,3.596605446770412e-10,0.2227668845315904,409,0.6894865525672371,0.38613990096552697,0.062346887776264744,10
ens_entropy_epistemic,3.6189811152061007e-10,0.2233115468409586,410,0.6902439024390243,0.38684910859376836,0.059755772690224564,10
ens_entropy_epistemic,3.6420555460381365e-10,0.2238562091503268,411,0.6885644768856448,0.3826801220370806,0.0656930896395733,10
ens_entropy_epistemic,3.6421564799545276e-10,0.22440087145969498,412,0.6893203883495146,0.3849024913688533,0.060679249074488247,10
ens_entropy_epistemic,3.6439040673741374e-10,0.22494553376906318,413,0.6900726392251816,0.3856166612430849,0.06174250600587823,10
ens_entropy_epistemic,3.650923952894512e-10,0.22549019607843138,414,0.6908212560386473,0.38632573652028895,0.05917838469406139,10
ens_entropy_epistemic,3.677423312737759e-10,0.22603485838779958,415,0.691566265060241,0.3870297715208863,0.05903578617945341,10
ens_entropy_epistemic,3.679801012672761e-10,0.22657952069716775,416,0.6899038461538461,0.38291706913205464,0.06370153537609807,10
ens_entropy_epistemic,3.68863515191618e-10,0.22712418300653595,417,0.6906474820143885,0.385131505252209,0.061150695199034315,10
ens_entropy_epistemic,3.7045355671949665e-10,0.22766884531590414,418,0.6913875598086124,0.3858402241508919,0.06220054743961422,10
ens_entropy_epistemic,3.72703839901943e-10,0.22821350762527234,419,0.6921241050119332,0.3880302978839035,0.0596654654035697,10
ens_entropy_epistemic,3.732293635305363e-10,0.22875816993464052,420,0.6928571428571428,0.3901944894651539,0.061904325019883466,10
ens_entropy_epistemic,3.7416038677522703e-10,0.22930283224400871,421,0.6935866983372921,0.3923332550099023,0.06175728384870744,10
ens_entropy_epistemic,3.7511309076626525e-10,0.2298474945533769,422,0.6943127962085308,0.39304270264243507,0.056871573720881814,10
ens_entropy_epistemic,3.7595484682127645e-10,0.23039215686274508,423,0.6950354609929078,0.39374715299921115,0.05673712554456467,10
ens_entropy_epistemic,3.7855016054930003e-10,0.23093681917211328,424,0.6957547169811321,0.39444665869536355,0.05188629222423894,10
ens_entropy_epistemic,3.833736716915923e-10,0.23148148148148148,425,0.6964705882352941,0.3965659567442627,0.05176420683861538,10
ens_entropy_epistemic,3.8735442748977526e-10,0.23202614379084968,426,0.6971830985915493,0.39726237743216253,0.05399006558930489,10
ens_entropy_epistemic,3.881973527357435e-10,0.23257080610021785,427,0.6978922716627635,0.3993588275704145,0.05152170935604904,10
ens_entropy_epistemic,3.9238520332045337e-10,0.23311546840958605,428,0.6985981308411215,0.40005215803885785,0.04906483592143105,10
ens_entropy_epistemic,3.941360162506584e-10,0.23366013071895425,429,0.6993006993006993,0.40074066855082346,0.04895102014729004,10
ens_entropy_epistemic,3.957859264295144e-10,0.23420479302832245,430,0.7,0.40142440919391376,0.051162098761058525,10
ens_entropy_epistemic,3.962933913019344e-10,0.23474945533769062,431,0.7006960556844548,0.40210342936413207,0.0510433930994033,10
ens_entropy_epistemic,3.9765553073565824e-10,0.23529411764705882,432,0.7013888888888888,0.40418252576658237,0.048610439821997746,10
ens_entropy_epistemic,3.992108533632181e-10,0.23583877995642702,433,0.7020785219399538,0.4048585584145756,0.04849817551610229,10
ens_entropy_epistemic,4.0452773644649693e-10,0.23638344226579522,434,0.7027649769585254,0.4069154007500159,0.0483870721019914,10
ens_entropy_epistemic,4.0489748003521645e-10,0.2369281045751634,435,0.7034482758620689,0.40894871551805845,0.048275837495797294,10
ens_entropy_epistemic,4.0577880480851283e-10,0.2374727668845316,436,0.7041284403669725,0.4109589041095892,0.04587160049699756,10
ens_entropy_epistemic,4.1052127311040716e-10,0.2380174291938998,437,0.7048054919908466,0.412946358836577,0.04805414557827498,10
ens_entropy_epistemic,4.166794581855288e-10,0.238562091503268,438,0.7054794520547946,0.4149114631873253,0.047944432956214394,10
ens_entropy_epistemic,4.2463071515874505e-10,0.23910675381263616,439,0.7061503416856492,0.4168545920731518,0.04555812692717677,10
ens_entropy_epistemic,4.2870422883831375e-10,0.23965141612200436,440,0.7068181818181818,0.4175355061160824,0.04545458548918695,10
ens_entropy_epistemic,4.291768592044268e-10,0.24019607843137256,441,0.7074829931972789,0.41821175459947024,0.04535151386246845,10
ens_entropy_epistemic,4.294726011289611e-10,0.24074074074074073,442,0.7081447963800905,0.4201362758059595,0.045248908454285204,10
ens_entropy_epistemic,4.341305401569182e-10,0.24128540305010893,443,0.708803611738149,0.42080938915746907,0.0451467664674912,10
ens_entropy_epistemic,4.3561767401689075e-10,0.24183006535947713,444,0.7094594594594594,0.42147792008403695,0.04504508434638873,10
ens_entropy_epistemic,4.36168793900786e-10,0.24237472766884532,445,0.7101123595505618,0.42338405906282967,0.044943859476343946,10
ens_entropy_epistemic,4.384283160745243e-10,0.2429193899782135,446,0.7107623318385651,0.42526921463248973,0.04484308833251134,10
ens_entropy_epistemic,4.482754953835896e-10,0.2434640522875817,447,0.70917225950783,0.4214571593556481,0.0492169401846899,10
ens_entropy_epistemic,4.5060414287378666e-10,0.2440087145969499,448,0.7098214285714286,0.4221304969042705,0.051339224477104595,10
ens_entropy_epistemic,4.508480180580407e-10,0.2445533769063181,449,0.7104677060133631,0.4240067891610255,0.053452049051465014,10
ens_entropy_epistemic,4.5343210069175915e-10,0.24509803921568626,450,0.7111111111111111,0.4246769339706142,0.05333326670764707,10
ens_entropy_epistemic,4.5866611053287334e-10,0.24564270152505446,451,0.7117516629711752,0.42653416537882205,0.05321501112240645,10
ens_entropy_epistemic,4.6235377453570613e-10,0.24618736383442266,452,0.7123893805309734,0.42720112298214147,0.057522052618016184,10
ens_entropy_epistemic,4.663079290177767e-10,0.24673202614379086,453,0.7130242825607064,0.4278635966190615,0.0573950723585284,10
ens_entropy_epistemic,4.707451287884011e-10,0.24727668845315903,454,0.7136563876651982,0.42970335298096435,0.055066002465750906,10
ens_entropy_epistemic,4.760475828202584e-10,0.24782135076252723,455,0.7142857142857143,0.43152330610283524,0.057142781176717804,10
ens_entropy_epistemic,4.842395938766895e-10,0.24836601307189543,456,0.7149122807017544,0.4333237740177804,0.05701746803680554,10
ens_entropy_epistemic,4.873632011688588e-10,0.24891067538126363,457,0.7155361050328227,0.4339856328957145,0.05908088097335742,10
ens_entropy_epistemic,4.880553994166973e-10,0.2494553376906318,458,0.7161572052401747,0.43464306739844655,0.05676847803487845,10
ens_entropy_epistemic,4.908124612566028e-10,0.25,459,0.7167755991285403,0.436426830880825,0.058823442376824464,10
ens_entropy_epistemic,4.979376660531799e-10,0.25054466230936817,460,0.717391304347826,0.43819169124969465,0.058695565308261505,10
ens_entropy_epistemic,5.000332449417965e-10,0.2510893246187364,461,0.7180043383947939,0.4399379474048184,0.058568243036035014,10
ens_entropy_epistemic,5.038658223584828e-10,0.25163398692810457,462,0.7186147186147186,0.4405946127193473,0.05844146640163648,10
ens_entropy_epistemic,5.042112920814185e-10,0.25217864923747274,463,0.7192224622030238,0.4423237283424442,0.05831524292261554,10
ens_entropy_epistemic,5.061509396862876e-10,0.25272331154684097,464,0.7198275862068966,0.4440348031263826,0.056034384649134225,10
ens_entropy_epistemic,5.092696744190588e-10,0.25326797385620914,465,0.7204301075268817,0.4457281179512571,0.058064418971680694,10
ens_entropy_epistemic,5.116235391014585e-10,0.25381263616557737,466,0.721030042918455,0.44638385758412075,0.05793981718022921,10
ens_entropy_epistemic,5.142614630509102e-10,0.25435729847494554,467,0.721627408993576,0.4480608033165445,0.05567441441023573,10
ens_entropy_epistemic,5.146480087161099e-10,0.2549019607843137,468,0.7222222222222222,0.449720518803929,0.05769220489932588,10
ens_entropy_epistemic,5.147828366133352e-10,0.25544662309368193,469,0.7228144989339019,0.4503741097989724,0.05543699044478098,10
ens_entropy_epistemic,5.18942763956228e-10,0.2559912854030501,470,0.723404255319149,0.45102337867706527,0.05531903938424866,10
ens_entropy_epistemic,5.229577768072458e-10,0.2565359477124183,471,0.7239915074309978,0.4526682756771252,0.05520158919145268,10
ens_entropy_epistemic,5.293372608214118e-10,0.2570806100217865,472,0.7245762711864406,0.4533143264433356,0.05932191979261486,10
ens_entropy_epistemic,5.295352976547754e-10,0.2576252723311547,473,0.7251585623678647,0.454943535376815,0.05919650348935917,10
ens_entropy_epistemic,5.321525397830911e-10,0.2581699346405229,474,0.7257383966244726,0.4565562493385544,0.05696190407974867,10
ens_entropy_epistemic,5.33505075143629e-10,0.2587145969498911,475,0.7263157894736842,0.45720011954782797,0.054736721935729774,10
ens_entropy_epistemic,5.367592292197013e-10,0.25925925925925924,476,0.726890756302521,0.4587976000979551,0.054621728739735184,10
ens_entropy_epistemic,5.375048869489798e-10,0.25980392156862747,477,0.7274633123689728,0.46037906608420215,0.05241077378908076,10
ens_entropy_epistemic,5.387279036752363e-10,0.26034858387799564,478,0.7280334728033473,0.4619447571218288,0.050209078401007336,10
ens_entropy_epistemic,5.407748322346055e-10,0.2608932461873638,479,0.7286012526096033,0.46258738241132286,0.05219193206754971,10
ens_entropy_epistemic,5.473433215485017e-10,0.26143790849673204,480,0.7291666666666666,0.46413849958779885,0.05208319883034953,10
ens_entropy_epistemic,5.475511816553196e-10,0.2619825708061002,481,0.7297297297297297,0.4647778823932209,0.05197491774952976,10
ens_entropy_epistemic,5.479120143549166e-10,0.2625272331154684,482,0.7302904564315352,0.46541309763505445,0.04771770003747398,10
ens_entropy_epistemic,5.485792109680298e-10,0.2630718954248366,483,0.7308488612836439,0.46695077847768135,0.04761890564654563,10
ens_entropy_epistemic,5.514036784203541e-10,0.2636165577342048,484,0.731404958677686,0.46758279882888526,0.049586625786573975,10
ens_entropy_epistemic,5.544075544736835e-10,0.264161220043573,485,0.7319587628865979,0.4682107251901958,0.05154624185363114,10
ens_entropy_epistemic,5.650677223472195e-10,0.2647058823529412,486,0.7325102880658436,0.4688345972121804,0.05144017955599663,10
ens_entropy_epistemic,5.65845597254075e-10,0.26525054466230935,487,0.7330595482546202,0.469454454035029,0.049281155266066766,10
ens_entropy_epistemic,5.665291162102533e-10,0.2657952069716776,488,0.7336065573770492,0.4709806537691794,0.05122935053001001,10
ens_entropy_epistemic,5.685231174723526e-10,0.26633986928104575,489,0.7321063394683026,0.4684738505961716,0.050102122109538454,10
ens_entropy_epistemic,5.781607558428674e-10,0.2668845315904139,490,0.7326530612244898,0.46998596317397406,0.04999987284878464,10
ens_entropy_epistemic,5.808037695764136e-10,0.26742919389978215,491,0.7331975560081466,0.4714833896188199,0.04989804010955862,10
ens_entropy_epistemic,5.92835526319057e-10,0.2679738562091503,492,0.733739837398374,0.47210300429184554,0.045731571710723624,10
ens_entropy_epistemic,5.939517056171368e-10,0.26851851851851855,493,0.7342799188640974,0.47358682805558955,0.04563880992148953,10
ens_entropy_epistemic,5.959201052376648e-10,0.2690631808278867,494,0.7348178137651822,0.4750563766446568,0.047570704961294945,10
ens_entropy_epistemic,5.962353149667328e-10,0.2696078431372549,495,0.7353535353535353,0.4756737525571465,0.045454401485450546,10
ens_entropy_epistemic,5.966780790092996e-10,0.2701525054466231,496,0.7358870967741935,0.47713007371165533,0.04536275948276668,10
ens_entropy_epistemic,5.97106685782626e-10,0.2706971677559913,497,0.7364185110663984,0.47857251547696283,0.04728354859552933,10
ens_entropy_epistemic,6.071629332457924e-10,0.27124183006535946,498,0.7369477911646586,0.4791876227427312,0.049196634814703516,10
ens_entropy_epistemic,6.073698708035921e-10,0.2717864923747277,499,0.7374749498997996,0.4797988238196416,0.05110204083560189,10
ens_entropy_epistemic,6.13043361997957e-10,0.27233115468409586,500,0.738,0.48122920956755905,0.05099983672331839,10
ens_entropy_epistemic,6.166261326529478e-10,0.272875816993464,501,0.7385229540918163,0.4818373453549238,0.050898040639767744,10
ens_entropy_epistemic,6.18050119473675e-10,0.27342047930283225,502,0.7390438247011952,0.4832550172085933,0.05079663956715575,10
ens_entropy_epistemic,6.266959358648675e-10,0.2739651416122004,503,0.7395626242544732,0.48386010261230566,0.050695652230749955,10
ens_entropy_epistemic,6.31521648244305e-10,0.27450980392156865,504,0.7380952380952381,0.48138447146866237,0.05456330435480362,10
ens_entropy_epistemic,6.360413407500485e-10,0.2750544662309368,505,0.7386138613861386,0.481986882596127,0.056435457339626044,10
ens_entropy_epistemic,6.393733076412148e-10,0.275599128540305,506,0.7391304347826086,0.48339392064351455,0.05632392475208321,10
ens_entropy_epistemic,6.39945268769639e-10,0.2761437908496732,507,0.7396449704142012,0.4839933382679497,0.05818520279002819,10
ens_entropy_epistemic,6.53790244165009e-10,0.2766884531590414,508,0.7381889763779528,0.48153718653120114,0.05708641552015623,10
ens_entropy_epistemic,6.573656792835027e-10,0.27723311546840956,509,0.7387033398821218,0.482932976895169,0.058938882059246925,10
ens_entropy_epistemic,6.585044605565165e-10,0.2777777777777778,510,0.7392156862745098,0.48353054045410937,0.05882331559431352,10
ens_entropy_epistemic,6.608704266272154e-10,0.27832244008714596,511,0.7397260273972602,0.48412439370592736,0.058708201468655956,10
ens_entropy_epistemic,6.743137433950851e-10,0.2788671023965142,512,0.73828125,0.48080095654674515,0.06054664638770409,10
ens_entropy_epistemic,6.751391946859692e-10,0.27941176470588236,513,0.7387914230019493,0.4813959804454101,0.06042862175638092,10
ens_entropy_epistemic,6.769916719918091e-10,0.27995642701525053,514,0.7392996108949417,0.48278865793584047,0.058365511429919,10
ens_entropy_epistemic,6.843125745549964e-10,0.28050108932461876,515,0.7398058252427184,0.4841685104347306,0.056310433967281796,10
ens_entropy_epistemic,6.845912806153263e-10,0.28104575163398693,516,0.7403100775193798,0.48553571428571424,0.056201305167800586,10
ens_entropy_epistemic,6.894499460790786e-10,0.2815904139433551,517,0.7408123791102514,0.48689044261420866,0.05802681504263473,10
ens_entropy_epistemic,6.933563311463786e-10,0.2821350762527233,518,0.7413127413127413,0.48823286540049543,0.05984529734623126,10
ens_entropy_epistemic,6.935379797919225e-10,0.2826797385620915,519,0.7418111753371869,0.4888278011348602,0.05780318637822748,10
ens_entropy_epistemic,6.954827422567803e-10,0.28322440087145967,520,0.7423076923076923,0.49015877661520457,0.057692026380234414,10
ens_entropy_epistemic,6.968802647272149e-10,0.2837690631808279,521,0.7428023032629558,0.4914777693607599,0.05758129311721024,10
ens_entropy_epistemic,6.996283935241753e-10,0.28431372549019607,522,0.7432950191570882,0.4920704078075986,0.06130238301128026,10
ens_entropy_epistemic,7.007744262943197e-10,0.2848583877995643,523,0.7437858508604207,0.49337824942891034,0.06118517003416751,10
ens_entropy_epistemic,7.181851622321307e-10,0.28540305010893247,524,0.7442748091603053,0.4946744199435776,0.0629767774150616,10
ens_entropy_epistemic,7.225449127901129e-10,0.28594771241830064,525,0.7447619047619047,0.4959590748860802,0.05999967462695001,10
ens_entropy_epistemic,7.256696529867316e-10,0.28649237472766886,526,0.7452471482889734,0.4972323670394888,0.05988560675569936,10
ens_entropy_epistemic,7.325353556754787e-10,0.28703703703703703,527,0.74573055028463,0.4984944464960373,0.061669481255581894,10
ens_entropy_epistemic,7.339623582466356e-10,0.2875816993464052,528,0.7443181818181818,0.49608347708056433,0.06155268273111944,10
ens_entropy_epistemic,7.37970195999758e-10,0.28812636165577343,529,0.7448015122873346,0.4973358766268046,0.06332665966516371,10
ens_entropy_epistemic,7.520320319707186e-10,0.2886710239651416,530,0.7452830188679245,0.49792996982667875,0.06320717538868056,10
ens_entropy_epistemic,7.595687238713221e-10,0.28921568627450983,531,0.7457627118644068,0.49852043064912166,0.06308814115377402,10
ens_entropy_epistemic,7.631014859476598e-10,0.289760348583878,532,0.7462406015037594,0.4991072923059755,0.05921013128236238,10
ens_entropy_epistemic,7.71643137785841e-10,0.2903050108932462,533,0.7467166979362101,0.4996905876054261,0.05909904285170494,10
ens_entropy_epistemic,7.815744309176257e-10,0.2908496732026144,534,0.7471910112359551,0.5009345794392523,0.05711567778073742,10
ens_entropy_epistemic,7.875630849927648e-10,0.29139433551198257,535,0.7476635514018691,0.5021677844484728,0.05887807972429104,10
ens_entropy_epistemic,7.878254587829491e-10,0.29193899782135074,536,0.7481343283582089,0.5027487630566245,0.0587682325095188,10
ens_entropy_epistemic,7.878570684913001e-10,0.29248366013071897,537,0.7467411545623837,0.5003625915030445,0.06238315206463017,10
ens_entropy_epistemic,7.917365421865108e-10,0.29302832244008714,538,0.7472118959107806,0.5015871718368959,0.060408463603764284,10
ens_entropy_epistemic,7.955140875605882e-10,0.2935729847494553,539,0.7476808905380334,0.50216644255192,0.05844106359229142,10
ens_entropy_epistemic,8.361590171813911e-10,0.29411764705882354,540,0.7481481481481481,0.5027422303473491,0.05833283938378479,10
ens_entropy_epistemic,8.471019001210846e-10,0.2946623093681917,541,0.7486136783733827,0.5033145665411047,0.05822501520010494,10
ens_entropy_epistemic,8.47245708012364e-10,0.29520697167755994,542,0.7490774907749077,0.5045304223913101,0.06180758934265951,10
ens_entropy_epistemic,8.481786871162428e-10,0.2957516339869281,543,0.7495395948434622,0.5057358945184391,0.0616937632048057,10
ens_entropy_epistemic,8.508608802289167e-10,0.2962962962962963,544,0.75,0.5063059696512698,0.059742077161856186,10
ens_entropy_epistemic,8.529530415302133e-10,0.2968409586056645,545,0.7486238532110092,0.5039430761973731,0.06238478229200606,10
ens_entropy_epistemic,8.542709453092722e-10,0.2973856209150327,546,0.7490842490842491,0.5045109494853146,0.0622705244326826,10
ens_entropy_epistemic,8.580893890816449e-10,0.29793028322440085,547,0.7495429616087751,0.5050754548756726,0.06032848792384448,10
ens_entropy_epistemic,8.695992890658835e-10,0.2984749455337691,548,0.75,0.5056366222409525,0.05839358337840473,10
ens_entropy_epistemic,8.764075719186922e-10,0.29901960784313725,549,0.7486338797814208,0.5032911989929718,0.0582871726185829,10
ens_entropy_epistemic,8.770070753718379e-10,0.2995642701525055,550,0.7490909090909091,0.5044915652582651,0.05818119589477226,10
ens_entropy_epistemic,8.780275792259398e-10,0.30010893246187365,551,0.7495462794918331,0.5056818181818182,0.05807560386589455,10
ens_entropy_epistemic,8.823629662850058e-10,0.3006535947712418,552,0.75,0.5068620850380652,0.061593532773485525,10
ens_entropy_epistemic,8.902428033507644e-10,0.30119825708061004,553,0.7486437613019892,0.5037925491740313,0.06329047031808345,10
ens_entropy_epistemic,8.905595783981615e-10,0.3017429193899782,554,0.7490974729241877,0.5043574527245342,0.061371103632790185,10
ens_entropy_epistemic,8.974441251497803e-10,0.3022875816993464,555,0.7495495495495496,0.5049190427600546,0.059458724921073805,10
ens_entropy_epistemic,8.97954091720173e-10,0.3028322440087146,556,0.75,0.506096781615072,0.059351784742269105,10
ens_entropy_epistemic,9.006999553086222e-10,0.3033769063180828,557,0.7504488330341114,0.5066556217542295,0.05924522964948521,10
ens_entropy_epistemic,9.0098187079373e-10,0.30392156862745096,558,0.7508960573476703,0.5072112024600685,0.057346942623966626,10
ens_entropy_epistemic,9.022897301200136e-10,0.3044662309368192,559,0.7513416815742398,0.508380206389077,0.05724435441594575,10
ens_entropy_epistemic,9.069781432272453e-10,0.30501089324618735,560,0.7517857142857143,0.5089330776218836,0.05714213234858021,10
ens_entropy_epistemic,9.091322383742627e-10,0.3055555555555556,561,0.7522281639928698,0.5094827423524748,0.057040274705007325,10
ens_entropy_epistemic,9.229710221476237e-10,0.30610021786492375,562,0.7526690391459074,0.5106430960822882,0.055159422314204606,10
ens_entropy_epistemic,9.257114343225908e-10,0.3066448801742919,563,0.7531083481349912,0.511190091007327,0.05506144820040934,10
ens_entropy_epistemic,9.274616099073942e-10,0.30718954248366015,564,0.7535460992907801,0.5123413784523513,0.05496382170719311,10
ens_entropy_epistemic,9.313856183293834e-10,0.3077342047930283,565,0.7539823008849558,0.5134832087125131,0.053096631181909194,10
ens_entropy_epistemic,9.373783909311675e-10,0.3082788671023965,566,0.7544169611307421,0.5140280437333993,0.05300282086789062,10
ens_entropy_epistemic,9.39487188494873e-10,0.3088235294117647,567,0.7548500881834215,0.5145697444520408,0.0529093416127997,10
ens_entropy_epistemic,9.400612512837754e-10,0.3093681917211329,568,0.7535211267605634,0.5115779129046127,0.051056373591862075,10
ens_entropy_epistemic,9.428599033369233e-10,0.3099128540305011,569,0.7539543057996485,0.5121204326363624,0.050966643539539974,10
ens_entropy_epistemic,9.438801457207952e-10,0.3104575163398693,570,0.7543859649122807,0.5132603020469905,0.05087722814041591,10
ens_entropy_epistemic,9.448501751338272e-10,0.31100217864923746,571,0.7530647985989493,0.5102886165262616,0.05253943961885197,10
ens_entropy_epistemic,9.498210561473568e-10,0.3115468409586057,572,0.7534965034965035,0.5108323831242875,0.0524475874426316,10
ens_entropy_epistemic,9.566928268036508e-10,0.31209150326797386,573,0.7539267015706806,0.511969265897106,0.0523560558642036,10
ens_entropy_epistemic,9.651539410164754e-10,0.31263616557734203,574,0.7543554006968641,0.512510390189252,0.05226484321047547,10
ens_entropy_epistemic,9.705562470058651e-10,0.31318082788671026,575,0.7530434782608696,0.5102273408913682,0.0539130782577095,10
ens_entropy_epistemic,9.776774264872731e-10,0.3137254901960784,576,0.7517361111111112,0.5072859091235377,0.055555590232190886,10
ens_entropy_epistemic,9.81772632175624e-10,0.3142701525054466,577,0.7521663778162911,0.5084212595845075,0.05545930670074887,10
ens_entropy_epistemic,9.938381667870972e-10,0.3148148148148148,578,0.7525951557093425,0.5089647469790762,0.055363356300288456,10
ens_entropy_epistemic,1.008096378221581e-09,0.315359477124183,579,0.7530224525043178,0.5095051628229356,0.05526773736416302,10
ens_entropy_epistemic,1.010809754700192e-09,0.3159041394335512,580,0.7517241379310344,0.5065871093519229,0.05689658607494133,10
ens_entropy_epistemic,1.0165670713261623e-09,0.3164488017429194,581,0.7521514629948365,0.5077198267746187,0.056798657338735924,10
ens_entropy_epistemic,1.0208831845921618e-09,0.31699346405228757,582,0.7525773195876289,0.5082613593691325,0.05670106512641245,10
ens_entropy_epistemic,1.0446608139259411e-09,0.3175381263616558,583,0.7530017152658662,0.5093854461301106,0.056603807720141584,10
ens_entropy_epistemic,1.0448313649589315e-09,0.31808278867102396,584,0.7534246575342466,0.5099243580927517,0.05650688325197225,10
ens_entropy_epistemic,1.045460138324631e-09,0.31862745098039214,585,0.7538461538461538,0.5104602510460251,0.058119631434656004,10
ens_entropy_epistemic,1.0484119023772123e-09,0.31917211328976036,586,0.7525597269624573,0.5082128511731817,0.059726935796547115,10
ens_entropy_epistemic,1.052490154302886e-09,0.31971677559912853,587,0.7529812606473595,0.509330304899491,0.057921669117900296,10
ens_entropy_epistemic,1.0539299816931976e-09,0.3202614379084967,588,0.7534013605442177,0.5098647902869757,0.05782316286202275,10
ens_entropy_epistemic,1.0570699226031022e-09,0.32080610021786493,589,0.7538200339558574,0.5103963035365204,0.05772499109937239,10
ens_entropy_epistemic,1.0680350520473833e-09,0.3213507625272331,590,0.7542372881355932,0.5115057385941871,0.05762715211574757,10
ens_entropy_epistemic,1.0916073940100524e-09,0.32189542483660133,591,0.754653130287648,0.5120347119014674,0.057529644237706665,10
ens_entropy_epistemic,1.1019779330155808e-09,0.3224400871459695,592,0.7550675675675675,0.5125607595511743,0.057432465771206795,10
ens_entropy_epistemic,1.1191991367117585e-09,0.32298474945533767,593,0.7554806070826307,0.5136622530415551,0.05733561504060849,10
ens_entropy_epistemic,1.120484084611585e-09,0.3235294117647059,594,0.7542087542087542,0.5108132805360951,0.05892259210942098,10
ens_entropy_epistemic,1.1362339077407143e-09,0.32407407407407407,595,0.7546218487394958,0.5113403685619782,0.05882356250237521,10
ens_entropy_epistemic,1.1370759439324043e-09,0.32461873638344224,596,0.7550335570469798,0.5118645589076752,0.058724865223712897,10
ens_entropy_epistemic,1.1416130969558086e-09,0.32516339869281047,597,0.7554438860971524,0.5123858754027927,0.060301469771719136,10
ens_entropy_epistemic,1.151290305040084e-09,0.32570806100217864,598,0.7558528428093646,0.5129043416163623,0.05852846097062985,10
ens_entropy_epistemic,1.1665154400840814e-09,0.32625272331154687,599,0.7562604340567612,0.514004045613177,0.05843075062880891,10
ens_entropy_epistemic,1.1813297465431998e-09,0.32679738562091504,600,0.7566666666666667,0.5150951542728089,0.058333366028057984,10
ens_entropy_epistemic,1.183915448821373e-09,0.3273420479302832,601,0.757071547420965,0.5156115441517434,0.05823630550739835,10
ens_entropy_epistemic,1.1944978125460341e-09,0.32788671023965144,602,0.7574750830564784,0.5166945275382719,0.058139567446305725,10
ens_entropy_epistemic,1.19478718556234e-09,0.3284313725490196,603,0.75787728026534,0.5172084759147143,0.05804315023581286,10
ens_entropy_epistemic,1.2037864130022073e-09,0.3289760348583878,604,0.7582781456953642,0.517719635981799,0.05794705223246581,10
ens_entropy_epistemic,1.2105602464144728e-09,0.329520697167756,605,0.7586776859504132,0.5187949444323382,0.05950408262848622,10
ens_entropy_epistemic,1.211152638238074e-09,0.3300653594771242,606,0.759075907590759,0.5198619432143786,0.05940589106114105,10
ens_entropy_epistemic,1.2197532983648784e-09,0.33061002178649235,607,0.7578253706754531,0.5176576157759027,0.0584843492382564,10
ens_entropy_epistemic,1.2203625451830122e-09,0.3311546840958606,608,0.7582236842105263,0.5181678994242338,0.06003281317553539,10
ens_entropy_epistemic,1.2248939946487622e-09,0.33169934640522875,609,0.7586206896551724,0.5192286004285553,0.05993423711194365,10
ens_entropy_epistemic,1.2267879903460878e-09,0.332244008714597,610,0.759016393442623,0.5197364897434523,0.05983598424968255,10
ens_entropy_epistemic,1.2319641012898368e-09,0.33278867102396514,611,0.7594108019639935,0.5202416498854247,0.05973805300340557,10
ens_entropy_epistemic,1.2346939469628989e-09,0.3333333333333333,612,0.7598039215686274,0.5207441027935817,0.05964043786608557,10
ens_entropy_epistemic,1.239074808723188e-09,0.33387799564270154,613,0.7601957585644372,0.5217977361133961,0.059543145111920014,10
ens_entropy_epistemic,1.241567867995871e-09,0.3344226579520697,614,0.760586319218241,0.5228433373158947,0.05944616929252853,10
ens_entropy_epistemic,1.2639975234590488e-09,0.3349673202614379,615,0.7609756097560976,0.5233437903672264,0.057723577063420815,10
ens_entropy_epistemic,1.265492121173969e-09,0.3355119825708061,616,0.7613636363636364,0.5243817887681996,0.05762986994834741,10
ens_entropy_epistemic,1.2725998179680593e-09,0.3360566448801743,617,0.7617504051863857,0.5254119333790309,0.059157123851041674,10
ens_entropy_epistemic,1.2906735680218162e-09,0.3366013071895425,618,0.7621359223300971,0.5259103860725803,0.05987048520313633,10
ens_entropy_epistemic,1.294106072888031e-09,0.3371459694989107,619,0.7625201938610663,0.5264061873806167,0.05977376387244835,10
ens_entropy_epistemic,1.2948232116033415e-09,0.33769063180827885,620,0.7629032258064516,0.5268993584020266,0.05967735454899875,10
ens_entropy_epistemic,1.3084220462433896e-09,0.3382352941176471,621,0.7632850241545893,0.5279227193041427,0.059581255729296956,10
ens_entropy_epistemic,1.3095751245406737e-09,0.33877995642701525,622,0.7636655948553055,0.5284136038703157,0.05948546153143544,10
ens_entropy_epistemic,1.31137713694545e-09,0.3393246187363834,623,0.7640449438202247,0.5289018976435064,0.05938997923239551,10
ens_entropy_epistemic,1.3183901366699547e-09,0.33986928104575165,624,0.7644230769230769,0.5293876210802823,0.0592948029649207,10
ens_entropy_epistemic,1.3197476060731933e-09,0.3404139433551198,625,0.7648,0.5298707944224127,0.05759992661487913,10
ens_entropy_epistemic,1.3222261740266937e-09,0.340958605664488,626,0.7651757188498403,0.5308877356470671,0.05750791393601875,10
ens_entropy_epistemic,1.3239275878334727e-09,0.3415032679738562,627,0.7639553429027113,0.5281783237405682,0.060605987659721555,10
ens_entropy_epistemic,1.3245905165055922e-09,0.3420479302832244,628,0.7643312101910829,0.5291924584882532,0.0589171198479628,10
ens_entropy_epistemic,1.328758641208223e-09,0.3425925925925926,629,0.7647058823529411,0.529676858719156,0.058823451924434084,10
ens_entropy_epistemic,1.3461833559174274e-09,0.3431372549019608,630,0.765079365079365,0.5306837400338245,0.058730081360996285,10
ens_entropy_epistemic,1.3708547617825149e-09,0.34368191721132896,631,0.7654516640253566,0.5311659102775211,0.05863700671403117,10
ens_entropy_epistemic,1.3715128727041574e-09,0.3442265795206972,632,0.7658227848101266,0.5321656146528353,0.058544221700736525,10
ens_entropy_epistemic,1.3890926575303452e-09,0.34477124183006536,633,0.7661927330173776,0.5326455681047212,0.05845173476288501,10
ens_entropy_epistemic,1.3981806027980526e-09,0.3453159041394335,634,0.7665615141955836,0.5336381709741551,0.058359539555508974,10
ens_entropy_epistemic,1.4024241588426107e-09,0.34586056644880175,635,0.7669291338582677,0.5341159207630226,0.05669294003024378,10
ens_entropy_epistemic,1.4042511702439091e-09,0.3464052287581699,636,0.7672955974842768,0.5351014965180028,0.056603800180874984,10
ens_entropy_epistemic,1.40591866164634e-09,0.34694989106753815,637,0.7676609105180534,0.5355770557055312,0.056514940199722814,10
ens_entropy_epistemic,1.4140144895500105e-09,0.3474945533769063,638,0.768025078369906,0.5365556777132088,0.05642635877340611,10
ens_entropy_epistemic,1.414148603381031e-09,0.3480392156862745,639,0.7683881064162754,0.537029059293491,0.0563380545914742,10
ens_entropy_epistemic,1.4162449886412944e-09,0.3485838779956427,640,0.76875,0.5375000000000001,0.05625002635105083,10
ens_entropy_epistemic,1.4220710213407343e-09,0.3491285403050109,641,0.7691107644305772,0.5384720168132638,0.0561622727938124,10
ens_entropy_epistemic,1.4235758952015605e-09,0.34967320261437906,642,0.7694704049844237,0.5389408099688473,0.05607479256706836,10
ens_entropy_epistemic,1.426901967208938e-09,0.3502178649237473,643,0.7698289269051322,0.5399060124929895,0.0559875844711187,10
ens_entropy_epistemic,1.4278594691718896e-09,0.35076252723311546,644,0.7701863354037267,0.5403726708074534,0.05590064721753519,10
ens_entropy_epistemic,1.4342308297429124e-09,0.35130718954248363,645,0.7705426356589147,0.5413311295189405,0.055813979532627706,10
ens_entropy_epistemic,1.4442508164027038e-09,0.35185185185185186,646,0.7708978328173375,0.541795665634675,0.055727580172537323,10
ens_entropy_epistemic,1.4636621045349934e-09,0.35239651416122003,647,0.7712519319938176,0.542257830127347,0.055641447840981594,10
ens_entropy_epistemic,1.4749401621308931e-09,0.35294117647058826,648,0.7716049382716049,0.5427176411126898,0.05555558138591679,10
ens_entropy_epistemic,1.478076518292055e-09,0.35348583877995643,649,0.7719568567026194,0.5436699479305233,0.05546997955820406,10
ens_entropy_epistemic,1.488768107514977e-09,0.3540305010893246,650,0.7723076923076924,0.5441276821593753,0.05538464095412945,10
ens_entropy_epistemic,1.4920088969939419e-09,0.3545751633986928,651,0.7726574500768049,0.5450733752620545,0.055299564685600495,10
ens_entropy_epistemic,1.499929503149602e-09,0.355119825708061,652,0.7730061349693251,0.5455290449591664,0.055214749353570486,10
ens_entropy_epistemic,1.5007988928690133e-09,0.35566448801742917,653,0.7733537519142419,0.5459824113048707,0.055130193775562435,10
ens_entropy_epistemic,1.5026145309225142e-09,0.3562091503267974,654,0.7737003058103975,0.5469218094667464,0.05504589683119715,10
ens_entropy_epistemic,1.5026328708621534e-09,0.35675381263616557,655,0.7725190839694657,0.5443212326368624,0.05648857484322279,10
ens_entropy_epistemic,1.502680605256671e-09,0.3572984749455338,656,0.7728658536585366,0.5452582998362364,0.056402464197487186,10
ens_entropy_epistemic,1.5169331674455177e-09,0.35784313725490197,657,0.7732115677321156,0.5461886858928298,0.057838540675008675,10
ens_entropy_epistemic,1.5217841290644113e-09,0.35838779956427014,658,0.7735562310030395,0.547112462006079,0.056231027905969906,10
ens_entropy_epistemic,1.5328285421920126e-09,0.35893246187363836,659,0.7738998482549317,0.5475673757884892,0.056145700050192274,10
ens_entropy_epistemic,1.5509489454089768e-09,0.35947712418300654,660,0.7742424242424243,0.5480200022061258,0.056060630796096626,10
ens_entropy_epistemic,1.554911391092937e-09,0.3600217864923747,661,0.7745839636913767,0.548937709813189,0.055975818934736195,10
ens_entropy_epistemic,1.5603704331071506e-09,0.36056644880174293,662,0.7749244712990937,0.5498489425981874,0.05589126329662937,10
ens_entropy_epistemic,1.5864220330093709e-09,0.3611111111111111,663,0.77526395173454,0.5507537688442211,0.05580696273130127,10
ens_entropy_epistemic,1.5911575929670207e-09,0.3616557734204793,664,0.7756024096385542,0.551652255877608,0.055722916084386814,10
ens_entropy_epistemic,1.594831054630665e-09,0.3622004357298475,665,0.7759398496240602,0.5525444700845823,0.05563912216765886,10
ens_entropy_epistemic,1.5963843605279536e-09,0.3627450980392157,666,0.7762762762762763,0.5534304769276462,0.055555579922355096,10
ens_entropy_epistemic,1.6188566203712351e-09,0.3632897603485839,667,0.7766116941529235,0.5538822029599637,0.055472288171244694,10
ens_entropy_epistemic,1.6230149866664992e-09,0.3638344226579521,668,0.7769461077844312,0.5543316676517472,0.055389245806355694,10
ens_entropy_epistemic,1.6260679935429877e-09,0.36437908496732024,669,0.7757847533632287,0.5517888248693554,0.05680121998230878,10
ens_entropy_epistemic,1.6628774328696333e-09,0.36492374727668847,670,0.7761194029850746,0.5522388059701493,0.05671644202731888,10
ens_entropy_epistemic,1.687081612589722e-09,0.36546840958605664,671,0.7764530551415797,0.5526865472645659,0.05663191676525963,10
ens_entropy_epistemic,1.6878101508461725e-09,0.3660130718954248,672,0.7767857142857143,0.5535714285714286,0.056547643061141836,10
ens_entropy_epistemic,1.7048924330518475e-09,0.36655773420479304,673,0.7771173848439822,0.5544502017001068,0.05646361979959119,10
ens_entropy_epistemic,1.7636854319796403e-09,0.3671023965141612,674,0.7774480712166172,0.5553229296785657,0.056379845869818784,10
ens_entropy_epistemic,1.769660486892173e-09,0.36764705882352944,675,0.7777777777777778,0.5561896746705941,0.05629632016057247,10
ens_entropy_epistemic,1.7873413787197144e-09,0.3681917211328976,676,0.7781065088757396,0.5566360305370213,0.0562130415213341,10
ens_entropy_epistemic,1.7883186610150934e-09,0.3687363834422658,677,0.7784342688330872,0.5570801748126697,0.056130008916087014,10
ens_entropy_epistemic,1.7930020972334024e-09,0.369281045751634,678,0.7787610619469026,0.5579414065895855,0.05604722121235483,10
ens_entropy_epistemic,1.8293088785190032e-09,0.3698257080610022,679,0.7790868924889544,0.5587967736066469,0.05596467743283091,10
ens_entropy_epistemic,1.8323123404443853e-09,0.37037037037037035,680,0.7794117647058824,0.5596463355667611,0.05588237638277896,10
ens_entropy_epistemic,1.833776263994967e-09,0.3709150326797386,681,0.7797356828193832,0.5600888865920776,0.05580031708625108,10
ens_entropy_epistemic,1.843825060829539e-09,0.37145969498910675,682,0.7800586510263929,0.5609328995596452,0.05571849841931444,10
ens_entropy_epistemic,1.881229888389674e-09,0.3720043572984749,683,0.780380673499268,0.561771222763087,0.055636919314557325,10
ens_entropy_epistemic,1.9010096961941847e-09,0.37254901960784315,684,0.7792397660818714,0.5592858727747531,0.057017567076115265,10
ens_entropy_epistemic,1.9025688560131196e-09,0.3730936819172113,685,0.7795620437956204,0.5597292868240152,0.05839397153726429,10
ens_entropy_epistemic,1.9034778458896616e-09,0.37363834422657954,686,0.7798833819241983,0.5605660809584008,0.05830884910785764,10
ens_entropy_epistemic,1.905008572831328e-09,0.3741830065359477,687,0.7802037845705968,0.5613972779969305,0.05967957900788968,10
ens_entropy_epistemic,1.9120621785208864e-09,0.3747276688453159,688,0.7805232558139535,0.5618388865457614,0.05813933499770527,10
ens_entropy_epistemic,1.9120866036904054e-09,0.3752723311546841,689,0.7808417997097242,0.56266472741947,0.058054952781828914,10
ens_entropy_epistemic,1.9168479623405523e-09,0.3758169934640523,690,0.7811594202898551,0.5631043534414076,0.05797081511202255,10
ens_entropy_epistemic,1.9443009691368862e-09,0.37636165577342046,691,0.7814761215629522,0.5639248891433634,0.05788692100998971,10
ens_entropy_epistemic,1.952888405655813e-09,0.3769063180827887,692,0.7817919075144508,0.5643625448178103,0.057803255693743526,10
ens_entropy_epistemic,1.9582455675809345e-09,0.37745098039215685,693,0.7821067821067821,0.5647980636065327,0.057719845480272064,10
ens_entropy_epistemic,1.9610840220481225e-09,0.3779956427015251,694,0.7809798270893372,0.5623485678250192,0.059077597844447244,10
ens_entropy_epistemic,1.9733688428142984e-09,0.37854030501089325,695,0.781294964028777,0.5627845377038324,0.06043142849186292,10
ens_entropy_epistemic,1.995463873461114e-09,0.3790849673202614,696,0.7816091954022989,0.563603963336661,0.06034460168457927,10
ens_entropy_epistemic,2.0003925653074437e-09,0.37962962962962965,697,0.7819225251076041,0.5644179850672632,0.06169274471489721,10
ens_entropy_epistemic,2.019869820360848e-09,0.3801742919389978,698,0.7822349570200573,0.5648521836138728,0.06017168017988327,10
ens_entropy_epistemic,2.0430350153399603e-09,0.380718954248366,699,0.7825464949928469,0.5652842787470131,0.06008559765169283,10
ens_entropy_epistemic,2.0586537544481076e-09,0.3812636165577342,700,0.7828571428571428,0.5657142857142856,0.05999976106320111,10
ens_entropy_epistemic,2.0782076763815208e-09,0.3818082788671024,701,0.7831669044222539,0.5661422196162742,0.05991416937245758,10
ens_entropy_epistemic,2.084730026310678e-09,0.38235294117647056,702,0.7834757834757835,0.566951566951567,0.05982880710587765,10
ens_entropy_epistemic,2.09401185989221e-09,0.3828976034858388,703,0.7837837837837838,0.5673776093539976,0.059743702093125954,10
ens_entropy_epistemic,2.095868811835544e-09,0.38344226579520696,704,0.7840909090909091,0.567801607496264,0.058948644064211075,10
ens_entropy_epistemic,2.123157760713923e-09,0.3839869281045752,705,0.7829787234042553,0.5657661139358221,0.06099265435901895,10
ens_entropy_epistemic,2.1435363435073364e-09,0.38453159041394336,706,0.78328611898017,0.566189286660937,0.06090626248366347,10
ens_entropy_epistemic,2.1566183869463834e-09,0.38507625272331153,707,0.7835926449787836,0.5669955767267777,0.05940568831276147,10
ens_entropy_epistemic,2.1570592200104417e-09,0.38562091503267976,708,0.7838983050847458,0.5677966101694916,0.06073419362170518,10
ens_entropy_epistemic,2.198167630100796e-09,0.3861655773420479,709,0.7842031029619182,0.5685924382280304,0.06064853183893098,10
ens_entropy_epistemic,2.2171168977620117e-09,0.3867102396514161,710,0.7845070422535211,0.5690140845070422,0.06056311134253814,10
ens_entropy_epistemic,2.219550506367451e-09,0.3872549019607843,711,0.7848101265822784,0.5694337247824073,0.06047793154803976,10
ens_entropy_epistemic,2.2203583336696286e-09,0.3877995642701525,712,0.7851123595505618,0.5702247191011236,0.06320196090330407,10
ens_entropy_epistemic,2.248685494534103e-09,0.3883442265795207,713,0.7854137447405329,0.5706425268129489,0.06311331856643883,10
ens_entropy_epistemic,2.256604163652097e-09,0.3888888888888889,714,0.7857142857142857,0.5710583560417468,0.06302492454498577,10
ens_entropy_epistemic,2.257340594888081e-09,0.38943355119825707,715,0.786013986013986,0.5718445575981494,0.061538157078806124,10
ens_entropy_epistemic,2.276090150657246e-09,0.3899782135076253,716,0.7863128491620112,0.5722585784122323,0.06145220987485641,10
ens_entropy_epistemic,2.2806075845823788e-09,0.39052287581699346,717,0.7866108786610879,0.5726706477661826,0.06276120309052996,10
ens_entropy_epistemic,2.3212340366006773e-09,0.39106753812636164,718,0.786908077994429,0.5734520971336714,0.061281012330250115,10
ens_entropy_epistemic,2.3283837048202504e-09,0.39161220043572986,719,0.7872044506258693,0.5738623818027574,0.06119578141917502,10
ens_entropy_epistemic,2.3421251135008653e-09,0.39215686274509803,720,0.7875,0.574270741548022,0.06111078725310788,10
ens_entropy_epistemic,2.3460134479295852e-09,0.3927015250544662,721,0.7877947295423023,0.5746771898844476,0.061026028868429186,10
ens_entropy_epistemic,2.3606511190266133e-09,0.39324618736383443,722,0.7880886426592798,0.5750817402007925,0.06024894512390692,10
ens_entropy_epistemic,2.4374697872098073e-09,0.3937908496732026,723,0.7883817427385892,0.575858776796635,0.06016561316697523,10
ens_entropy_epistemic,2.4463235004232284e-09,0.39433551198257083,724,0.7886740331491713,0.5766308419073244,0.06008251142037781,10
ens_entropy_epistemic,2.458043229621346e-09,0.394880174291939,725,0.7889655172413793,0.5773979830921095,0.058620303901182697,10
ens_entropy_epistemic,2.4586691720262765e-09,0.3954248366013072,726,0.7892561983471075,0.5781602473055394,0.05853955966333028,10
ens_entropy_epistemic,2.461833754595066e-09,0.3959694989106754,727,0.7895460797799174,0.5785634990698395,0.05983455386933465,10
ens_entropy_epistemic,2.481771870118167e-09,0.39651416122004357,728,0.7898351648351648,0.5793210762467329,0.06112596248575554,10
ens_entropy_epistemic,2.497136188348962e-09,0.39705882352941174,729,0.7901234567901234,0.5797225958875462,0.061042113236109925,10
ens_entropy_epistemic,2.5003393462542986e-09,0.39760348583877997,730,0.7904109589041096,0.5804755286782105,0.06095849389118059,10
ens_entropy_epistemic,2.502997151842033e-09,0.39814814814814814,731,0.7906976744186046,0.5808753264955087,0.06087510332754489,10
ens_entropy_epistemic,2.5139268577598136e-09,0.39869281045751637,732,0.7909836065573771,0.5812732738121945,0.06079191360893372,10
ens_entropy_epistemic,2.5201288444938467e-09,0.39923747276688454,733,0.791268758526603,0.5816693834464186,0.06070897783214635,10
ens_entropy_epistemic,2.558746785583296e-09,0.3997821350762527,734,0.7915531335149864,0.5824179910312567,0.060626268003409936,10
ens_entropy_epistemic,2.5667473702029042e-09,0.40032679738562094,735,0.7904761904761904,0.5804328003024709,0.0625846096133648,10
ens_entropy_epistemic,2.573415798611782e-09,0.4008714596949891,736,0.7894021739130435,0.5781127498113934,0.06385827178475206,10
ens_entropy_epistemic,2.577369620452427e-09,0.4014161220043573,737,0.7896879240162822,0.578510628092404,0.06241477391368032,10
ens_entropy_epistemic,2.5951401774502354e-09,0.4019607843137255,738,0.7899728997289973,0.5789066813914965,0.060975155728355664,10
ens_entropy_epistemic,2.6094595457454896e-09,0.4025054466230937,739,0.790257104194858,0.579300922236138,0.06089264534607098,10
ens_entropy_epistemic,2.61234393000366e-09,0.40305010893246185,740,0.7905405405405406,0.5800503793093349,0.06081035796901634,10
ens_entropy_epistemic,2.625867092770973e-09,0.4035947712418301,741,0.7908232118758435,0.5807951588237227,0.06072829265366462,10
ens_entropy_epistemic,2.658248867566875e-09,0.40413943355119825,742,0.7911051212938005,0.5811878664287534,0.057950996318730415,10
ens_entropy_epistemic,2.690930880211246e-09,0.4046840958605665,743,0.7913862718707941,0.5819281438430013,0.057873000328451135,10
ens_entropy_epistemic,2.696561299571026e-09,0.40522875816993464,744,0.7916666666666666,0.5826638294176401,0.057795214025939755,10
ens_entropy_epistemic,2.7063224227109466e-09,0.4057734204793028,745,0.7919463087248322,0.5830550089364698,0.059059880141500244,10
ens_entropy_epistemic,2.71297351744855e-09,0.40631808278867104,746,0.792225201072386,0.5837862742698352,0.05898071137258626,10
ens_entropy_epistemic,2.7393519551348505e-09,0.4068627450980392,747,0.7925033467202142,0.584175803653837,0.05756306701682819,10
ens_entropy_epistemic,2.783933546933676e-09,0.4074074074074074,748,0.7927807486631016,0.5845635660025799,0.0588229631483989,10
ens_entropy_epistemic,2.786668750505255e-09,0.4079520697167756,749,0.7930574098798397,0.5852905770103198,0.0587444278001988,10
ens_entropy_epistemic,2.8935513126046148e-09,0.4084967320261438,750,0.7933333333333333,0.5856767102196181,0.05866610184043238,10
ens_entropy_epistemic,2.8998947184264977e-09,0.409041394335512,751,0.7936085219707057,0.5860610995935466,0.05858798450741218,10
ens_entropy_epistemic,2.9342959173561667e-09,0.4095860566448802,752,0.7925531914893617,0.5841091344824406,0.05917498951714862,10
ens_entropy_epistemic,2.957744577763334e-09,0.41013071895424835,753,0.7928286852589641,0.5848336408168459,0.05909640383915,10
ens_entropy_epistemic,2.959265943403011e-09,0.4106753812636166,754,0.7917771883289124,0.5828911298563102,0.05968113823221346,10
ens_entropy_epistemic,2.9752598519237668e-09,0.41122004357298475,755,0.7920529801324503,0.5836128918942654,0.05827753583213912,10
ens_entropy_epistemic,2.9962536841443297e-09,0.4117647058823529,756,0.7923280423280423,0.5839980933421189,0.0582004491374639,10
ens_entropy_epistemic,3.004676505603279e-09,0.41230936819172115,757,0.7926023778071334,0.5843815678581045,0.05944457060115113,10
ens_entropy_epistemic,3.0596504678505783e-09,0.4128540305010893,758,0.7928759894459103,0.5847633270294978,0.060685348590261784,10
ens_entropy_epistemic,3.0638568537465707e-09,0.4133986928104575,759,0.7931488801054019,0.5851433823401418,0.06060539421341845,10
ens_entropy_epistemic,3.1119188776913597e-09,0.4139433551198257,760,0.7934210526315789,0.5855217451715993,0.060525650242665215,10
ens_entropy_epistemic,3.114302990477627e-09,0.4144880174291939,761,0.7936925098554534,0.5862397362506451,0.060446115868358775,10
ens_entropy_epistemic,3.1856906846100386e-09,0.4150326797385621,762,0.7939632545931758,0.5869533693783274,0.06036671751267608,10
ens_entropy_epistemic,3.200124995589664e-09,0.4155773420479303,763,0.7942332896461337,0.5876626841114291,0.06028759986748127,10
ens_entropy_epistemic,3.215216296184084e-09,0.41612200435729846,764,0.7945026178010471,0.5880397301864242,0.06020868935313502,10
ens_entropy_epistemic,3.2553782747694477e-09,0.4166666666666667,765,0.7934640522875817,0.5858034802513895,0.060129843982015894,10
ens_entropy_epistemic,3.3677521226363495e-09,0.41721132897603486,766,0.793733681462141,0.5861809577865461,0.06005134546872551,10
ens_entropy_epistemic,3.3882817359424492e-09,0.417755991285403,767,0.7926988265971316,0.5842648367269714,0.05997305224787486,10
ens_entropy_epistemic,3.4035541133877664e-09,0.41830065359477125,768,0.79296875,0.5849749174109874,0.05989496309987461,10
ens_entropy_epistemic,3.404109934439356e-09,0.4188453159041394,769,0.7932379713914174,0.5853519579217238,0.05981707626285092,10
ens_entropy_epistemic,3.4414071592436812e-09,0.41938997821350765,770,0.7935064935064935,0.5857273373261598,0.06038868650127171,10
ens_entropy_epistemic,3.4571344075733933e-09,0.4199346405228758,771,0.7937743190661478,0.5864333932710115,0.06031036132760214,10
ens_entropy_epistemic,3.458284187771033e-09,0.420479302832244,772,0.7940414507772021,0.5868072386492165,0.05893690365798028,10
ens_entropy_epistemic,3.489303565413762e-09,0.4210239651416122,773,0.7943078913324709,0.5875091873823262,0.05886065926620994,10
ens_entropy_epistemic,3.4893071887560125e-09,0.4215686274509804,774,0.7945736434108527,0.5878815074777809,0.0587846118903959,10
ens_entropy_epistemic,3.4947271026115646e-09,0.42211328976034856,775,0.7948387096774193,0.5882521978260651,0.058708761022407824,10
ens_entropy_epistemic,3.5057021766247753e-09,0.4226579520697168,776,0.7951030927835051,0.588621269104585,0.05863310541113837,10
ens_entropy_epistemic,3.5089629725688975e-09,0.42320261437908496,777,0.7953667953667953,0.5893193717277486,0.05727064382076152,10
ens_entropy_epistemic,3.519911248969045e-09,0.42374727668845313,778,0.7956298200514139,0.5896869464843673,0.05719703151201356,10
ens_entropy_epistemic,3.565820633823269e-09,0.42429193899782136,779,0.7946084724005135,0.5877925204714722,0.05840730487542888,10
ens_entropy_epistemic,3.566401729493407e-09,0.42483660130718953,780,0.7935897435897435,0.5859053497942386,0.060255461184605896,10
ens_entropy_epistemic,3.585464672101325e-09,0.42538126361655776,781,0.793854033290653,0.5866026663159797,0.06017830895612998,10
ens_entropy_epistemic,3.5974480022715434e-09,0.42592592592592593,782,0.7941176470588235,0.5872958638458562,0.05882258315999893,10
ens_entropy_epistemic,3.599298967673574e-09,0.4264705882352941,783,0.7943805874840357,0.5879849787722206,0.05874745843966798,10
ens_entropy_epistemic,3.699556563698935e-09,0.42701525054466233,784,0.7946428571428571,0.5883534660439875,0.05867252543774064,10
ens_entropy_epistemic,3.6996098764080212e-09,0.4275599128540305,785,0.7949044585987262,0.5890386460077717,0.05859778368450666,10
ens_entropy_epistemic,3.703789363440179e-09,0.42810457516339867,786,0.7951653944020356,0.5894056495415344,0.05852323174385747,10
ens_entropy_epistemic,3.7053825469866152e-09,0.4286492374727669,787,0.795425667090216,0.5900869278275807,0.059719517950808265,10
ens_entropy_epistemic,3.753499877064187e-09,0.42919389978213507,788,0.7956852791878173,0.5904524559681835,0.059643732081684685,10
ens_entropy_epistemic,3.763860679371777e-09,0.4297385620915033,789,0.7959442332065906,0.5911298654899044,0.05956813797142366,10
ens_entropy_epistemic,3.769438164813513e-09,0.43028322440087147,790,0.7962025316455696,0.5918033313007478,0.05949273521453543,10
ens_entropy_epistemic,3.7836378147888475e-09,0.43082788671023964,791,0.7964601769911505,0.5924728877397223,0.059417523140032714,10
ens_entropy_epistemic,3.791262188727975e-09,0.43137254901960786,792,0.7967171717171717,0.5931385687483248,0.06060512811242677,10
ens_entropy_epistemic,3.795814583792078e-09,0.43191721132897604,793,0.7969735182849937,0.5935029498759875,0.06052870295732886,10
ens_entropy_epistemic,3.798022979316669e-09,0.4324618736383442,794,0.7972292191435768,0.5938657635389728,0.06045247031453186,10
ens_entropy_epistemic,3.801799130100061e-09,0.43300653594771243,795,0.7974842767295598,0.5945278123604156,0.060376429732502464,10
ens_entropy_epistemic,3.824436327795069e-09,0.4335511982570806,796,0.7977386934673367,0.5951860509191991,0.06030057992096057,10
ens_entropy_epistemic,3.837279160923597e-09,0.4340958605664488,797,0.7979924717691342,0.5955475145069832,0.06147962632064732,10
ens_entropy_epistemic,3.887360046252627e-09,0.434640522875817,798,0.7969924812030075,0.5936914624794136,0.06265571715187004,10
ens_entropy_epistemic,3.912631999358457e-09,0.4351851851851852,799,0.7972465581977471,0.5943476053477744,0.06257729947060542,10
ens_entropy_epistemic,3.961602355753896e-09,0.4357298474945534,800,0.7975,0.5947086968758796,0.06249907783522412,10
ens_entropy_epistemic,3.9771594645098284e-09,0.4362745098039216,801,0.797752808988764,0.5953611944394205,0.06242105140852745,10
ens_entropy_epistemic,4.069255899396637e-09,0.43681917211328974,802,0.7980049875311721,0.5960099750623442,0.06359010343037465,10
ens_entropy_epistemic,4.089036691118722e-09,0.43736383442265797,803,0.7982565379825654,0.5966550704146745,0.06351091274426608,10
ens_entropy_epistemic,4.119474866208699e-09,0.43790849673202614,804,0.7985074626865671,0.5970149253731343,0.06343191906109892,10
ens_entropy_epistemic,4.132822417624027e-09,0.4384531590413943,805,0.7975155279503106,0.5951741138504352,0.06273196267463071,10
ens_entropy_epistemic,4.145915472696476e-09,0.43899782135076254,806,0.7977667493796526,0.5955334987593053,0.06265413141995325,10
ens_entropy_epistemic,4.180008214585902e-09,0.4395424836601307,807,0.7980173482032218,0.5958913578426404,0.06381565120371628,10
ens_entropy_epistemic,4.192787207085353e-09,0.4400871459694989,808,0.7982673267326733,0.5965346534653466,0.06373667160424645,10
ens_entropy_epistemic,4.267461309847801e-09,0.4406318082788671,809,0.7985166872682324,0.5971743214553009,0.0636578870728108,10
ens_entropy_epistemic,4.3439900115289845e-09,0.4411764705882353,810,0.7987654320987654,0.5978103924113098,0.06357929700929407,10
ens_entropy_epistemic,4.391152693519182e-09,0.4417211328976035,811,0.7990135635018496,0.5981670339691466,0.0635009008093082,10
ens_entropy_epistemic,4.3918677804376796e-09,0.4422657952069717,812,0.7992610837438424,0.5987996362534103,0.062191171536845107,10
ens_entropy_epistemic,4.397697078454068e-09,0.44281045751633985,813,0.7995079950799509,0.5994287009748357,0.06211467560150749,10
ens_entropy_epistemic,4.422064936449033e-09,0.4433551198257081,814,0.7985257985257985,0.5976054546441038,0.06388107561088384,10
ens_entropy_epistemic,4.423359738872919e-09,0.44389978213507625,815,0.7987730061349694,0.5982325357701095,0.06380269408153323,10
ens_entropy_epistemic,4.427313277259706e-09,0.4444444444444444,816,0.7990196078431373,0.5985890144698007,0.0637245044134648,10
ens_entropy_epistemic,4.436636167199571e-09,0.44498910675381265,817,0.7980416156670747,0.5967749172192858,0.06364650694058324,10
ens_entropy_epistemic,4.456620233058941e-09,0.4455337690631808,818,0.7982885085574573,0.5974001181222148,0.06356869964043231,10
ens_entropy_epistemic,4.522937994428965e-09,0.44607843137254904,819,0.7973137973137974,0.5955940532211721,0.06471208337775099,10
ens_entropy_epistemic,4.5486704423168635e-09,0.4466230936819172,820,0.7975609756097561,0.5962172809036761,0.06463316616073811,10
ens_entropy_epistemic,4.559139828104126e-09,0.4471677559912854,821,0.7978075517661388,0.5965745274138451,0.06455444120028896,10
ens_entropy_epistemic,4.563602774551305e-09,0.4477124183006536,822,0.7980535279805353,0.5971944242724809,0.0656924537501676,10
ens_entropy_epistemic,4.58317826027003e-09,0.4482570806100218,823,0.7982989064398542,0.5975502701301457,0.06561263300473683,10
ens_entropy_epistemic,4.666554136820856e-09,0.44880174291938996,824,0.7985436893203883,0.5979046264014721,0.06553300600764962,10
ens_entropy_epistemic,4.688870913415344e-09,0.4493464052287582,825,0.7987878787878788,0.5985213154546575,0.06545357223077698,10
ens_entropy_epistemic,4.757484554156036e-09,0.44989106753812635,826,0.7978208232445521,0.5967292096661969,0.06658498430550595,10
ens_entropy_epistemic,4.7744565570790905e-09,0.4504357298474945,827,0.7980652962515115,0.5970832008355383,0.06771366102236429,10
ens_entropy_epistemic,4.7950850125549886e-09,0.45098039215686275,828,0.7983091787439613,0.5976980728051392,0.06521642245332801,10
ens_entropy_epistemic,4.8083091989470835e-09,0.4515250544662309,829,0.7985524728588661,0.5980506867888593,0.0651377536365792,10
ens_entropy_epistemic,4.866536704223349e-09,0.45206971677559915,830,0.7987951807228916,0.5986623041955006,0.06505927439479756,10
ens_entropy_epistemic,4.870073274603016e-09,0.4526143790849673,831,0.7978339350180506,0.5966042729757687,0.06618435345136961,10
ens_entropy_epistemic,4.904216886471984e-09,0.4531590413943355,832,0.7980769230769231,0.5972151782009314,0.06490288285593401,10
ens_entropy_epistemic,4.904859950710516e-09,0.4537037037037037,833,0.7983193277310925,0.5975683401103105,0.06482496819006418,10
ens_entropy_epistemic,5.005387947995686e-09,0.4542483660130719,834,0.7985611510791367,0.5979200385688213,0.06474724037793048,10
ens_entropy_epistemic,5.0131322433156626e-09,0.45479302832244006,835,0.7988023952095809,0.5985278208657924,0.0646696988886314,10
ens_entropy_epistemic,5.083792602104114e-09,0.4553376906318083,836,0.7990430622009569,0.5991323210412146,0.06459234277458427,10
ens_entropy_epistemic,5.0920098055936435e-09,0.45588235294117646,837,0.7980884109916367,0.5970906832935036,0.06451517228613056,10
ens_entropy_epistemic,5.15836702792978e-09,0.4564270152505447,838,0.7983293556085919,0.5976944884752831,0.06205235423428139,10
ens_entropy_epistemic,5.170932595298069e-09,0.45697167755991286,839,0.798569725864124,0.5982950537293222,0.0619783943080969,10
ens_entropy_epistemic,5.171234353453074e-09,0.45751633986928103,840,0.7988095238095239,0.5988924050632912,0.06190461049311995,10
ens_entropy_epistemic,5.2030081966836704e-09,0.45806100217864926,841,0.7990487514863258,0.5994865682072439,0.061831002130500336,10
ens_entropy_epistemic,5.267551066670179e-09,0.45860566448801743,842,0.7992874109263658,0.5998391460115522,0.06294441814330039,10
ens_entropy_epistemic,5.317045776649722e-09,0.4591503267973856,843,0.7995255041518387,0.6004302329820979,0.06286975096875021,10
ens_entropy_epistemic,5.339347879546129e-09,0.4596949891067538,844,0.7997630331753555,0.6010181818181818,0.06279526072430917,10
ens_entropy_epistemic,5.354852368733033e-09,0.460239651416122,845,0.8,0.6013694768018001,0.06272094693868009,10
ens_entropy_epistemic,5.3706558785182155e-09,0.46078431372549017,846,0.8002364066193853,0.6017193254182708,0.06264680867732124,10
ens_entropy_epistemic,5.3730306432750235e-09,0.4613289760348584,847,0.8004722550177096,0.6023043305522449,0.061393001962390975,10
ens_entropy_epistemic,5.475704546153028e-09,0.46187363834422657,848,0.8007075471698113,0.6026528258362168,0.06132060447575992,10
ens_entropy_epistemic,5.517329725430262e-09,0.4624183006535948,849,0.800942285041225,0.6032348248333227,0.06124837760173104,10
ens_entropy_epistemic,5.532258813616977e-09,0.46296296296296297,850,0.8011764705882353,0.6035819742252394,0.06117632063895156,10
ens_entropy_epistemic,5.567150889614618e-09,0.46350762527233114,851,0.8014101057579318,0.6041609899622103,0.061104433055179916,10
ens_entropy_epistemic,5.5990662239112775e-09,0.46405228758169936,852,0.8016431924882629,0.6045068008525786,0.06220563589841404,10
ens_entropy_epistemic,5.6285653222108176e-09,0.46459694989106753,853,0.8007033997655334,0.6027580388010148,0.0633050430991496,10
ens_entropy_epistemic,5.6346657113356614e-09,0.4651416122004357,854,0.8009367681498829,0.603103436963487,0.06323091540035228,10
ens_entropy_epistemic,5.678215343237515e-09,0.46568627450980393,855,0.8011695906432749,0.6034474291607327,0.0631569612310321,10
ens_entropy_epistemic,5.683027148184765e-09,0.4662309368191721,856,0.8014018691588785,0.6040250559186715,0.06308317971562219,10
ens_entropy_epistemic,5.757804127569562e-09,0.46677559912854033,857,0.8016336056009334,0.6045996602091939,0.06417643245426884,10
ens_entropy_epistemic,5.805243408964526e-09,0.4673202614379085,858,0.8018648018648019,0.6051712656932648,0.06410163483961188,10
ens_entropy_epistemic,5.832828916637332e-09,0.4678649237472767,859,0.8020954598370198,0.6055141040256309,0.06402701124876717,10
ens_entropy_epistemic,5.8455231852314165e-09,0.4684095860566449,860,0.8023255813953488,0.6058555522605343,0.06395256120534593,10
ens_entropy_epistemic,5.850426303503578e-09,0.46895424836601307,861,0.8025551684088269,0.606195618835456,0.0638782841040301,10
ens_entropy_epistemic,5.85442008811187e-09,0.46949891067538124,862,0.802784222737819,0.6067644880478301,0.06264408768858139,10
ens_entropy_epistemic,5.861059797340281e-09,0.47004357298474947,863,0.8030127462340672,0.607103260258271,0.06257149889540661,10
ens_entropy_epistemic,5.890270651271651e-09,0.47058823529411764,864,0.8032407407407407,0.6076692540694163,0.06249907818363414,10
ens_entropy_epistemic,5.897827430900191e-09,0.4711328976034858,865,0.8023121387283237,0.6056914361879375,0.06358289438544663,10
ens_entropy_epistemic,5.914755122874856e-09,0.47167755991285404,866,0.8025404157043879,0.6060306159911887,0.0635094730142555,10
ens_entropy_epistemic,5.951471785018766e-09,0.4722222222222222,867,0.8027681660899654,0.6065961359348505,0.06458962455132325,10
ens_entropy_epistemic,5.954700322221418e-09,0.47276688453159044,868,0.8029953917050692,0.6071587372165408,0.06221183415082653,10
ens_entropy_epistemic,5.962094975841202e-09,0.4733115468409586,869,0.8020713463751439,0.6051919785305243,0.06329099196376373,10
ens_entropy_epistemic,5.995074492624779e-09,0.4738562091503268,870,0.8022988505747126,0.6055316254817501,0.06321824365541304,10
ens_entropy_epistemic,6.13197276454546e-09,0.474400871459695,871,0.8025258323765786,0.6060937516433356,0.06314566242178865,10
ens_entropy_epistemic,6.185892789305963e-09,0.4749455337690632,872,0.8027522935779816,0.6064321101687798,0.06307324764270666,10
ens_entropy_epistemic,6.187905243913409e-09,0.47549019607843135,873,0.8029782359679267,0.6069914256101009,0.06300099865056263,10
ens_entropy_epistemic,6.231496098733916e-09,0.4760348583877996,874,0.8020594965675057,0.6050372754201648,0.06407307969190436,10
ens_entropy_epistemic,6.233980225920901e-09,0.47657952069716775,875,0.8022857142857143,0.6053760105111406,0.0639998532406947,10
ens_entropy_epistemic,6.273114121593945e-09,0.477124183006536,876,0.8025114155251142,0.6057133936934125,0.06392679399956093,10
ens_entropy_epistemic,6.27852676823567e-09,0.47766884531590414,877,0.8027366020524516,0.6062723014441606,0.0638539013665063,10
ens_entropy_epistemic,6.296015159822511e-09,0.4782135076252723,878,0.8029612756264237,0.6068283591747988,0.06378117478949251,10
ens_entropy_epistemic,6.311916634984307e-09,0.47875816993464054,879,0.8031854379977247,0.6073815886294102,0.06370861370558804,10
ens_entropy_epistemic,6.347552750342721e-09,0.4793028322440087,880,0.803409090909091,0.6079320113314448,0.06363621750415918,10
ens_entropy_epistemic,6.481270809922095e-09,0.4798474945533769,881,0.8036322360953462,0.6084796485865112,0.06356398566633913,10
ens_entropy_epistemic,6.4920864775951305e-09,0.4803921568627451,882,0.8038548752834467,0.6088160343740224,0.06349191762300117,10
ens_entropy_epistemic,6.664774502585505e-09,0.4809368191721133,883,0.8040770101925255,0.6091510826708696,0.06342001280069498,10
ens_entropy_epistemic,6.721424880322057e-09,0.48148148148148145,884,0.8042986425339367,0.6094848014381435,0.06334827065992987,10
ens_entropy_epistemic,6.724734630514402e-09,0.4820261437908497,885,0.8045197740112995,0.6098171985738788,0.06327669064472824,10
ens_entropy_epistemic,6.730293038608515e-09,0.48257080610021785,886,0.8047404063205418,0.6101482819136761,0.06320527223415724,10
ens_entropy_epistemic,6.7379095198818284e-09,0.4831154684095861,887,0.8049605411499436,0.610693491304403,0.06313401485496685,10
ens_entropy_epistemic,6.938726807730584e-09,0.48366013071895425,888,0.8040540540540541,0.6089966798931087,0.06418904397545391,10
ens_entropy_epistemic,6.949797890388697e-09,0.4842047930283224,889,0.8031496062992126,0.607075296571964,0.06524169969406045,10
ens_entropy_epistemic,7.0672611430842335e-09,0.48474945533769065,890,0.8033707865168539,0.6076213413681733,0.06516839432972232,10
ens_entropy_epistemic,7.078839983104348e-09,0.4852941176470588,891,0.8024691358024691,0.6057066132949808,0.06621758803145673,10
ens_entropy_epistemic,7.088649767795677e-09,0.485838779956427,892,0.8026905829596412,0.606252131864604,0.06614335304585542,10
ens_entropy_epistemic,7.168774290540272e-09,0.4863834422657952,893,0.8029115341545353,0.6067949263215833,0.0660692842517587,10
ens_entropy_epistemic,7.1964323381258505e-09,0.4869281045751634,894,0.8031319910514542,0.607129124240321,0.06599538122744189,10
ens_entropy_epistemic,7.22003146355068e-09,0.4874727668845316,895,0.8033519553072626,0.6076692785518234,0.06592164332329076,10
ens_entropy_epistemic,7.2823844865835445e-09,0.4880174291938998,896,0.8035714285714286,0.6082067488534105,0.06584806998527469,10
ens_entropy_epistemic,7.488411080214367e-09,0.48856209150326796,897,0.8037904124860646,0.6087415551006449,0.06577466073242823,10
ens_entropy_epistemic,7.630868638420903e-09,0.4891067538126362,898,0.8028953229398663,0.6068437377869902,0.0668150005273977,10
ens_entropy_epistemic,7.791670748045251e-09,0.48965141612200436,899,0.8020022246941045,0.6051705675386262,0.06785302608334307,10
ens_entropy_epistemic,7.796094846188425e-09,0.49019607843137253,900,0.8022222222222222,0.605706184653553,0.067777633789753,10
ens_entropy_epistemic,7.845090846047038e-09,0.49074074074074076,901,0.802441731409545,0.6062391664088702,0.06770240855777716,10
ens_entropy_epistemic,7.956165674516144e-09,0.4912854030501089,902,0.802660753880266,0.6065748913251229,0.067627350431031,10
ens_entropy_epistemic,7.967203896619424e-09,0.4918300653594771,903,0.8017718715393134,0.6049105997091282,0.06810617664375399,10
ens_entropy_epistemic,8.149752794282307e-09,0.4923747276688453,904,0.8019911504424779,0.6052459528293603,0.0680308377961492,10
ens_entropy_epistemic,8.207607453769043e-09,0.4929193899782135,905,0.8022099447513812,0.6057777247805549,0.06795566553371205,10
ens_entropy_epistemic,8.288103723655853e-09,0.4934640522875817,906,0.8024282560706402,0.6061118316550328,0.06788065923401462,10
ens_entropy_epistemic,8.332700297322457e-09,0.4940087145969499,907,0.802646085997795,0.6064446378315222,0.0678058183263989,10
ens_entropy_epistemic,8.348680509998823e-09,0.49455337690631807,908,0.802863436123348,0.6069739323886443,0.06773114226376191,10
ens_entropy_epistemic,8.411518475100735e-09,0.4950980392156863,909,0.8030803080308031,0.6073055062809978,0.06765663051107532,10
ens_entropy_epistemic,8.453371985166709e-09,0.49564270152505446,910,0.8021978021978022,0.605652791487108,0.0686811836110546,10
ens_entropy_epistemic,8.507167456552143e-09,0.49618736383442263,911,0.8024149286498353,0.605984006766368,0.06860579260348189,10
ens_entropy_epistemic,8.578666048683768e-09,0.49673202614379086,912,0.8026315789473685,0.6065121095323018,0.06853056692154097,10
ens_entropy_epistemic,8.806688962195905e-09,0.49727668845315903,913,0.8017524644030668,0.6048668048711088,0.06955079599927515,10
ens_entropy_epistemic,8.825844973808017e-09,0.49782135076252726,914,0.8019693654266958,0.6053935950462507,0.06947470100692926,10
ens_entropy_epistemic,8.918296001960791e-09,0.49836601307189543,915,0.8021857923497268,0.6057245702287113,0.06939877232528391,10
ens_entropy_epistemic,9.091097680748355e-09,0.4989106753812636,916,0.8024017467248908,0.606248871916175,0.0693230094010825,10
ens_entropy_epistemic,9.113524423455995e-09,0.49945533769063183,917,0.8026172300981461,0.6067706420714213,0.06924741174522464,10
ens_entropy_epistemic,9.200341269951434e-09,0.5,918,0.8028322440087146,0.6071004629914258,0.0691719787584365,10
ens_entropy_epistemic,9.228150027052747e-09,0.5005446623093682,919,0.8030467899891186,0.6076197800072183,0.06909670998995758,10
ens_entropy_epistemic,9.454991140841219e-09,0.5010893246187363,920,0.8032608695652174,0.6081366015286719,0.06902160478410566,10
ens_entropy_epistemic,9.494045668349729e-09,0.5016339869281046,921,0.8034744842562432,0.6086509455002171,0.06894666272814465,10
ens_entropy_epistemic,9.516295291392888e-09,0.5021786492374728,922,0.8036876355748374,0.6089796759968698,0.06887188320309505,10
ens_entropy_epistemic,9.612265094993688e-09,0.5027233115468409,923,0.8039003250270856,0.6093071441767793,0.06825550037356584,10
ens_entropy_epistemic,9.718290117860771e-09,0.5032679738562091,924,0.8041125541125541,0.6098191455607608,0.06818163072405443,10
ens_entropy_epistemic,9.743010137849629e-09,0.5038126361655774,925,0.8043243243243243,0.6103287040592845,0.06810792082529565,10
ens_entropy_epistemic,9.79553956599881e-09,0.5043572984749455,926,0.8045356371490281,0.6106550331953485,0.06803437013062645,10
ens_entropy_epistemic,9.853970587457266e-09,0.5049019607843137,927,0.8047464940668824,0.6111622237311388,0.0679609780983508,10
ens_entropy_epistemic,9.87308475538778e-09,0.5054466230936819,928,0.8049568965517241,0.611487361681655,0.06788774425859521,10
ens_entropy_epistemic,9.95705090806184e-09,0.5059912854030502,929,0.8051668460710442,0.6119922005699584,0.06781466808368458,10
ens_entropy_epistemic,9.957999967299356e-09,0.5065359477124183,930,0.8053763440860215,0.6123161536087557,0.067741749034398,10
ens_entropy_epistemic,1.0163202136168224e-08,0.5070806100217865,931,0.8055853920515574,0.6126388719676891,0.06766898660521757,10
ens_entropy_epistemic,1.0300943982165896e-08,0.5076252723311547,932,0.805793991416309,0.612960362691923,0.06759638020093708,10
ens_entropy_epistemic,1.034821910572097e-08,0.5081699346405228,933,0.8060021436227224,0.6134629778409519,0.06752392957767188,10
ens_entropy_epistemic,1.038475787021403e-08,0.5087145969498911,934,0.8062098501070664,0.6139632171939294,0.06745163411676683,10
ens_entropy_epistemic,1.0404287438623439e-08,0.5092592592592593,935,0.8064171122994652,0.614283597907716,0.06737949326693006,10
ens_entropy_epistemic,1.0579485954172733e-08,0.5098039215686274,936,0.8066239316239316,0.614781533088369,0.06730750659212016,10
ens_entropy_epistemic,1.0713376750100706e-08,0.5103485838779956,937,0.8068303094983992,0.6151007541526055,0.06723567357331707,10
ens_entropy_epistemic,1.1181975671053107e-08,0.5108932461873639,938,0.8070362473347548,0.6155964009002277,0.0671639936482508,10
ens_entropy_epistemic,1.1314336887241091e-08,0.511437908496732,939,0.8072417465388712,0.6160897211461358,0.06709246640193584,10
ens_entropy_epistemic,1.1398169881425911e-08,0.5119825708061002,940,0.8074468085106383,0.6165807312324223,0.06702109113576625,10
ens_entropy_epistemic,1.1509358773902745e-08,0.5125272331154684,941,0.8076514346439958,0.6170694473484823,0.06694986769747738,10
ens_entropy_epistemic,1.1850202015085215e-08,0.5130718954248366,942,0.807855626326964,0.6175558855327912,0.0668787956248296,10
ens_entropy_epistemic,1.1850598753635484e-08,0.5136165577342048,943,0.8080593849416755,0.6180400616746594,0.06680787420241645,10
ens_entropy_epistemic,1.206163107027621e-08,0.514161220043573,944,0.8082627118644068,0.6185219915159634,0.06673710312003904,10
ens_entropy_epistemic,1.2076020676972132e-08,0.5147058823529411,945,0.8084656084656084,0.6188403762459638,0.06666648172587751,10
ens_entropy_epistemic,1.233780242769413e-08,0.5152505446623094,946,0.8086680761099366,0.6191575585300647,0.06659600971442801,10
ens_entropy_epistemic,1.239122479416847e-08,0.5157952069716776,947,0.808870116156283,0.6196373610035484,0.06652568654686493,10
ens_entropy_epistemic,1.2402988223914342e-08,0.5163398692810458,948,0.8090717299578059,0.6199533989528053,0.0664555117349636,10
ens_entropy_epistemic,1.2443072543404085e-08,0.5168845315904139,949,0.80927291886196,0.6202682477677338,0.06638548479578624,10
ens_entropy_epistemic,1.2494101087057174e-08,0.5174291938997821,950,0.8084210526315789,0.6184705280067788,0.06684197995850198,10
ens_entropy_epistemic,1.2535445035683406e-08,0.5179738562091504,951,0.8086225026288117,0.618785625556133,0.06677169394061425,10
ens_entropy_epistemic,1.257932319021941e-08,0.5185185185185185,952,0.8088235294117647,0.6192652688110609,0.06670155554647601,10
ens_entropy_epistemic,1.2832700396605645e-08,0.5190631808278867,953,0.8090241343126967,0.6197427038024412,0.06663156437931132,10
ens_entropy_epistemic,1.3044298532927815e-08,0.5196078431372549,954,0.8092243186582809,0.6202179457454208,0.06656171966614981,10
ens_entropy_epistemic,1.329960999076502e-08,0.5201525054466231,955,0.8094240837696335,0.620532010584321,0.06649202142507704,10
ens_entropy_epistemic,1.3640287549456182e-08,0.5206971677559913,956,0.8096234309623431,0.6210051232007807,0.06642246887210851,10
ens_entropy_epistemic,1.3822975007414284e-08,0.5212418300653595,957,0.8098223615464994,0.6213180620417961,0.06635306183692709,10
ens_entropy_epistemic,1.3929975446056108e-08,0.5217864923747276,958,0.8100208768267223,0.6217890594834729,0.06628379972059871,10
ens_entropy_epistemic,1.3955811656528883e-08,0.5223311546840959,959,0.8091762252346194,0.6201996636924149,0.06725743492186902,10
ens_entropy_epistemic,1.4036136214790718e-08,0.5228758169934641,960,0.809375,0.6206697010787421,0.06718737504302892,10
ens_entropy_epistemic,1.4244771491228178e-08,0.5234204793028322,961,0.809573361082206,0.6209824632486848,0.06711746095213734,10
ens_entropy_epistemic,1.4287099951114995e-08,0.5239651416122004,962,0.8097713097713097,0.6214504122101949,0.0670476921300853,10
ens_entropy_epistemic,1.4359922833749365e-08,0.5245098039215687,963,0.8099688473520249,0.621762058374703,0.06697806830635868,10
ens_entropy_epistemic,1.4616808964157615e-08,0.5250544662309368,964,0.8101659751037344,0.6222279326737762,0.06690858895078187,10
ens_entropy_epistemic,1.476010015296605e-08,0.525599128540305,965,0.8103626943005181,0.6226916987686922,0.06683925359011897,10
ens_entropy_epistemic,1.5531550657861154e-08,0.5261437908496732,966,0.8105590062111802,0.6231533709374162,0.06677006178771419,10
ens_entropy_epistemic,1.564801414513709e-08,0.5266884531590414,967,0.8107549120992761,0.6234640009702725,0.0667010130896837,10
ens_entropy_epistemic,1.5836731453185565e-08,0.5272331154684096,968,0.8109504132231405,0.6237734791141015,0.0666321070245897,10
ens_entropy_epistemic,1.5842187516990537e-08,0.5277777777777778,969,0.8111455108359134,0.6240818117642569,0.06656334318048064,10
ens_entropy_epistemic,1.58676080612417e-08,0.528322440087146,970,0.811340206185567,0.6243890052688377,0.06649472109422014,10
ens_entropy_epistemic,1.587900585450727e-08,0.5288671023965141,971,0.811534500514933,0.6248487829800888,0.06642624017692864,10
ens_entropy_epistemic,1.599564625198724e-08,0.5294117647058824,972,0.8117283950617284,0.625154889448973,0.06584343455762551,10
ens_entropy_epistemic,1.6097979344589063e-08,0.5299564270152506,973,0.8119218910585817,0.6256126458943526,0.06577576399591067,10
ens_entropy_epistemic,1.6426224184648586e-08,0.5305010893246187,974,0.8121149897330595,0.6260683491723833,0.0657082323852161,10
ens_entropy_epistemic,1.64324545956998e-08,0.5310457516339869,975,0.8123076923076923,0.6263734192721584,0.06564083929031478,10
ens_entropy_epistemic,1.650095901584937e-08,0.5315904139433552,976,0.8125,0.6268271279929799,0.06557358430633682,10
ens_entropy_epistemic,1.658882789774756e-08,0.5321350762527233,977,0.8116683725690891,0.6250771669308418,0.06653000826165835,10
ens_entropy_epistemic,1.7083072077831546e-08,0.5326797385620915,978,0.810838445807771,0.6233308767503155,0.0674844764784817,10
ens_entropy_epistemic,1.7094290346338485e-08,0.5332244008714597,979,0.8110316649642493,0.6237861304695533,0.06741554439273696,10
ens_entropy_epistemic,1.7243941106260353e-08,0.5337690631808278,980,0.8112244897959183,0.6240928882438315,0.06734675289646956,10
ens_entropy_epistemic,1.7354752576949516e-08,0.5343137254901961,981,0.8114169215086646,0.6245461598138091,0.06727810170424497,10
ens_entropy_epistemic,1.7604321189380847e-08,0.5348583877995643,982,0.8116089613034623,0.6249974197543605,0.06720959036074985,10
ens_entropy_epistemic,1.79319618171335e-08,0.5354030501089324,983,0.8118006103763988,0.6253031386309365,0.06714121841832213,10
ens_entropy_epistemic,1.8168524900096864e-08,0.5359477124183006,984,0.8119918699186992,0.625607739578963,0.06707298540686653,10
ens_entropy_epistemic,1.901459323800847e-08,0.5364923747276689,985,0.8121827411167513,0.6259112287191784,0.06700489089625142,10
ens_entropy_epistemic,1.914062443205217e-08,0.5370370370370371,986,0.8123732251521298,0.6262136121277198,0.06693693458368351,10
ens_entropy_epistemic,1.9222537225982647e-08,0.5375816993464052,987,0.8125633232016211,0.6266630408780406,0.06686911596127375,10
ens_entropy_epistemic,1.9266084671154783e-08,0.5381263616557734,988,0.812753036437247,0.6269643658924854,0.06680143455642204,10
ens_entropy_epistemic,1.9493954655498755e-08,0.5386710239651417,989,0.8129423660262892,0.6274118497551242,0.06673389008604455,10
ens_entropy_epistemic,1.983966938794534e-08,0.5392156862745098,990,0.8131313131313131,0.6278573605608048,0.06666648176376724,10
ens_entropy_epistemic,1.9952807348164775e-08,0.539760348583878,991,0.8133198789101918,0.6281576732346945,0.06659920979491343,10
ens_entropy_epistemic,2.0327205777745172e-08,0.5403050108932462,992,0.813508064516129,0.6286012644394615,0.06653207346793018,10
ens_entropy_epistemic,2.0462745574189253e-08,0.5408496732026143,993,0.8136958710976838,0.6289005290599137,0.0664650723490821,10
ens_entropy_epistemic,2.053841499793183e-08,0.5413943355119826,994,0.8128772635814889,0.6273536798229524,0.06740424224768078,10
ens_entropy_epistemic,2.0981046266074915e-08,0.5419389978213508,995,0.8130653266331658,0.6277965038171622,0.06733649924787291,10
ens_entropy_epistemic,2.1063124520777622e-08,0.5424836601307189,996,0.8132530120481928,0.6280955898885426,0.06726889228051844,10
ens_entropy_epistemic,2.116356847128033e-08,0.5430283224400871,997,0.8134403209628887,0.6285365169664677,0.0672014209376831,10
ens_entropy_epistemic,2.2053591356830488e-08,0.5435729847494554,998,0.8136272545090181,0.6289755192759718,0.06713408480416179,10
ens_entropy_epistemic,2.2702262815800683e-08,0.5441176470588235,999,0.8138138138138138,0.629273606588776,0.06706688341254256,10
ens_entropy_epistemic,2.3183513288845075e-08,0.5446623093681917,1000,0.814,0.6297107363978419,0.06699981647016333,10
ens_entropy_epistemic,2.3251426045472578e-08,0.5452069716775599,1001,0.8131868131868132,0.6280030604437643,0.06793188439227704,10
ens_entropy_epistemic,2.3710448500748596e-08,0.545751633986928,1002,0.8133732534930139,0.6284399849293065,0.06786408799249746,10
ens_entropy_epistemic,2.3764670071077653e-08,0.5462962962962963,1003,0.8135593220338984,0.6288750160768525,0.06779642683347785,10
ens_entropy_epistemic,2.4782897297906002e-08,0.5468409586056645,1004,0.8137450199203188,0.6291734479434956,0.06772890039268742,10
ens_entropy_epistemic,2.4932061566795178e-08,0.5473856209150327,1005,0.8139303482587065,0.6294708077767066,0.06766150824158941,10
ens_entropy_epistemic,2.4952620275864916e-08,0.5479302832244008,1006,0.8131212723658051,0.6277725950505609,0.0685882859787131,10
ens_entropy_epistemic,2.511756696973389e-08,0.5484749455337691,1007,0.8133068520357497,0.6280701754385963,0.0685201743930852,10
ens_entropy_epistemic,2.5145016533966827e-08,0.5490196078431373,1008,0.8134920634920635,0.6283666913763282,0.06845219729781041,10
ens_entropy_epistemic,2.518328769800473e-08,0.5495642701525054,1009,0.8136769078295342,0.6288016656686743,0.06838435557260795,10
ens_entropy_epistemic,2.61587757546852e-08,0.5501089324618736,1010,0.8138613861386138,0.6292347646105481,0.06831664824930006,10
ens_entropy_epistemic,2.6274057619053483e-08,0.5506535947712419,1011,0.8140454995054401,0.6296660003039549,0.06824907482946853,10
ens_entropy_epistemic,2.6883896506435637e-08,0.55119825708061,1012,0.8142292490118577,0.6299615677854019,0.06818163476651752,10
ens_entropy_epistemic,2.7085661976787062e-08,0.5517429193899782,1013,0.8144126357354393,0.6303909885921228,0.068114328006202,10
ens_entropy_epistemic,2.754413373723784e-08,0.5522875816993464,1014,0.814595660749507,0.6308185698460776,0.06804715401695426,10
ens_entropy_epistemic,2.755442651844803e-08,0.5528322440087146,1015,0.8137931034482758,0.6291359361255835,0.06896533411317983,10
ens_entropy_epistemic,2.7684703391753645e-08,0.5533769063180828,1016,0.8139763779527559,0.629431789234795,0.06889745479168581,10
ens_entropy_epistemic,2.7877785375181353e-08,0.553921568627451,1017,0.8141592920353983,0.6298592135136543,0.06882970892470693,10
ens_entropy_epistemic,2.7877785376191652e-08,0.5544662309368191,1018,0.8143418467583498,0.6301540496172788,0.06876209615373383,10
ens_entropy_epistemic,2.8543870877985145e-08,0.5550108932461874,1019,0.8145240431795878,0.6305796870714111,0.06869461600899968,10
ens_entropy_epistemic,2.864816760601052e-08,0.5555555555555556,1020,0.8147058823529412,0.6308735112779075,0.06862726823191544,10
ens_entropy_epistemic,2.9832058660115484e-08,0.5561002178649237,1021,0.8148873653281097,0.6311662942695441,0.06856005244362869,10
ens_entropy_epistemic,3.093665399033024e-08,0.5566448801742919,1022,0.815068493150685,0.6314580415711086,0.06849296813722268,10
ens_entropy_epistemic,3.096099631397454e-08,0.5571895424836601,1023,0.8152492668621701,0.6317487586683708,0.06842601499510409,10
ens_entropy_epistemic,3.1537021416857494e-08,0.5577342047930284,1024,0.8154296875,0.6321727231260453,0.06835919265971623,10
ens_entropy_epistemic,3.220475779851753e-08,0.5582788671023965,1025,0.8146341463414634,0.6306642543684974,0.06926811035662972,10
ens_entropy_epistemic,3.255869081642984e-08,0.5588235294117647,1026,0.8148148148148148,0.6309548149662645,0.06920059678335205,10
ens_entropy_epistemic,3.297530074231026e-08,0.559368191721133,1027,0.8149951314508277,0.6312443542382428,0.06913321543090344,10
ens_entropy_epistemic,3.34813499147657e-08,0.5599128540305011,1028,0.8151750972762646,0.6315328775599524,0.06857967464923397,10
ens_entropy_epistemic,3.3904254980907754e-08,0.5604575163398693,1029,0.815354713313897,0.6319562360931753,0.06851302763454559,10
ens_entropy_epistemic,3.4070108496054054e-08,0.5610021786492375,1030,0.8155339805825242,0.6322437827212831,0.06844650998116386,10
ens_entropy_epistemic,3.4241316885474456e-08,0.5615468409586056,1031,0.8157129000969933,0.6326653840239728,0.06838012141388225,10
ens_entropy_epistemic,3.521716321009826e-08,0.5620915032679739,1032,0.814922480620155,0.6311664982597956,0.06928285373583319,10
ens_entropy_epistemic,3.734434522640839e-08,0.5626361655773421,1033,0.8151016456921588,0.6314538950789664,0.069215784082014,10
ens_entropy_epistemic,3.762765922605735e-08,0.5631808278867102,1034,0.8152804642166345,0.6318748299116846,0.06914884419789825,10
ens_entropy_epistemic,3.7754800509819415e-08,0.5637254901960784,1035,0.8154589371980676,0.6322939936795153,0.06908203367166518,10
ens_entropy_epistemic,3.889031827359121e-08,0.5642701525054467,1036,0.8156370656370656,0.6327113975365106,0.06901535202337421,10
ens_entropy_epistemic,3.938114069788906e-08,0.5648148148148148,1037,0.8158148505303761,0.6329978932311016,0.06894879903779455,10
ens_entropy_epistemic,3.9568880345552375e-08,0.565359477124183,1038,0.8159922928709056,0.6334135815480879,0.06888237406566966,10
ens_entropy_epistemic,3.989541929817808e-08,0.5659041394335512,1039,0.8161693936477382,0.6338275318061463,0.06881607718835042,10
ens_entropy_epistemic,4.092233937058087e-08,0.5664488017429193,1040,0.8163461538461538,0.6342397548831865,0.06874990769365263,10
ens_entropy_epistemic,4.1280944773625095e-08,0.5669934640522876,1041,0.8165225744476465,0.6345253522291765,0.06820366367406347,10
ens_entropy_epistemic,4.1288045316878066e-08,0.5675381263616558,1042,0.8166986564299424,0.6348099570261037,0.0681382090185768,10
ens_entropy_epistemic,4.1751281234687155e-08,0.568082788671024,1043,0.8168744007670182,0.635093574439167,0.06807287986509702,10
ens_entropy_epistemic,4.244406062636388e-08,0.5686274509803921,1044,0.8170498084291188,0.6355041786395842,0.0680076758435575,10
ens_entropy_epistemic,4.2540838235358406e-08,0.5691721132897604,1045,0.8172248803827751,0.635913076629813,0.06794259668109873,10
ens_entropy_epistemic,4.3466225918928544e-08,0.5697167755991286,1046,0.8173996175908221,0.6361957760790155,0.06787764173596801,10
ens_entropy_epistemic,4.377986487292814e-08,0.5702614379084967,1047,0.8166189111747851,0.6345616171899144,0.06876792086724462,10
ens_entropy_epistemic,4.409865296631415e-08,0.5708061002178649,1048,0.816793893129771,0.6348445309069001,0.06870230255974077,10
ens_entropy_epistemic,4.475909289278567e-08,0.5713507625272332,1049,0.8169685414680649,0.6352533385489673,0.06863680916408858,10
ens_entropy_epistemic,4.6164709123437125e-08,0.5718954248366013,1050,0.8171428571428572,0.6355353075170843,0.06857144068102948,10
ens_entropy_epistemic,4.6811044458683543e-08,0.5724400871459695,1051,0.8173168411037107,0.635942455699765,0.06850619659132846,10
ens_entropy_epistemic,4.6996085838438974e-08,0.5729847494553377,1052,0.8174904942965779,0.6363479237782483,0.06844107654622734,10
ens_entropy_epistemic,4.7377678768951636e-08,0.5735294117647058,1053,0.8176638176638177,0.636751722130591,0.06837608015726933,10
ens_entropy_epistemic,4.854975887401806e-08,0.5740740740740741,1054,0.8178368121442126,0.6371538610495514,0.06831120703585802,10
ens_entropy_epistemic,5.035884642630033e-08,0.5746187363834423,1055,0.8180094786729858,0.6375543507434646,0.06824645702564733,10
ens_entropy_epistemic,5.139852117194714e-08,0.5751633986928104,1056,0.8181818181818182,0.6378355012378671,0.06818182959756955,10
ens_entropy_epistemic,5.1406279268625974e-08,0.5757080610021786,1057,0.8183538315988647,0.638234381851824,0.0681173243118067,10
ens_entropy_epistemic,5.258738263375058e-08,0.5762527233115469,1058,0.8185255198487713,0.6386316332520948,0.06805294110608409,10
ens_entropy_epistemic,5.275987160370787e-08,0.576797385620915,1059,0.8186968838526912,0.6389118767958686,0.06798867936035252,10
ens_entropy_epistemic,5.278947350856301e-08,0.5773420479302832,1060,0.8188679245283019,0.6391911584814544,0.06792453903603615,10
ens_entropy_epistemic,5.365754292960632e-08,0.5778867102396514,1061,0.819038642789821,0.6395868496757005,0.06786051946891508,10
ens_entropy_epistemic,5.4137328002181456e-08,0.5784313725490197,1062,0.8192090395480226,0.6399809311933895,0.06779662052537472,10
ens_entropy_epistemic,5.472579127580001e-08,0.5789760348583878,1063,0.819379115710254,0.6403734128368592,0.06773284182122455,10
ens_entropy_epistemic,5.543762486411912e-08,0.579520697167756,1064,0.8195488721804511,0.6407643043290181,0.06766918303263686,10
ens_entropy_epistemic,5.609573484746765e-08,0.5800653594771242,1065,0.819718309859155,0.6410427455455104,0.06760564370351978,10
ens_entropy_epistemic,5.8874092731640184e-08,0.5806100217864923,1066,0.8198874296435272,0.641320234269031,0.06754222369707062,10
ens_entropy_epistemic,5.922188041375946e-08,0.5811546840958606,1067,0.8191190253045924,0.6397155948696507,0.06841612962596265,10
ens_entropy_epistemic,6.22143603149815e-08,0.5816993464052288,1068,0.8183520599250936,0.6381140683348064,0.06928839884785798,10
ens_entropy_epistemic,6.221486536705923e-08,0.5822440087145969,1069,0.8185219831618334,0.6383929194158098,0.06922358251588986,10
ens_entropy_epistemic,6.311581764924818e-08,0.5827886710239651,1070,0.8186915887850468,0.638670821076085,0.06915888744842584,10
ens_entropy_epistemic,6.325928307586842e-08,0.5833333333333334,1071,0.8188608776844071,0.6389477781562136,0.06909431313697248,10
ens_entropy_epistemic,6.331034406192947e-08,0.5838779956427015,1072,0.8190298507462687,0.6392237954639289,0.06902985940246913,10
ens_entropy_epistemic,6.355458124351986e-08,0.5844226579520697,1073,0.8191985088536813,0.6396162129595645,0.06896552567740838,10
ens_entropy_epistemic,6.39800683986487e-08,0.5849673202614379,1074,0.819366852886406,0.6400070493349782,0.06890131188710981,10
ens_entropy_epistemic,6.402764762403857e-08,0.585511982570806,1075,0.8195348837209302,0.6403963141268812,0.06883721720421933,10
ens_entropy_epistemic,6.425777700233612e-08,0.5860566448801743,1076,0.8187732342007435,0.6388068334400628,0.06970260999466944,10
ens_entropy_epistemic,6.723650586312206e-08,0.5866013071895425,1077,0.8189415041782729,0.6390831304036995,0.0696378904281069,10
ens_entropy_epistemic,6.808958246595615e-08,0.5871459694989106,1078,0.8191094619666048,0.6394723031169928,0.06957329092495522,10
ens_entropy_epistemic,6.897447183081516e-08,0.5876906318082789,1079,0.8192771084337349,0.6397476924025209,0.06950881130045505,10
ens_entropy_epistemic,7.165823290300466e-08,0.5882352941176471,1080,0.8185185185185185,0.6383022349805209,0.06990728985951386,10
ens_entropy_epistemic,7.17799421799282e-08,0.5887799564270153,1081,0.8177613320999075,0.6368604768149132,0.07076768993812155,10
ens_entropy_epistemic,7.205057091107474e-08,0.5893246187363834,1082,0.8179297597042514,0.6372501301892766,0.07070228532396437,10
ens_entropy_epistemic,7.251533344451418e-08,0.5898692810457516,1083,0.8180978762696214,0.6376382309831022,0.07063700146924956,10
ens_entropy_epistemic,7.284044100283758e-08,0.5904139433551199,1084,0.8182656826568265,0.6379143126496339,0.07057183792051164,10
ens_entropy_epistemic,7.289885003884835e-08,0.590958605664488,1085,0.8184331797235023,0.6383008966963196,0.0705067946646788,10
ens_entropy_epistemic,7.322173757292797e-08,0.5915032679738562,1086,0.8186003683241252,0.6386859464772462,0.07044187113631972,10
ens_entropy_epistemic,7.374136809023819e-08,0.5920479302832244,1087,0.8187672493100276,0.6389611528209348,0.07037706702782667,10
ens_entropy_epistemic,7.44089340223679e-08,0.5925925925925926,1088,0.8189338235294118,0.63934470364936,0.07031238212930224,10
ens_entropy_epistemic,7.671297213636858e-08,0.5931372549019608,1089,0.8191000918273645,0.6397267382400209,0.0702478158363775,10
ens_entropy_epistemic,7.700119331528753e-08,0.593681917211329,1090,0.8192660550458716,0.6400010729721665,0.07018336814294492,10
ens_entropy_epistemic,7.770741045513759e-08,0.5942265795206971,1091,0.8194317140238313,0.6402744884723209,0.07011903860220861,10
ens_entropy_epistemic,8.001453234806433e-08,0.5947712418300654,1092,0.8195970695970696,0.640655067350866,0.0700548267925984,10
ens_entropy_epistemic,8.135087862182688e-08,0.5953159041394336,1093,0.8197621225983531,0.6409275938491709,0.06999073161192904,10
ens_entropy_epistemic,8.146064303837953e-08,0.5958605664488017,1094,0.819926873857404,0.6411992102047408,0.06992675458800938,10
ens_entropy_epistemic,8.590935786367699e-08,0.5964052287581699,1095,0.8200913242009132,0.641578341339244,0.06986289444468564,10
ens_entropy_epistemic,8.977441633804738e-08,0.5969498910675382,1096,0.8202554744525548,0.6419559824354263,0.06979915082052823,10
ens_entropy_epistemic,9.038096101613713e-08,0.5974945533769063,1097,0.8204193254329991,0.6422267436374143,0.06973552339545394,10
ens_entropy_epistemic,9.484468277420888e-08,0.5980392156862745,1098,0.8205828779599271,0.6424966035640264,0.06921677241983452,10
ens_entropy_epistemic,9.57636692222998e-08,0.5985838779956427,1099,0.8207461328480437,0.6428728133479591,0.06915379060503514,10
ens_entropy_epistemic,9.627518232826572e-08,0.599128540305011,1100,0.8209090909090909,0.643141801318745,0.06909092339356715,10
ens_entropy_epistemic,9.695554220255095e-08,0.5996732026143791,1101,0.821071752951862,0.6435165629853642,0.06902817040603793,10
ens_entropy_epistemic,9.70759980507998e-08,0.6002178649237473,1102,0.8212341197822142,0.6437846831384568,0.06896553082635393,10
ens_entropy_epistemic,9.70911578511744e-08,0.6007625272331155,1103,0.8213961922030825,0.6440519152045108,0.06890300404992149,10
ens_entropy_epistemic,1.0402087424754569e-07,0.6013071895424836,1104,0.8215579710144928,0.6444252614231623,0.06838778518497311,10
ens_entropy_epistemic,1.0560394400738211e-07,0.6018518518518519,1105,0.8217194570135746,0.6446916340904082,0.0683258953929234,10
ens_entropy_epistemic,1.0653707843983434e-07,0.6023965141612201,1106,0.8218806509945751,0.6449571273534329,0.0682641177241473,10
ens_entropy_epistemic,1.1043835579315079e-07,0.6029411764705882,1107,0.8220415537488708,0.6453290658131625,0.0682024514587948,10
ens_entropy_epistemic,1.1532555341710468e-07,0.6034858387799564,1108,0.822202166064982,0.6455937079877642,0.06814089665307431,10
ens_entropy_epistemic,1.1806513022794007e-07,0.6040305010893247,1109,0.8214607754733995,0.644179195416082,0.06853046523494463,10
ens_entropy_epistemic,1.1876524275912908e-07,0.6045751633986928,1110,0.8216216216216217,0.6444437254299258,0.0684687256533788,10
ens_entropy_epistemic,1.2196702496650237e-07,0.605119825708061,1111,0.8217821782178217,0.6447073872721457,0.06840709711053175,10
ens_entropy_epistemic,1.2328637533745408e-07,0.6056644880174292,1112,0.8219424460431655,0.6450789229340762,0.06834557978537774,10
ens_entropy_epistemic,1.2675387689773144e-07,0.6062091503267973,1113,0.8221024258760108,0.6454490168254612,0.06828417263902999,10
ens_entropy_epistemic,1.3279191793156687e-07,0.6067538126361656,1114,0.822262118491921,0.6458176773223886,0.06822287612522261,10
ens_entropy_epistemic,1.3328558735103584e-07,0.6072984749455338,1115,0.8224215246636771,0.6460805468542096,0.06816168955917593,10
ens_entropy_epistemic,1.344275205195927e-07,0.6078431372549019,1116,0.8225806451612904,0.6464478058989368,0.06810061261423966,10
ens_entropy_epistemic,1.3799903608731352e-07,0.6083877995642701,1117,0.8227394807520143,0.6468136479921814,0.06803964495141714,10
ens_entropy_epistemic,1.4056083171834988e-07,0.6089324618736384,1118,0.8228980322003577,0.6470757045284967,0.0679787861989812,10
ens_entropy_epistemic,1.4582902576289302e-07,0.6094771241830066,1119,0.8230563002680965,0.6474401611614828,0.06791803631212366,10
ens_entropy_epistemic,1.46248866635907e-07,0.6100217864923747,1120,0.8232142857142857,0.64780321703555,0.06785739438796125,10
ens_entropy_epistemic,1.465217068678644e-07,0.6105664488017429,1121,0.8233719892952721,0.6480644639578359,0.06779686132874392,10
ens_entropy_epistemic,1.4746826326559442e-07,0.6111111111111112,1122,0.8235294117647058,0.6483248589538204,0.06773643590527903,10
ens_entropy_epistemic,1.4842386007048614e-07,0.6116557734204793,1123,0.8236865538735529,0.6486865680131201,0.06767611832739423,10
ens_entropy_epistemic,1.4965399783726445e-07,0.6122004357298475,1124,0.8229537366548043,0.6471608942284031,0.06850558775284547,10
ens_entropy_epistemic,1.5096959160576517e-07,0.6127450980392157,1125,0.8231111111111111,0.6474215114218893,0.06800007512819885,10
ens_entropy_epistemic,1.5098301713552827e-07,0.6132897603485838,1126,0.8232682060390764,0.6477831815423888,0.06793968396599867,10
ens_entropy_epistemic,1.5252688894205728e-07,0.6138344226579521,1127,0.8234250221827861,0.6481434705733771,0.06787939983087712,10
ens_entropy_epistemic,1.5424120412108263e-07,0.6143790849673203,1128,0.8235815602836879,0.6484032855290114,0.0678192222187589,10
ens_entropy_epistemic,1.5829760397413842e-07,0.6149237472766884,1129,0.8237378210806023,0.6486622578279303,0.06775915170916828,10
ens_entropy_epistemic,1.647278517357576e-07,0.6154684095860566,1130,0.8238938053097346,0.6489203915629733,0.06769918766242203,10
ens_entropy_epistemic,1.6729753491807765e-07,0.6160130718954249,1131,0.8240495137046862,0.6492793731972644,0.0676393294429725,10
ens_entropy_epistemic,1.765475114762265e-07,0.616557734204793,1132,0.823321554770318,0.6477646121676789,0.06846296944910799,10
ens_entropy_epistemic,1.8759573669191824e-07,0.6171023965141612,1133,0.823477493380406,0.6480229639386634,0.06840254301044348,10
ens_entropy_epistemic,1.9267710853769e-07,0.6176470588235294,1134,0.8236331569664903,0.6483819056212384,0.06834222308895778,10
ens_entropy_epistemic,1.9285805251551968e-07,0.6181917211328976,1135,0.8237885462555066,0.6486394452527628,0.06828200930610084,10
ens_entropy_epistemic,1.9343291983534538e-07,0.6187363834422658,1136,0.823943661971831,0.6488961554747166,0.06822190171696796,10
ens_entropy_epistemic,1.9468517169597278e-07,0.619281045751634,1137,0.8240985048372911,0.6492537773856604,0.06816189929640389,10
ens_entropy_epistemic,1.9532105461015679e-07,0.6198257080610022,1138,0.8242530755711776,0.6496100449225787,0.0681020026665609,10
ens_entropy_epistemic,1.9868239869826621e-07,0.6203703703703703,1139,0.8244073748902546,0.6499649657647912,0.06804221135754245,10
ens_entropy_epistemic,2.0014360057940164e-07,0.6209150326797386,1140,0.8236842105263158,0.6484612316283637,0.06885971733743555,10
ens_entropy_epistemic,2.0288799566659287e-07,0.6214596949891068,1141,0.8229623137598597,0.6469602512062494,0.06967579098691619,10
ens_entropy_epistemic,2.1168168537957365e-07,0.6220043572984749,1142,0.8231173380035026,0.6472182290870164,0.06961477829372134,10
ens_entropy_epistemic,2.126945762405526e-07,0.6225490196078431,1143,0.8232720909886264,0.6475743893615657,0.06955387262047028,10
ens_entropy_epistemic,2.166457524421797e-07,0.6230936819172114,1144,0.8234265734265734,0.6478315599540374,0.06949307354241936,10
ens_entropy_epistemic,2.2885382498451046e-07,0.6236383442265795,1145,0.8235807860262009,0.6480879072725558,0.06943238041557019,10
ens_entropy_epistemic,2.3018576037014572e-07,0.6241830065359477,1146,0.8237347294938918,0.6483434352640933,0.06937179349139093,10
ens_entropy_epistemic,2.3114428751945188e-07,0.6247276688453159,1147,0.8238884045335658,0.6485981478504327,0.06931131215746993,10
ens_entropy_epistemic,2.3369162156943735e-07,0.6252723311546841,1148,0.8240418118466899,0.648852048928367,0.06925093624751415,10
ens_entropy_epistemic,2.3504399688055704e-07,0.6258169934640523,1149,0.824194952132289,0.6492069681608372,0.06919066537693308,10
ens_entropy_epistemic,2.4888652775139636e-07,0.6263616557734205,1150,0.8243478260869566,0.6494600810029396,0.06913049913705775,10
ens_entropy_epistemic,2.537490295232839e-07,0.6269063180827886,1151,0.8245004344048653,0.6497123899805045,0.06907043709547477,10
ens_entropy_epistemic,2.6044467995464515e-07,0.6274509803921569,1152,0.8246527777777778,0.6499638989169675,0.06901047982640497,10
ens_entropy_epistemic,2.6080570181527804e-07,0.6279956427015251,1153,0.8248048568950563,0.6503175437279484,0.06895062662208379,10
ens_entropy_epistemic,2.618016385842977e-07,0.6285403050108932,1154,0.8249566724436742,0.6505682755064414,0.06889087714864355,10
ens_entropy_epistemic,2.7141262427499826e-07,0.6290849673202614,1155,0.8251082251082251,0.650920614401264,0.06883123084829301,10
ens_entropy_epistemic,2.9070522478091517e-07,0.6296296296296297,1156,0.8252595155709342,0.6512716357282596,0.06877168799931421,10
ens_entropy_epistemic,2.941328457437414e-07,0.6301742919389978,1157,0.8254105445116681,0.6515216127156425,0.06871224807843945,10
ens_entropy_epistemic,3.0016798333676983e-07,0.630718954248366,1158,0.8255613126079447,0.6517708007681658,0.06865291070440886,10
ens_entropy_epistemic,3.3149355049377767e-07,0.6312636165577342,1159,0.825711820534944,0.6521205493130616,0.06859367548587111,10
ens_entropy_epistemic,3.3985769901320344e-07,0.6318082788671024,1160,0.825,0.6507557960181296,0.06939661070854576,10
ens_entropy_epistemic,3.512418935684264e-07,0.6323529411764706,1161,0.8251507321274764,0.6510049324837597,0.06933683727900858,10
ens_entropy_epistemic,3.556821098570441e-07,0.6328976034858388,1162,0.8253012048192772,0.6513543153930517,0.06927716627287137,10
ens_entropy_epistemic,3.600149365788275e-07,0.633442265795207,1163,0.8245915735167669,0.6499943940565197,0.07007744300411069,10
ens_entropy_epistemic,3.692134665380414e-07,0.6339869281045751,1164,0.8247422680412371,0.6502434756480163,0.07001723816911824,10
ens_entropy_epistemic,3.733905188638417e-07,0.6345315904139434,1165,0.8248927038626609,0.6505924902231761,0.0699571366731146,10
ens_entropy_epistemic,3.8188950981366795e-07,0.6350762527233116,1166,0.8250428816466552,0.650940212079678,0.06989713758069933,10
ens_entropy_epistemic,3.8945313841316095e-07,0.6356209150326797,1167,0.8251928020565553,0.6512866483864164,0.06983724162890867,10
ens_entropy_epistemic,3.9217849524922235e-07,0.6361655773420479,1168,0.8253424657534246,0.6515350056158742,0.06977744908147279,10
ens_entropy_epistemic,3.99827280153616e-07,0.6367102396514162,1169,0.825491873396065,0.6518801821791429,0.06971775888897543,10
ens_entropy_epistemic,4.10365639149386e-07,0.6372549019607843,1170,0.8256410256410256,0.6521277805146083,0.06965817030760679,10
ens_entropy_epistemic,4.12445169462039e-07,0.6377995642701525,1171,0.8249359521776259,0.6507767709198614,0.07002539558541619,10
ens_entropy_epistemic,4.234653487389934e-07,0.6383442265795207,1172,0.8250853242320819,0.6510242972844211,0.06996564651221368,10
ens_entropy_epistemic,4.2607897681401646e-07,0.6388888888888888,1173,0.824381926683717,0.6495623118288927,0.07075851359489305,10
ens_entropy_epistemic,4.4672397501633983e-07,0.6394335511982571,1174,0.8245315161839863,0.6499083673758905,0.07069824185473621,10
ens_entropy_epistemic,4.5125500607681474e-07,0.6399782135076253,1175,0.8246808510638298,0.6502531528511485,0.07063807262897003,10
ens_entropy_epistemic,4.789847370573958e-07,0.6405228758169934,1176,0.8248299319727891,0.6505009002354462,0.07057800578547505,10
ens_entropy_epistemic,4.97305724037169e-07,0.6410675381263616,1177,0.8249787595581988,0.6508444408603388,0.07051804104288006,10
ens_entropy_epistemic,5.166777857876727e-07,0.6416122004357299,1178,0.8251273344651953,0.6511867252363102,0.07045817774615386,10
ens_entropy_epistemic,5.188999758016064e-07,0.6421568627450981,1179,0.825275657336726,0.6515277602415032,0.07039841568401109,10
ens_entropy_epistemic,5.43229107710581e-07,0.6427015250544662,1180,0.8245762711864407,0.650075354279722,0.0711862126352218,10
ens_entropy_epistemic,5.43558994680676e-07,0.6432461873638344,1181,0.8247248094834886,0.650323333662317,0.07112593591103476,10
ens_entropy_epistemic,5.702373447679031e-07,0.6437908496732027,1182,0.8248730964467005,0.6506643365629255,0.071065761209522,10
ens_entropy_epistemic,6.116143840941196e-07,0.6443355119825708,1183,0.8250211327134404,0.6510041002005207,0.07100568816336883,10
ens_entropy_epistemic,6.523060779714159e-07,0.644880174291939,1184,0.8243243243243243,0.6496682637047491,0.07179031067414762,10
ens_entropy_epistemic,6.577689543355992e-07,0.6454248366013072,1185,0.8244725738396624,0.649916200323836,0.0717297276048111,10
ens_entropy_epistemic,6.75498302959987e-07,0.6459694989106753,1186,0.8246205733558178,0.6501633690324922,0.07124731465248645,10
ens_entropy_epistemic,6.765277880018116e-07,0.6465141612200436,1187,0.8247683235046336,0.6505028084797971,0.07118729059218556,10
ens_entropy_epistemic,6.803422052987373e-07,0.6470588235294118,1188,0.8240740740740741,0.6490612120286979,0.07196911884360047,10
ens_entropy_epistemic,6.868742121590942e-07,0.6476034858387799,1189,0.8242220353238016,0.6493085691141586,0.07190858845524854,10
ens_entropy_epistemic,7.917204433795971e-07,0.6481481481481481,1190,0.8243697478991596,0.6495551629002758,0.07184816019634045,10
ens_entropy_epistemic,8.481289647700826e-07,0.6486928104575164,1191,0.8245172124265323,0.6498945825708912,0.07178783293769318,10
ens_entropy_epistemic,8.545203148251734e-07,0.6492374727668845,1192,0.8238255033557047,0.6484585655222003,0.07256653320204998,10
ens_entropy_epistemic,8.567097237465287e-07,0.6497821350762527,1193,0.8239731768650461,0.6487979252821197,0.07250570513121236,10
ens_entropy_epistemic,8.805907802548507e-07,0.6503267973856209,1194,0.8241206030150754,0.6490447197144656,0.07244497907213843,10
ens_entropy_epistemic,8.888299034905596e-07,0.650871459694989,1195,0.8234309623430962,0.6477216365935271,0.07322117387680041,10
ens_entropy_epistemic,9.177286214716475e-07,0.6514161220043573,1196,0.8235785953177257,0.6479683506868882,0.0731599499600594,10
ens_entropy_epistemic,1.0324953755302144e-06,0.6519607843137255,1197,0.8237259816207184,0.648307379965383,0.07309882930615054,10
ens_entropy_epistemic,1.0326203780924504e-06,0.6525054466230937,1198,0.823873121869783,0.6486451924974773,0.07303781100121323,10
ens_entropy_epistemic,1.0666666571710947e-06,0.6530501089324618,1199,0.8240200166805671,0.6488911834547001,0.07297689452511792,10
ens_entropy_epistemic,1.0950830168623178e-06,0.6535947712418301,1200,0.8233333333333334,0.6474657443128908,0.07374941193379912,10
ens_entropy_epistemic,1.0953450458115187e-06,0.6541394335511983,1201,0.8234804329725229,0.6477118955970214,0.07368800406629533,10
ens_entropy_epistemic,1.1385146696118618e-06,0.6546840958605664,1202,0.8227953410981698,0.6462898746943344,0.07445864313464906,10
ens_entropy_epistemic,1.1569785658855367e-06,0.6552287581699346,1203,0.8229426433915212,0.6466287974382419,0.07439674664361515,10
ens_entropy_epistemic,1.183282029883231e-06,0.6557734204793029,1204,0.8230897009966778,0.6469665099170733,0.07433495434342936,10
ens_entropy_epistemic,1.3008884871536661e-06,0.656318082788671,1205,0.8232365145228215,0.6472128488663775,0.07427326443486626,10
ens_entropy_epistemic,1.3260463450818797e-06,0.6568627450980392,1206,0.8233830845771144,0.6475493733826907,0.07421167683705383,10
ens_entropy_epistemic,1.3563199327789645e-06,0.6574074074074074,1207,0.8235294117647058,0.6477949768955827,0.07415018980207477,10
ens_entropy_epistemic,1.4376031479531925e-06,0.6579520697167756,1208,0.8236754966887417,0.6480398325718819,0.07408880500760251,10
ens_entropy_epistemic,1.6083162865604888e-06,0.6584967320261438,1209,0.8238213399503722,0.6483751909913527,0.07402752270809418,10
ens_entropy_epistemic,1.7196232391976752e-06,0.659041394335512,1210,0.8231404958677686,0.6470678032171976,0.07479278779248111,10
ens_entropy_epistemic,1.7591401157381017e-06,0.6595860566448801,1211,0.8232865400495458,0.6473125947539323,0.07473102494415293,10
ens_entropy_epistemic,1.7890750300950039e-06,0.6601307189542484,1212,0.8234323432343235,0.6476476150109225,0.0746693642728019,10
ens_entropy_epistemic,1.8026533149805859e-06,0.6606753812636166,1213,0.8235779060181369,0.6479814485835559,0.07460780469886166,10
ens_entropy_epistemic,1.9441477348732515e-06,0.6612200435729847,1214,0.8237232289950577,0.6483141017657665,0.0745463452789675,10
ens_entropy_epistemic,2.0229690260995984e-06,0.6617647058823529,1215,0.8238683127572016,0.6485581978757511,0.07448498700491926,10
ens_entropy_epistemic,2.0709807185966228e-06,0.6623093681917211,1216,0.8240131578947368,0.6488896924492611,0.07442373129150921,10
ens_entropy_epistemic,2.3539767987550025e-06,0.6628540305010894,1217,0.8241577649958916,0.6491330647877457,0.07436257528042671,10
ens_entropy_epistemic,2.364204165926549e-06,0.6633986928104575,1218,0.8243021346469622,0.6493757011759579,0.07430152017412568,10
ens_entropy_epistemic,2.528095224085785e-06,0.6639433551198257,1219,0.8244462674323215,0.6497060584982529,0.07424056490688535,10
ens_entropy_epistemic,2.6676744177946344e-06,0.664488017429194,1220,0.8237704918032787,0.6483046756840828,0.07499938120496719,10
ens_entropy_epistemic,2.794470919774307e-06,0.6650326797385621,1221,0.8230958230958231,0.6469057258530941,0.0757569551380486,10
ens_entropy_epistemic,2.8871835785651247e-06,0.6655773420479303,1222,0.823240589198036,0.6471494112740223,0.07569495815879426,10
ens_entropy_epistemic,2.9471409691410276e-06,0.6661220043572985,1223,0.8233851185609158,0.6474808239432484,0.07563306251516368,10
ens_entropy_epistemic,3.3202625806515737e-06,0.6666666666666666,1224,0.8235294117647058,0.6477237902097529,0.07557126220611955,10
ens_entropy_epistemic,3.380552474938863e-06,0.6672113289760349,1225,0.8236734693877551,0.6479660259275816,0.0755095683353368,10
ens_entropy_epistemic,3.5169644041991302e-06,0.6677559912854031,1226,0.8238172920065253,0.6482075343866986,0.07544797544814497,10
ens_entropy_epistemic,3.6068275983329283e-06,0.6683006535947712,1227,0.823960880195599,0.6484483188573429,0.07538648213482631,10
ens_entropy_epistemic,3.6075059517388667e-06,0.6688453159041394,1228,0.8232899022801303,0.6470572653149884,0.07613942122120763,10
ens_entropy_epistemic,3.6619495119448637e-06,0.6693899782135077,1229,0.822620016273393,0.6457688788758613,0.07689113557447183,10
ens_entropy_epistemic,3.722750777385034e-06,0.6699346405228758,1230,0.8219512195121951,0.644483334785122,0.07764162710533327,10
ens_entropy_epistemic,3.7369323150550997e-06,0.670479302832244,1231,0.8220958570268074,0.6448163601940942,0.07757855205944024,10
ens_entropy_epistemic,3.78833456014742e-06,0.6710239651416122,1232,0.8222402597402597,0.645058593852776,0.07751557953349342,10
ens_entropy_epistemic,3.793828905794673e-06,0.6715686274509803,1233,0.8223844282238443,0.6453904714127938,0.07745270915373775,10
ens_entropy_epistemic,3.840836187096741e-06,0.6721132897603486,1234,0.8217179902755267,0.6441100128470675,0.07779593518894701,10
ens_entropy_epistemic,4.212076675063752e-06,0.6726579520697168,1235,0.8218623481781376,0.644352176428547,0.07773293701158177,10
ens_entropy_epistemic,4.279254236614092e-06,0.673202614379085,1236,0.8220064724919094,0.6446837146702558,0.07767004011621481,10
ens_entropy_epistemic,4.399434277165013e-06,0.6737472766884531,1237,0.8221503637833468,0.6449251725532664,0.07760724713837355,10
ens_entropy_epistemic,4.413609183504002e-06,0.6742919389978214,1238,0.8222940226171244,0.6452555733272203,0.07754455626207564,10
ens_entropy_epistemic,4.781708771430226e-06,0.6748366013071896,1239,0.8224374495560937,0.6454963285499138,0.07748196436568268,10
ens_entropy_epistemic,4.957184145025068e-06,0.6753812636165577,1240,0.8217741935483871,0.6441205346243553,0.07822592681013749,10
ens_entropy_epistemic,4.977161966013277e-06,0.6759259259259259,1241,0.8211120064464141,0.6427471056890327,0.07856489425215199,10
ens_entropy_epistemic,5.419371920340618e-06,0.6764705882352942,1242,0.821256038647343,0.6430785003611622,0.07850163128640714,10
ens_entropy_epistemic,5.967094759152516e-06,0.6770152505446623,1243,0.8213998390989542,0.6434087490501963,0.07843847147843644,10
ens_entropy_epistemic,9.351325490154915e-06,0.6775599128540305,1244,0.8207395498392283,0.6420397945753438,0.07917926966568617,10
ens_entropy_epistemic,9.999478151123212e-06,0.6781045751633987,1245,0.8208835341365461,0.6422824040848878,0.07911566393013968,10
ens_entropy_epistemic,1.0467911494366116e-05,0.6786492374727668,1246,0.8210272873194222,0.6426125766910621,0.07905216037099388,10
ens_entropy_epistemic,1.1913777355714825e-05,0.6791938997821351,1247,0.8203688853247795,0.6413464402740542,0.07979068226221568,10
ens_entropy_epistemic,1.1941351665242702e-05,0.6797385620915033,1248,0.8205128205128205,0.6416762586423914,0.07972673704661404,10
ens_entropy_epistemic,1.2705357316326085e-05,0.6802832244008714,1249,0.8198558847077662,0.6403142426728545,0.08046353527233471,10
ens_entropy_epistemic,1.3341695561173674e-05,0.6808278867102396,1250,0.82,0.640557624523619,0.08039915440312109,10
ens_entropy_epistemic,1.3626365404429487e-05,0.6813725490196079,1251,0.8201438848920863,0.6408002889166519,0.08033487651360317,10
ens_entropy_epistemic,1.421792321063621e-05,0.681917211328976,1252,0.8194888178913738,0.6395405719410531,0.08106941003023302,10
ens_entropy_epistemic,1.4230938868458405e-05,0.6824618736383442,1253,0.819632881085395,0.6398710963928355,0.08100469615009818,10
ens_entropy_epistemic,1.4425164042664393e-05,0.6830065359477124,1254,0.8189792663476874,0.6385157529810659,0.08173753568257217,10
ens_entropy_epistemic,1.4853125102588961e-05,0.6835511982570807,1255,0.8191235059760956,0.6388461738370906,0.08167239479039107,10
ens_entropy_epistemic,1.9252074465993984e-05,0.6840958605664488,1256,0.8192675159235668,0.6390895972049924,0.08160735443261591,10
ens_entropy_epistemic,2.1336911263264934e-05,0.684640522875817,1257,0.8194112967382657,0.6393323061249513,0.08154241551559299,10
ens_entropy_epistemic,2.262166068276483e-05,0.6851851851851852,1258,0.8195548489666137,0.6396616251984242,0.08147757995377836,10
ens_entropy_epistemic,2.5300452203380608e-05,0.6857298474945533,1259,0.8189038919777601,0.6384097951779911,0.08220712647640882,10
ens_entropy_epistemic,2.8772810972068567e-05,0.6862745098039216,1260,0.819047619047619,0.63865241804021,0.08214186173945946,10
ens_entropy_epistemic,2.8894620495335083e-05,0.6868191721132898,1261,0.8191911181601903,0.6389813907933398,0.08207670052601612,10
ens_entropy_epistemic,3.091633624515409e-05,0.6873638344226579,1262,0.8185419968304279,0.6376355114640883,0.08280401460056479,10
ens_entropy_epistemic,3.5424632663796614e-05,0.6879084967320261,1263,0.8186856690419636,0.6379643781191678,0.08273842607652394,10
ens_entropy_epistemic,4.138169562039034e-05,0.6884531590413944,1264,0.8188291139240507,0.6382921294398737,0.08267293717731748,10
ens_entropy_epistemic,4.318227370119361e-05,0.6889978213507625,1265,0.8181818181818182,0.637047478855318,0.08339806141911586,10
ens_entropy_epistemic,4.612505307032282e-05,0.6895424836601307,1266,0.8183254344391785,0.637290854916342,0.08333214497897068,10
ens_entropy_epistemic,4.654965161619574e-05,0.6900871459694989,1267,0.8184688239936859,0.6376182612242463,0.08326633919710064,10
ens_entropy_epistemic,4.7790374243487574e-05,0.690631808278867,1268,0.8178233438485805,0.636280100135103,0.083989280935378,10
ens_entropy_epistemic,5.4116168432891815e-05,0.6911764705882353,1269,0.817966903073286,0.6366073985369536,0.08392305665104846,10
ens_entropy_epistemic,6.86143299883338e-05,0.6917211328976035,1270,0.8181102362204724,0.6369335943784543,0.08385692529400388,10
ens_entropy_epistemic,6.912130465059642e-05,0.6922657952069716,1271,0.8182533438237608,0.6371771091171299,0.08379089827716564,10
ens_entropy_epistemic,7.482136401759654e-05,0.6928104575163399,1272,0.8183962264150944,0.6374199153002498,0.08333534640170902,10
ens_entropy_epistemic,0.00010038969381622896,0.6933551198257081,1273,0.8185388845247447,0.6376620160158507,0.08326981018084685,10
ens_entropy_epistemic,0.00013527669083784367,0.6938997821350763,1274,0.8186813186813187,0.637903414334051,0.08320421429818456,10
ens_entropy_epistemic,0.00016631927752797093,0.6944444444444444,1275,0.8188235294117647,0.6382285636375027,0.08313883692350335,10
ens_entropy_epistemic,0.00018839138703573592,0.6949891067538126,1276,0.8189655172413793,0.6384692751134553,0.0830735461664309,10
ens_entropy_epistemic,0.00018839876727114158,0.6955337690631809,1277,0.8191072826938136,0.6387933451781684,0.0830083576760367,10
ens_entropy_epistemic,0.00024186235685588428,0.696078431372549,1278,0.8192488262910798,0.6391163289904429,0.08294323302373592,10
ens_entropy_epistemic,0.00025003353598096467,0.6966230936819172,1279,0.8193901485535575,0.6394382320026654,0.08325478366029686,10
ens_entropy_epistemic,0.0003106154980297075,0.6971677559912854,1280,0.81953125,0.6396782841823058,0.08318972499382282,10
ens_entropy_epistemic,0.00035089518911057,0.6977124183006536,1281,0.819672131147541,0.6399176428928665,0.08312476596561612,10
ens_entropy_epistemic,0.0003924523939350306,0.6982570806100218,1282,0.8190327613104524,0.6385932764817817,0.08307986396887954,10
ens_entropy_epistemic,0.0004011482313761583,0.69880174291939,1283,0.818394388152767,0.6373644236496347,0.08339701271859029,10
ens_entropy_epistemic,0.0004522208774736052,0.6993464052287581,1284,0.8185358255451713,0.6376044770695546,0.0833317407515515,10
ens_entropy_epistemic,0.0007401797529173592,0.6998910675381264,1285,0.8178988326848249,0.6362846823221461,0.08404457271804103,10
ens_entropy_epistemic,0.0007455930286575868,0.7004357298474946,1286,0.8180404354587869,0.6366082275286258,0.08397869173778302,10
ens_entropy_epistemic,0.0009557004620128753,0.7009803921568627,1287,0.8181818181818182,0.6368483883804219,0.08391276397533258,10
ens_entropy_epistemic,0.0010448567277524159,0.7015250544662309,1288,0.8175465838509317,0.6355325646138582,0.08462258183980154,10
ens_entropy_epistemic,0.0011301358367835981,0.7020697167755992,1289,0.8176881303335919,0.6358560085591839,0.08455604615665593,10
ens_entropy_epistemic,0.001583457565739299,0.7026143790849673,1290,0.8170542635658915,0.6346354635463547,0.08489350432251888,10
ens_entropy_epistemic,0.0020403746783584278,0.7031590413943355,1291,0.8164213787761425,0.6333243452156249,0.08560090323779997,10
ens_entropy_epistemic,0.0042218470151686,0.7037037037037037,1292,0.81656346749226,0.6335659716238727,0.0855316846058008,10
ens_entropy_epistemic,0.0068677826518071805,0.704248366013072,1293,0.8167053364269141,0.6338900311701406,0.0854607229240313,10
ens_entropy_epistemic,0.008729440048247994,0.7047930283224401,1294,0.8168469860896446,0.6342130185137035,0.08538856905027546,10
ens_entropy_epistemic,0.00874674422273436,0.7053376906318083,1295,0.816988416988417,0.6345349389671026,0.08531652818535101,10
ens_entropy_epistemic,0.010949131225688004,0.7058823529411765,1296,0.8171296296296297,0.6348557978078414,0.08524294995653349,10
ens_entropy_epistemic,0.011101501935055692,0.7064270152505446,1297,0.8172706245181187,0.6350967787887961,0.08516950540085487,10
ens_entropy_epistemic,0.015786896907080288,0.7069716775599129,1298,0.8174114021571649,0.6354165925946995,0.0850929623908182,10
ens_entropy_epistemic,0.017715264702882094,0.7075163398692811,1299,0.8175519630484989,0.635656896427257,0.08501522207893127,10
ens_entropy_epistemic,0.02484727567880539,0.7080610021786492,1300,0.8176923076923077,0.6359756702726461,0.08493277870675549,10
ens_entropy_epistemic,0.042227075992301785,0.7086056644880174,1301,0.8178324365872406,0.6362933980369514,0.08483896666063968,10
ens_entropy_epistemic,0.061825111220855905,0.7091503267973857,1302,0.8179723502304147,0.6365330387031876,0.08494264248795319,10
ens_entropy_epistemic,0.07345847266954805,0.7096949891067538,1303,0.8181120491174213,0.6367719966830749,0.08491360797295214,10
ens_entropy_epistemic,0.09166205808180838,0.710239651416122,1304,0.8174846625766872,0.6355634257639204,0.08504245725181013,10
ens_entropy_epistemic,0.10084337068657889,0.7107843137254902,1305,0.8168582375478928,0.6343573601561538,0.085471033216623,10
ens_entropy_epistemic,0.1034910490938577,0.7113289760348583,1306,0.8162327718223583,0.6331537959172208,0.08560671039500851,10
ens_entropy_epistemic,0.12210043197046128,0.7118736383442266,1307,0.8163733741392502,0.6333937954634702,0.08545584067915644,10
ens_entropy_epistemic,0.13616836284313316,0.7124183006535948,1308,0.8157492354740061,0.6321005751419182,0.08589253510408203,10
ens_entropy_epistemic,0.13952222998253716,0.7129629629629629,1309,0.8151260504201681,0.630809501721377,0.0865043812404066,10
ens_entropy_epistemic,0.14332082250343398,0.7135076252723311,1310,0.815267175572519,0.6310503345941227,0.08623117383155059,10
ens_entropy_epistemic,0.1462157147164153,0.7140522875816994,1311,0.8146453089244852,0.6298533579189164,0.08634050208776656,10
ens_entropy_epistemic,0.14771100711718738,0.7145969498910676,1312,0.8140243902439024,0.6286588577009716,0.0865335004862337,10
ens_entropy_epistemic,0.14980681182935945,0.7151416122004357,1313,0.8141660319878141,0.6289809286015388,0.08620983758649933,10
ens_entropy_epistemic,0.15173325963252235,0.7156862745098039,1314,0.8143074581430746,0.6293019523689498,0.08605150182508409,10
ens_entropy_epistemic,0.15327106855075473,0.7162309368191722,1315,0.8136882129277566,0.6281112890025751,0.08658569261382128,10
ens_entropy_epistemic,0.15917173896126535,0.7167755991285403,1316,0.8138297872340425,0.6283531440480252,0.08599530755613817,10
ens_entropy_epistemic,0.1620452212575218,0.7173202614379085,1317,0.8139711465451784,0.6286738178014231,0.0856751252009976,10
ens_entropy_epistemic,0.1634875764589781,0.7178649237472767,1318,0.8133535660091047,0.6273935198273425,0.08621932395659829,10
ens_entropy_epistemic,0.16432193256394162,0.7184095860566448,1319,0.8134950720242609,0.627714061488896,0.08589985163854363,10
ens_entropy_epistemic,0.1643454209414189,0.7189542483660131,1320,0.8136363636363636,0.6279560036663611,0.08531768641736295,10
ens_entropy_epistemic,0.16437137424857778,0.7194989106753813,1321,0.8130204390613172,0.6267717039814511,0.0857697732061933,10
ens_entropy_epistemic,0.16616510987361205,0.7200435729847494,1322,0.8124054462934948,0.6254966062857392,0.08595812170857588,10
ens_entropy_epistemic,0.1662555497606354,0.7205882352941176,1323,0.8125472411186697,0.625739159001314,0.0856507469053609,10
ens_entropy_epistemic,0.1669849362625832,0.7211328976034859,1324,0.8119335347432024,0.6245592777165347,0.08608862777289904,10
ens_entropy_epistemic,0.16784418770895715,0.721677559912854,1325,0.8113207547169812,0.6233818209105235,0.08626766383064903,10
ens_entropy_epistemic,0.16837502385094943,0.7222222222222222,1326,0.8114630467571644,0.6236247828604516,0.08595047977697268,10
ens_entropy_epistemic,0.16897288608334837,0.7227668845315904,1327,0.8116051243406179,0.6238670660610747,0.08538397810500786,10
ens_entropy_epistemic,0.16917020862060983,0.7233115468409586,1328,0.8109939759036144,0.6226931087566784,0.08582764296586336,10
ens_entropy_epistemic,0.1711108538617394,0.7238562091503268,1329,0.8111361926260346,0.6229352540430194,0.08551592261293244,10
ens_entropy_epistemic,0.17119881178867946,0.724400871459695,1330,0.8112781954887218,0.6231767252959118,0.08520065361460881,10
ens_entropy_epistemic,0.1718082456506374,0.7249455337690632,1331,0.8114199849737039,0.6234175253257945,0.0848890794703071,10
ens_entropy_epistemic,0.1718174308998779,0.7254901960784313,1332,0.8108108108108109,0.6222475809773326,0.08507587274343735,10
ens_entropy_epistemic,0.1719861774475196,0.7260348583877996,1333,0.8109527381845462,0.6224882447607147,0.0848703938251602,10
ens_entropy_epistemic,0.17343004822657976,0.7265795206971678,1334,0.8110944527736131,0.6228120568012493,0.08455796937301156,10
ens_entropy_epistemic,0.17343033284016351,0.7271241830065359,1335,0.8104868913857678,0.6215507282589575,0.08474324917112476,10
ens_entropy_epistemic,0.17344235265667773,0.7276688453159041,1336,0.8098802395209581,0.6203857624524844,0.08517987563950702,10
ens_entropy_epistemic,0.17364345426544103,0.7282135076252724,1337,0.8100224382946896,0.6207100671021005,0.08486768493885985,10
ens_entropy_epistemic,0.17364734482002325,0.7287581699346405,1338,0.8101644245142003,0.6209513357246107,0.08455596173015886,10
ens_entropy_epistemic,0.1737069600551402,0.7293028322440087,1339,0.8103061986557132,0.6211919379126606,0.0842438095969218,10
ens_entropy_epistemic,0.1737105084146457,0.7298474945533769,1340,0.8104477611940298,0.6214318764236901,0.08368348970833178,10
ens_entropy_epistemic,0.17371101355753416,0.7303921568627451,1341,0.8098434004474273,0.6202715082868326,0.08411816636381939,10
ens_entropy_epistemic,0.17380199151063191,0.7309368191721133,1342,0.8099850968703428,0.6205954548175874,0.08380774760640818,10
ens_entropy_epistemic,0.17394652813663253,0.7314814814814815,1343,0.810126582278481,0.6209183679116942,0.08349764962270342,10
ens_entropy_epistemic,0.17412016189742957,0.7320261437908496,1344,0.8095238095238095,0.6197616437387277,0.08393153903759656,10
ens_entropy_epistemic,0.1742077892042289,0.7325708061002179,1345,0.8089219330855019,0.6186072735658259,0.08411693249247976,10
ens_entropy_epistemic,0.17423830211885916,0.7331154684095861,1346,0.8083209509658247,0.6173583059520426,0.0845497218738131,10
ens_entropy_epistemic,0.1742529506223282,0.7336601307189542,1347,0.807720861172977,0.6161113660296638,0.08498186685452068,10
ens_entropy_epistemic,0.17427154540342987,0.7342047930283224,1348,0.8071216617210683,0.6149620762693244,0.0851661169327713,10
ens_entropy_epistemic,0.17428189125535054,0.7347494553376906,1349,0.8065233506300964,0.6138151234327545,0.08559716791332504,10
ens_entropy_epistemic,0.17429918912594217,0.7352941176470589,1350,0.8059259259259259,0.6126705038240163,0.08602758139506406,10
ens_entropy_epistemic,0.17431146294177652,0.735838779956427,1351,0.8053293856402665,0.6115282137402244,0.08621052386304967,10
ens_entropy_epistemic,0.17432213635833677,0.7363834422657952,1352,0.8054733727810651,0.6118555778240614,0.08590020389863698,10
ens_entropy_epistemic,0.17433180110298868,0.7369281045751634,1353,0.8048780487804879,0.6107162240807708,0.08632953677636186,10
ens_entropy_epistemic,0.1743322347662723,0.7374727668845316,1354,0.8050221565731167,0.6109610390741148,0.08601958802871608,10
ens_entropy_epistemic,0.17435175647434353,0.7380174291938998,1355,0.8051660516605166,0.6112051856698483,0.08571017081943924,10
ens_entropy_epistemic,0.17435239962104537,0.738562091503268,1356,0.8045722713864307,0.6100691445263838,0.08613864162569378,10
ens_entropy_epistemic,0.17436079381947905,0.7391067538126361,1357,0.8047162859248342,0.6103967159370013,0.08582952357237902,10
ens_entropy_epistemic,0.1743661533096144,0.7396514161220044,1358,0.804860088365243,0.610640705773904,0.08552086145528164,10
ens_entropy_epistemic,0.17436684457628854,0.7401960784313726,1359,0.8050036791758646,0.6108840318047888,0.08496737768140472,10
ens_entropy_epistemic,0.17436685670093305,0.7407407407407407,1360,0.8044117647058824,0.6097518878101402,0.08539509546969065,10
ens_entropy_epistemic,0.17437025850593918,0.7412854030501089,1361,0.804555473916238,0.6099950444918449,0.08508747995232512,10
ens_entropy_epistemic,0.17437127363783955,0.7418300653594772,1362,0.8046989720998532,0.6102375419571392,0.08478031655847154,10
ens_entropy_epistemic,0.17437129105856136,0.7423747276688453,1363,0.8041085840058694,0.609108670970985,0.08520727851321186,10
ens_entropy_epistemic,0.1743873616356016,0.7429193899782135,1364,0.8042521994134897,0.6093509992877553,0.08490044672916118,10
ens_entropy_epistemic,0.17439318092149603,0.7434640522875817,1365,0.8043956043956044,0.6095926729332369,0.08434984493308158,10
ens_entropy_epistemic,0.17439395468150237,0.7440087145969498,1366,0.8045387994143485,0.6098336945568291,0.08404409390861577,10
ens_entropy_epistemic,0.1743963758826873,0.7445533769063181,1367,0.8046817849305048,0.6100740667936546,0.08373877169844003,10
ens_entropy_epistemic,0.17439815256760516,0.7450980392156863,1368,0.804093567251462,0.6089494163424124,0.0841648878406771,10
ens_entropy_epistemic,0.17439927421714957,0.7456427015250545,1369,0.8035062089116143,0.6078270379871931,0.08459037983894563,10
ens_entropy_epistemic,0.17439979946419548,0.7461873638344226,1370,0.8036496350364963,0.6080677237873422,0.08428534217037935,10
ens_entropy_epistemic,0.1744001362542511,0.7467320261437909,1371,0.8037928519328957,0.6083077638752148,0.0837376025160325,10
ens_entropy_epistemic,0.17440080083529036,0.7472766884531591,1372,0.8032069970845481,0.6071886054580468,0.08391951499163106,10
ens_entropy_epistemic,0.17440197712643746,0.7478213507625272,1373,0.8026219956300072,0.6060717064830156,0.08410115683525193,10
ens_entropy_epistemic,0.17440198001312757,0.7483660130718954,1374,0.8027656477438136,0.6063120499888983,0.08355474732441705,10
ens_entropy_epistemic,0.17440401829577878,0.7489106753812637,1375,0.8021818181818182,0.6050936582687475,0.08397883700011075,10
ens_entropy_epistemic,0.1744048703389352,0.7494553376906318,1376,0.8023255813953488,0.6053340307025221,0.08367556553599048,10
ens_entropy_epistemic,0.17440580359532565,0.75,1377,0.8017429193899782,0.6042216108828239,0.08409895260990509,10
ens_entropy_epistemic,0.17440612340156997,0.7505446623093682,1378,0.8018867924528302,0.6044618092428299,0.08355411962798452,10
ens_entropy_epistemic,0.17440614504998986,0.7510893246187363,1379,0.8013052936910805,0.6033520960573084,0.08373524131200372,10
ens_entropy_epistemic,0.174406168691357,0.7516339869281046,1380,0.8014492753623188,0.6035921188091408,0.08343302670364054,10
ens_entropy_epistemic,0.17440623603285127,0.7521786492374728,1381,0.8008689355539464,0.6024851026771743,0.08361398086144049,10
ens_entropy_epistemic,0.17440630267342178,0.7527233115468409,1382,0.8002894356005789,0.6013803164862543,0.08403587827832856,10
ens_entropy_epistemic,0.17440647649869828,0.7532679738562091,1383,0.8004338394793926,0.6016206196929088,0.08373409350801296,10
ens_entropy_epistemic,0.17440681551202747,0.7538126361655774,1384,0.7998554913294798,0.600518514813518,0.08391443311594646,10
ens_entropy_epistemic,0.17440794873990811,0.7543572984749455,1385,0.7992779783393502,0.5994186300560355,0.08409451070671105,10
ens_entropy_epistemic,0.1744081581269411,0.7549019607843137,1386,0.7994227994227994,0.5996592030754843,0.0837933379473884,10
ens_entropy_epistemic,0.17440840714543288,0.7554466230936819,1387,0.798846431146359,0.5985619839683308,0.08397324400354454,10
ens_entropy_epistemic,0.17440864531591932,0.7559912854030502,1388,0.7982708933717579,0.5974669751814112,0.08415289190688707,10
ens_entropy_epistemic,0.1744089068852866,0.7565359477124183,1389,0.7984161267098632,0.5977078075220322,0.08385233265231681,10
ens_entropy_epistemic,0.1744090292484476,0.7570806100217865,1390,0.7985611510791367,0.598043508795122,0.08355220061133888,10
ens_entropy_epistemic,0.1744100122373689,0.7576252723311547,1391,0.798705966930266,0.5982837221775275,0.08325249836489998,10
ens_entropy_epistemic,0.1744101094820512,0.7581699346405228,1392,0.7988505747126436,0.5985233041070603,0.08271376190765131,10
ens_entropy_epistemic,0.17441013165226543,0.7587145969498911,1393,0.7982770997846375,0.5974323822609557,0.08313296728069254,10
ens_entropy_epistemic,0.17441048903942913,0.7592592592592593,1394,0.7977044476327116,0.5963436523224913,0.08331244954084957,10
ens_entropy_epistemic,0.1744105869909583,0.7598039215686274,1395,0.7971326164874551,0.5952571106944146,0.08373062605452225,10
ens_entropy_epistemic,0.1744107508276686,0.7603485838779956,1396,0.7972779369627507,0.5954973809124008,0.08343187359976371,10
ens_entropy_epistemic,0.17441084773096355,0.7608932461873639,1397,0.7974230493915533,0.5957370226646419,0.08289493751805442,10
ens_entropy_epistemic,0.1744108493188688,0.761437908496732,1398,0.7968526466380543,0.5946535332745271,0.08331251631109414,10
ens_entropy_epistemic,0.17441098509500014,0.7619825708061002,1399,0.7962830593280915,0.5935722200193065,0.08349122959842586,10
ens_entropy_epistemic,0.17441158620589248,0.7625272331154684,1400,0.7957142857142857,0.5924930793030451,0.08366968416296151,10
ens_entropy_epistemic,0.17441177508548217,0.7630718954248366,1401,0.795146324054247,0.5914161075257673,0.08408581389571189,10
ens_entropy_epistemic,0.17441195785933078,0.7636165577342048,1402,0.7952924393723253,0.5916568396824785,0.0837880817956035,10
ens_entropy_epistemic,0.17441197060083463,0.764161220043573,1403,0.7954383464005702,0.5918969457718679,0.08349077905085538,10
ens_entropy_epistemic,0.17441210472988072,0.7647058823529411,1404,0.7948717948717948,0.5908229846348136,0.0836687269656569,10
ens_entropy_epistemic,0.1744121194235299,0.7652505446623094,1405,0.795017793594306,0.5910628888358874,0.08337192857483305,10
ens_entropy_epistemic,0.17441213583576048,0.7657952069716776,1406,0.794452347083926,0.5899915038575715,0.08354970668262929,10
ens_entropy_epistemic,0.17441224605678568,0.7663398692810458,1407,0.7945984363894811,0.5902312049604815,0.08325341698855465,10
ens_entropy_epistemic,0.17441242207924995,0.7668845315904139,1408,0.7947443181818182,0.5904702860685503,0.08295754626156597,10
ens_entropy_epistemic,0.17441257989381864,0.7674291938997821,1409,0.794180269694819,0.58940188392195,0.08313524075551021,10
ens_entropy_epistemic,0.17441271010164489,0.7679738562091504,1410,0.7943262411347518,0.5896407625516338,0.08260346349386169,10
ens_entropy_epistemic,0.1744127836148741,0.7685185185185185,1411,0.7937632884479093,0.5885749155558585,0.08278115709024565,10
ens_entropy_epistemic,0.17441278721462705,0.7690631808278867,1412,0.7932011331444759,0.587511205019849,0.08319467380148494,10
ens_entropy_epistemic,0.17441291936630227,0.7696078431372549,1413,0.7933474876150035,0.5878524165707709,0.08289989202875123,10
ens_entropy_epistemic,0.17441297225870844,0.7701525054466231,1414,0.7934936350777935,0.5880915183693177,0.08260552921328397,10
ens_entropy_epistemic,0.17441311525665443,0.7706971677559913,1415,0.7936395759717314,0.5883300055396803,0.08231158198474611,10
ens_entropy_epistemic,0.17441319390975507,0.7712418300653595,1416,0.7930790960451978,0.5872697537275127,0.08248885531118806,10
ens_entropy_epistemic,0.17441328082962837,0.7717864923747276,1417,0.7925194071983063,0.5862116230792915,0.08290111947226302,10
ens_entropy_epistemic,0.1744135169003735,0.7723311546840959,1418,0.7926657263751763,0.5864503086058476,0.08237250952819779,10
ens_entropy_epistemic,0.17441354638451217,0.7728758169934641,1419,0.7928118393234672,0.5866883830968501,0.08184464311124581,10
ens_entropy_epistemic,0.17441356909327316,0.7734204793028322,1420,0.7922535211267606,0.5856331730864345,0.0820217475278007,10
ens_entropy_epistemic,0.1744136939186079,0.7739651416122004,1421,0.7916959887403238,0.5845800724537485,0.08219860225492474,10
ens_entropy_epistemic,0.17441380928133493,0.7745098039215687,1422,0.7918424753867792,0.5848183373084685,0.08190638613736598,10
ens_entropy_epistemic,0.17441383487273426,0.7750544662309368,1423,0.791988756148981,0.5850559947039492,0.08161457987224859,10
ens_entropy_epistemic,0.17441390088751857,0.775599128540305,1424,0.7921348314606742,0.5852930469603204,0.08132318541466332,10
ens_entropy_epistemic,0.1744139641978819,0.7761437908496732,1425,0.791578947368421,0.584122311129279,0.08150003473597685,10
ens_entropy_epistemic,0.17441399298679644,0.7766884531590414,1426,0.7917251051893408,0.5843593774841456,0.08120912760866919,10
ens_entropy_epistemic,0.1744140057294133,0.7772331154684096,1427,0.7918710581639804,0.5845958420280382,0.08091862987724399,10
ens_entropy_epistemic,0.17441408178202195,0.7777777777777778,1428,0.7913165266106442,0.5835479804899435,0.08109538953193812,10
ens_entropy_epistemic,0.17441408235916195,0.778322440087146,1429,0.7914625612316305,0.5837842381402913,0.08080537669670577,10
ens_entropy_epistemic,0.1744141041481067,0.7788671023965141,1430,0.7916083916083916,0.5840198980109798,0.08028266781688749,10
ens_entropy_epistemic,0.17441411211126095,0.7794117647058824,1431,0.7910552061495457,0.5828545578805643,0.08045950167861986,10
ens_entropy_epistemic,0.17441412621121644,0.7799564270152506,1432,0.7905027932960894,0.5818107128881344,0.08063608765861835,10
ens_entropy_epistemic,0.17441416672465376,0.7805010893246187,1433,0.7899511514305653,0.5807689429245957,0.0810450423332226,10
ens_entropy_epistemic,0.17441423022592156,0.7810457516339869,1434,0.7894002789400278,0.5797292445048279,0.08122097472704803,10
ens_entropy_epistemic,0.1744142456426922,0.7815904139433552,1435,0.7895470383275262,0.5799660770535499,0.08069979747992698,10
ens_entropy_epistemic,0.17441426270186167,0.7821350762527233,1436,0.7889972144846796,0.5789288285707649,0.08087572629399996,10
ens_entropy_epistemic,0.17441426437262858,0.7826797385620915,1437,0.7891440501043842,0.5792752392243941,0.08058748180684984,10
ens_entropy_epistemic,0.17441429624995403,0.7832244008714597,1438,0.7892906815020863,0.5795118750060317,0.08029963703326852,10
ens_entropy_epistemic,0.17441430383498474,0.7837690631808278,1439,0.7887421820708825,0.5784775486606282,0.08070711985702059,10
ens_entropy_epistemic,0.17441431176369576,0.7843137254901961,1440,0.7888888888888889,0.5787139689578713,0.08041959253961034,10
ens_entropy_epistemic,0.17441441269817243,0.7848583877995643,1441,0.7883414295628036,0.5776820726878237,0.08059510456878356,10
ens_entropy_epistemic,0.17441441391032897,0.7854030501089324,1442,0.7884882108183079,0.5779182765484135,0.08030805449166413,10
ens_entropy_epistemic,0.1744144233128837,0.7859477124183006,1443,0.7886347886347886,0.5781538895071154,0.08002140061863368,10
ens_entropy_epistemic,0.17441443380572041,0.7864923747276689,1444,0.788781163434903,0.5783889137785129,0.07973514365771943,10
ens_entropy_epistemic,0.17441447104894453,0.7870370370370371,1445,0.7889273356401384,0.5786233515661376,0.07944928293345438,10
ens_entropy_epistemic,0.17441449841673368,0.7875816993464052,1446,0.7883817427385892,0.5775949961623498,0.07962485827705837,10
ens_entropy_epistemic,0.17441450349509524,0.7881263616557734,1447,0.78852798894264,0.5778292217363862,0.07933946906529933,10
ens_entropy_epistemic,0.17441451732231067,0.7886710239651417,1448,0.7886740331491713,0.5781761407450425,0.07905447547316707,10
ens_entropy_epistemic,0.17441454974657916,0.7892156862745098,1449,0.7881297446514838,0.5771506625868692,0.07922996127191945,10
ens_entropy_epistemic,0.17441455111456,0.789760348583878,1450,0.7875862068965517,0.5761272111903935,0.079405204845872,10
ens_entropy_epistemic,0.1744146348069795,0.7903050108932462,1451,0.7877325982081324,0.5763616095126872,0.07889102644825871,10
ens_entropy_epistemic,0.17441465577840198,0.7908496732026143,1452,0.7878787878787878,0.5765954264095781,0.07860712658489327,10
ens_entropy_epistemic,0.17441467987602038,0.7913943355119826,1453,0.7873365450791466,0.5755747286705923,0.07878243593552142,10
ens_entropy_epistemic,0.17441469612622673,0.7919389978213508,1454,0.7874828060522696,0.5758083307684029,0.07849900010358891,10
ens_entropy_epistemic,0.17441471223244692,0.7924836601307189,1455,0.7869415807560137,0.5746641067616195,0.07890323899482252,10
ens_entropy_epistemic,0.17441471481907905,0.7930283224400871,1456,0.7864010989010989,0.5736468851335319,0.07907798497506462,10
ens_entropy_epistemic,0.1744147340101016,0.7935729847494554,1457,0.7865477007549759,0.5738808573784936,0.07879493091455002,10
ens_entropy_epistemic,0.17441478587031356,0.7941176470588235,1458,0.7860082304526749,0.572866001374653,0.07896951058665704,10
ens_entropy_epistemic,0.17441480715610996,0.7946623093681917,1459,0.7861549006168609,0.5730997552306553,0.07868691777267484,10
ens_entropy_epistemic,0.174414822874626,0.7952069716775599,1460,0.7863013698630137,0.5733329336920113,0.07840471207979978,10
ens_entropy_epistemic,0.17441486192865807,0.795751633986928,1461,0.785763175906913,0.5723207914384288,0.07857920019108078,10
ens_entropy_epistemic,0.17441488001573596,0.7962962962962963,1462,0.7859097127222983,0.5726703086333287,0.0782974542203926,10
ens_entropy_epistemic,0.17441488105220654,0.7968409586056645,1463,0.7860560492139439,0.5730187783752635,0.07778825118181723,10
ens_entropy_epistemic,0.1744148837170449,0.7973856209150327,1464,0.7855191256830601,0.5720095337405037,0.07796280407638845,10
ens_entropy_epistemic,0.17441489029017626,0.7979302832244008,1465,0.7849829351535836,0.5710022729279868,0.07813711743694718,10
ens_entropy_epistemic,0.17441491274858395,0.7984749455337691,1466,0.7851296043656207,0.5712359775901418,0.07785644280325064,10
ens_entropy_epistemic,0.17441493292645888,0.7990196078431373,1467,0.7845944103612815,0.5702310472125446,0.07803059205371925,10
ens_entropy_epistemic,0.17441501189331493,0.7995642701525054,1468,0.784741144414169,0.5704645288413818,0.07752330423994362,10
ens_entropy_epistemic,0.17441502689784277,0.8001089324618736,1469,0.7842069434989789,0.5694619210119757,0.07792435541113507,10
ens_entropy_epistemic,0.1744150329745659,0.8006535947712419,1470,0.7843537414965986,0.5698111744406964,0.07764458815092137,10
ens_entropy_epistemic,0.1744150389787129,0.80119825708061,1471,0.7845003399048266,0.5700444517388366,0.07736520201159404,10
ens_entropy_epistemic,0.17441505628186893,0.8017429193899782,1472,0.7846467391304348,0.5702771597389011,0.07685974474971533,10
ens_entropy_epistemic,0.17441506079472158,0.8022875816993464,1473,0.7841140529531568,0.5692776512908411,0.0772601567193821,10
ens_entropy_epistemic,0.17441506912130628,0.8028322440087146,1474,0.7842605156037992,0.5695101365313721,0.07698160002797179,10
ens_entropy_epistemic,0.17441515439930416,0.8033769063180828,1475,0.7844067796610169,0.5697420562119321,0.07670342119302688,10
ens_entropy_epistemic,0.1744151814780885,0.803921568627451,1476,0.7838753387533876,0.5687451914270013,0.07687728922080753,10
ens_entropy_epistemic,0.17441518173132603,0.8044662309368191,1477,0.7833446174678402,0.5677502784784196,0.07727660340269436,10
ens_entropy_epistemic,0.17441518510486465,0.8050108932461874,1478,0.7828146143437077,0.5667573140374363,0.07767537891291312,10
ens_entropy_epistemic,0.17441524365546202,0.8055555555555556,1479,0.7822853279242732,0.5657662947739284,0.0780736158275226,10
ens_entropy_epistemic,0.17441525038006483,0.8061002178649237,1480,0.7824324324324324,0.5659990055206355,0.07779563797584677,10
ens_entropy_epistemic,0.17441532394090015,0.8066448801742919,1481,0.7825793382849426,0.5662311532192339,0.0775180362667341,10
ens_entropy_epistemic,0.17441537232790133,0.8071895424836601,1482,0.782051282051282,0.565242742783654,0.0779155723715156,10
ens_entropy_epistemic,0.1744154182222541,0.8077342047930284,1483,0.7815239379635873,0.5642562669244595,0.07831257238587011,10
ens_entropy_epistemic,0.1744154460865474,0.8082788671023965,1484,0.7816711590296496,0.5644885174805665,0.07803518350115521,10
ens_entropy_epistemic,0.17441546216074216,0.8088235294117647,1485,0.7818181818181819,0.5647202082945074,0.0777581681101075,10
ens_entropy_epistemic,0.1744155076471453,0.809368191721133,1486,0.7819650067294751,0.5649513413873805,0.07748152554190123,10
ens_entropy_epistemic,0.17441558978094518,0.8099128540305011,1487,0.7814391392064559,0.5639677826529055,0.0776535844105948,10
ens_entropy_epistemic,0.1744155929050119,0.8104575163398693,1488,0.7815860215053764,0.5641986879100281,0.07715336888427975,10
ens_entropy_epistemic,0.17441562440333963,0.8110021786492375,1489,0.7817327065144393,0.5644290390841512,0.07687768946985697,10
ens_entropy_epistemic,0.17441563314553538,0.8115468409586056,1490,0.7812080536912752,0.5634480539672897,0.07704980709793051,10
ens_entropy_epistemic,0.17441565856562596,0.8120915032679739,1491,0.7813547954393025,0.5638003446047815,0.07677456692017463,10
ens_entropy_epistemic,0.1744156598041784,0.8126361655773421,1492,0.7815013404825737,0.5640304896849925,0.07627628246300051,10
ens_entropy_epistemic,0.1744156636377962,0.8131808278867102,1493,0.781647689216343,0.5642600842262077,0.07600192878655998,10
ens_entropy_epistemic,0.1744157153011674,0.8137254901960784,1494,0.7817938420348058,0.5644891302015149,0.07550482797128744,10
ens_entropy_epistemic,0.17441575985931845,0.8142701525054467,1495,0.7812709030100334,0.563511444247519,0.0756772884513322,10
ens_entropy_epistemic,0.17441580065587242,0.8148148148148148,1496,0.7814171122994652,0.5637402660407443,0.07540388555505176,10
ens_entropy_epistemic,0.17441580859096795,0.815359477124183,1497,0.7808951235804943,0.5627648036245706,0.07579885067726429,10
ens_entropy_epistemic,0.17441581536078626,0.8159041394335512,1498,0.780373831775701,0.5617912390612747,0.07597076954781604,10
ens_entropy_epistemic,0.17441583462949833,0.8164488017429193,1499,0.7805203468979319,0.5621438103008795,0.0756977181667536,10
ens_entropy_epistemic,0.17441585794218178,0.8169934640522876,1500,0.78,0.5611725469545376,0.07609169754535988,10
ens_entropy_epistemic,0.17441587549349774,0.8175381263616558,1501,0.7801465689540307,0.5614017999766238,0.0755968551192612,10
ens_entropy_epistemic,0.17441588538546848,0.818082788671024,1502,0.7802929427430093,0.5616305088043583,0.07510267167643282,10
ens_entropy_epistemic,0.17441590203329732,0.8186274509803921,1503,0.780439121756487,0.5618586753731343,0.07483092452000756,10
ens_entropy_epistemic,0.17441594053127307,0.8191721132897604,1504,0.7799202127659575,0.5608902437303301,0.07500280110332476,10
ens_entropy_epistemic,0.17441595910503338,0.8197167755991286,1505,0.7800664451827243,0.5611181837003493,0.07450999743772667,10
ens_entropy_epistemic,0.17441596400113468,0.8202614379084967,1506,0.7802124833997344,0.5613455849095123,0.07401784825089129,10
ens_entropy_epistemic,0.174415970339108,0.8208061002178649,1507,0.7803583278035833,0.561572449265694,0.07374754222549482,10
ens_entropy_epistemic,0.17441599443249944,0.8213507625272332,1508,0.7798408488063661,0.5606068318609545,0.07391968144970293,10
ens_entropy_epistemic,0.1744160056969844,0.8218954248366013,1509,0.7793240556660039,0.5596430853035588,0.07409159239757486,10
ens_entropy_epistemic,0.17441600633060933,0.8224400871459695,1510,0.7788079470198676,0.5586812063682073,0.07426327565356976,10
ens_entropy_epistemic,0.17441600759729914,0.8229847494553377,1511,0.7789543348775645,0.5589084628911644,0.07399352278366184,10
ens_entropy_epistemic,0.17441601465852696,0.8235294117647058,1512,0.7791005291005291,0.559135185343616,0.07439136127794417,10
ens_entropy_epistemic,0.1744162168027576,0.8240740740740741,1513,0.7792465300727033,0.5593613756060132,0.07413858238668376,10
ens_entropy_epistemic,0.17441622114723943,0.8246187363834423,1514,0.7787318361955086,0.5584022762930831,0.0745403865736078,10
ens_entropy_epistemic,0.17441723513300583,0.8251633986928104,1515,0.7782178217821782,0.5574450327325841,0.07405114362857174,10
ens_entropy_epistemic,0.17442395871665956,0.8257080610021786,1516,0.7783641160949868,0.5576712997295884,0.07378887241638857,10
ens_entropy_epistemic,0.17442930837295656,0.8262527233115469,1517,0.7785102175346078,0.5578970376242708,0.07418476174550324,10
ens_entropy_epistemic,0.17443887790081597,0.826797385620915,1518,0.7779973649538867,0.5568025283687759,0.07369673420466927,10
ens_entropy_epistemic,0.1744408447513845,0.8273420479302832,1519,0.7774851876234364,0.5558487216707816,0.07404268675670038,10
ens_entropy_epistemic,0.1744489787039361,0.8278867102396514,1520,0.7776315789473685,0.5560747663551403,0.0738228559233513,10
ens_entropy_epistemic,0.17446562048581998,0.8284313725490197,1521,0.777120315581854,0.5551231002187201,0.07421414251599126,10
ens_entropy_epistemic,0.1746195109521737,0.8289760348583878,1522,0.7772667542706965,0.5554791652666567,0.07372756045357445,10
ens_entropy_epistemic,0.17466115649601993,0.829520697167756,1523,0.7767564018384767,0.5543894131557615,0.07406668029111206,10
ens_entropy_epistemic,0.1746935272334873,0.8300653594771242,1524,0.776246719160105,0.5534409393066565,0.07445500324506885,10
ens_entropy_epistemic,0.17487830920079983,0.8306100217864923,1525,0.7757377049180327,0.5523537156658603,0.0746251988789753,10
ens_entropy_epistemic,0.17638560072243298,0.8311546840958606,1526,0.7758846657929227,0.5525809078828926,0.07435588542522628,10
ens_entropy_epistemic,0.1777031893916679,0.8316993464052288,1527,0.7760314341846758,0.5529377320985561,0.07387459592068706,10
ens_entropy_epistemic,0.18117701455184407,0.8322440087145969,1528,0.7761780104712042,0.5531644184201164,0.07373332169419579,10
ens_entropy_epistemic,0.18290323269392406,0.8327886710239651,1529,0.7756703727926749,0.5522197034703278,0.0742208355884914,10
ens_entropy_epistemic,0.18449668299011995,0.8333333333333334,1530,0.7758169934640523,0.5524461569163226,0.07405557272153385,10
ens_entropy_epistemic,0.18627775354518417,0.8338779956427015,1531,0.7759634225996082,0.5528023674181943,0.07389500004095124,10
ens_entropy_epistemic,0.18689347588366517,0.8344226579520697,1532,0.7761096605744126,0.5531575474329409,0.07346701333617583,10
ens_entropy_epistemic,0.19038327549017742,0.8349673202614379,1533,0.7756033920417482,0.5522156896709837,0.0739570285694216,10
ens_entropy_epistemic,0.19845304626206356,0.835511982570806,1534,0.7757496740547588,0.5525702182646343,0.07379611175922142,10
ens_entropy_epistemic,0.19953033719414626,0.8360566448801743,1535,0.7758957654723126,0.5527965039466105,0.07364769466135393,10
ens_entropy_epistemic,0.2018039949749042,0.8366013071895425,1536,0.7760416666666666,0.5530222666619294,0.07348805911631766,10
ens_entropy_epistemic,0.20356333575240426,0.8371459694989106,1537,0.7761873780091086,0.5533758168388757,0.07333774740157319,10
ens_entropy_epistemic,0.20362937421929664,0.8376906318082789,1538,0.776332899869961,0.5536010799865002,0.07274172301553547,10
ens_entropy_epistemic,0.20833828115097988,0.8382352941176471,1539,0.7764782326185835,0.5539536341485608,0.07259071989942152,10
ens_entropy_epistemic,0.20959016177572667,0.8387799564270153,1540,0.775974025974026,0.5530155674758883,0.0726477685129818,10
ens_entropy_epistemic,0.2095901877168587,0.8393246187363834,1541,0.7761194029850746,0.5532406220824654,0.07249650741611273,10
ens_entropy_epistemic,0.2097481320737702,0.8398692810457516,1542,0.7762645914396887,0.5534651587159027,0.07234489724894827,10
ens_entropy_epistemic,0.21170557988399444,0.8404139433551199,1543,0.7764095917044718,0.5536891791623524,0.0721931628194937,10
ens_entropy_epistemic,0.21219018256054864,0.840958605664488,1544,0.7765544041450777,0.5540411566733084,0.07204123085804887,10
ens_entropy_epistemic,0.21257711383719186,0.8415032679738562,1545,0.7760517799352751,0.552967837968925,0.07253305432228911,10
ens_entropy_epistemic,0.21326056021430062,0.8420479302832244,1546,0.7755498059508409,0.5520337355434012,0.07273074766012168,10
ens_entropy_epistemic,0.21404572521434398,0.8425925925925926,1547,0.7756948933419522,0.552258064516129,0.07257533699368297,10
ens_entropy_epistemic,0.21407954766379467,0.8431372549019608,1548,0.7758397932816538,0.5526100992467377,0.07242013001669033,10
ens_entropy_epistemic,0.2160895716645186,0.843681917211329,1549,0.775338928340865,0.5515404223599176,0.07291097214263517,10
ens_entropy_epistemic,0.21657296444080368,0.8442265795206971,1550,0.775483870967742,0.5517647704061706,0.07275758727735948,10
ens_entropy_epistemic,0.2167286963840367,0.8447712418300654,1551,0.7749838813668601,0.5508343145626041,0.07281843570583768,10
ens_entropy_epistemic,0.21690588792647525,0.8453159041394336,1552,0.7751288659793815,0.551058433485288,0.07266517044925021,10
ens_entropy_epistemic,0.21691881435915686,0.8458605664488017,1553,0.7746297488731487,0.5501300240515526,0.07315474192652313,10
ens_entropy_epistemic,0.21771343247293956,0.8464052287581699,1554,0.7747747747747747,0.5503539133842255,0.07300113410963888,10
ens_entropy_epistemic,0.21771471150197966,0.8469498910675382,1555,0.7742765273311897,0.5492891335745138,0.0734908105183249,10
ens_entropy_epistemic,0.21771926145305942,0.8474945533769063,1556,0.7737789203084833,0.5482258540794055,0.07397985802972419,10
ens_entropy_epistemic,0.21771976958243616,0.8480392156862745,1557,0.7739242132305716,0.5485796746199616,0.07382601663334595,10
ens_entropy_epistemic,0.21811108838849091,0.8485838779956427,1558,0.7740693196405648,0.5489324882507085,0.07367221504472062,10
ens_entropy_epistemic,0.2182176217079698,0.849128540305011,1559,0.7742142398973701,0.5491569202861641,0.07351793681254805,10
ens_entropy_epistemic,0.21842126356399091,0.8496732026143791,1560,0.7743589743589744,0.5495087518950954,0.07336440715789488,10
ens_entropy_epistemic,0.2184213311337296,0.8502178649237473,1561,0.7745035233824471,0.5497326939402978,0.07321107420817183,10
ens_entropy_epistemic,0.21853850934299776,0.8507625272331155,1562,0.7746478873239436,0.5499561271396204,0.07305741767176677,10
ens_entropy_epistemic,0.21854252680380212,0.8513071895424836,1563,0.7747920665387076,0.5501790532254108,0.07290442621594946,10
ens_entropy_epistemic,0.21900441912530913,0.8518518518518519,1564,0.7742966751918159,0.5492567240996434,0.07339059483656434,10
ens_entropy_epistemic,0.2191698954385792,0.8523965141612201,1565,0.7744408945686901,0.5496079772572188,0.07323718165025835,10
ens_entropy_epistemic,0.21918931884620943,0.8529411764705882,1566,0.7745849297573435,0.5498306972926225,0.07265829754375375,10
ens_entropy_epistemic,0.21919812624682314,0.8534858387799564,1567,0.7740906190172304,0.5489107365031349,0.07314385589041314,10
ens_entropy_epistemic,0.21919835675504504,0.8540305010893247,1568,0.7742346938775511,0.5491332296880407,0.07299103978208082,10
ens_entropy_epistemic,0.2191983727149413,0.8545751633986928,1569,0.7743785850860421,0.549355220305814,0.07283841842075309,10
ens_entropy_epistemic,0.21922184491837005,0.855119825708061,1570,0.7738853503184714,0.5484375379779142,0.07332279015916397,10
ens_entropy_epistemic,0.21922673006879492,0.8556644880174292,1571,0.7740292807129217,0.5487885684420198,0.07317000827897113,10
ens_entropy_epistemic,0.21925947048450528,0.8562091503267973,1572,0.7735368956743003,0.5477363055821796,0.07322948859447395,10
ens_entropy_epistemic,0.21926653302665558,0.8567538126361656,1573,0.7736808645899556,0.5479585856612621,0.07307705175327077,10
ens_entropy_epistemic,0.21927186635188292,0.8572984749455338,1574,0.7738246505717916,0.5483092955693774,0.072924721767038,10
ens_entropy_epistemic,0.2192863448167043,0.8578431372549019,1575,0.773968253968254,0.5486590174016218,0.07277258592387843,10
ens_entropy_epistemic,0.21929158211234623,0.8583877995642701,1576,0.7741116751269036,0.5488808376310006,0.07262074210765139,10
ens_entropy_epistemic,0.21931241639990876,0.8589324618736384,1577,0.7742549143944197,0.5491021590268395,0.07293550694966862,10
ens_entropy_epistemic,0.21934980957267403,0.8594771241830066,1578,0.7743979721166033,0.5493229832699291,0.07320000211230415,10
ens_entropy_epistemic,0.21935364079246722,0.8600217864923747,1579,0.7745408486383787,0.5495433120335156,0.07304808088305464,10
ens_entropy_epistemic,0.2193681130954672,0.8605664488017429,1580,0.7746835443037975,0.5497631469833459,0.07159308578363369,10
ens_entropy_epistemic,0.21937263222652645,0.8611111111111112,1581,0.7748260594560404,0.5501119852157133,0.07144243459738148,10
ens_entropy_epistemic,0.21937296162553196,0.8616557734204793,1582,0.7743362831858407,0.5490660734845352,0.07280421020221277,10
ens_entropy_epistemic,0.21938111399555996,0.8622004357298475,1583,0.7738471257106759,0.5481549518346831,0.07328469688143886,10
ens_entropy_epistemic,0.2193812429136663,0.8627450980392157,1584,0.7733585858585859,0.5472455238568399,0.07376457689328617,10
ens_entropy_epistemic,0.21941620794267586,0.8632897603485838,1585,0.7728706624605678,0.5463377867390067,0.07319227534849826,10
ens_entropy_epistemic,0.2194184015235173,0.8638344226579521,1586,0.7723833543505675,0.5454317376688914,0.07367155150759387,10
ens_entropy_epistemic,0.21941975634838068,0.8643790849673203,1587,0.7725267800882167,0.5456526652629574,0.07415027057355705,10
ens_entropy_epistemic,0.21942155012480757,0.8649237472766884,1588,0.7720403022670025,0.5447485669846568,0.07377879516853518,10
ens_entropy_epistemic,0.21942216810432844,0.8654684095860566,1589,0.7721837633731907,0.5449692674012958,0.07362751155371723,10
ens_entropy_epistemic,0.2194257268039085,0.8660130718954249,1590,0.7716981132075472,0.5439302110578178,0.07390557599758452,10
ens_entropy_epistemic,0.21942745975974787,0.866557734204793,1591,0.771213073538655,0.5428925940776618,0.07438289892718321,10
ens_entropy_epistemic,0.21943721309053957,0.8671023965141612,1592,0.7713567839195979,0.5431137658454894,0.07401219430990529,10
ens_entropy_epistemic,0.21943858719403805,0.8676470588235294,1593,0.7715003138731952,0.5434653212777415,0.07386110651731687,10
ens_entropy_epistemic,0.21944513395745255,0.8681917211328976,1594,0.7710163111668757,0.5424302528780468,0.07433756043007833,10
ens_entropy_epistemic,0.21944698160583628,0.8687363834422658,1595,0.7711598746081505,0.5426514315342105,0.07458858692084157,10
ens_entropy_epistemic,0.2194471748482031,0.869281045751634,1596,0.7713032581453634,0.5428721197035661,0.07443744834770308,10
ens_entropy_epistemic,0.21945005369259926,0.8698257080610022,1597,0.7708202880400752,0.5419737143179547,0.07448392744331804,10
ens_entropy_epistemic,0.21945008058566803,0.8703703703703703,1598,0.7709637046307884,0.5423252931344255,0.0743330161851852,10
ens_entropy_epistemic,0.21945726623185563,0.8709150326797386,1599,0.7711069418386491,0.5425457740313665,0.07418231834462422,10
ens_entropy_epistemic,0.21945851312002776,0.8714596949891068,1600,0.77125,0.5428963945328661,0.07403178461010804,10
ens_entropy_epistemic,0.21946048956599432,0.8720043572984749,1601,0.7713928794503435,0.5432460409761695,0.07388143898083874,10
ens_entropy_epistemic,0.21946322777243285,0.8725490196078431,1602,0.7715355805243446,0.5434660736643433,0.07373128122580533,10
ens_entropy_epistemic,0.21946376189985653,0.8730936819172114,1603,0.7716781035558328,0.5438147696594966,0.07358133235467153,10
ens_entropy_epistemic,0.21947130616827723,0.8736383442265795,1604,0.7711970074812967,0.5429198812319084,0.07405499128453413,10
ens_entropy_epistemic,0.2194744770395039,0.8741830065359477,1605,0.7713395638629283,0.5431397079525421,0.07390502342577257,10
ens_entropy_epistemic,0.2194754068993173,0.8747276688453159,1606,0.7714819427148194,0.543359049966918,0.07375522588711662,10
ens_entropy_epistemic,0.21947638345353415,0.8752723311546841,1607,0.7716241443683883,0.5437071525999925,0.07360562371389649,10
ens_entropy_epistemic,0.21948278894559178,0.8758169934640523,1608,0.7717661691542289,0.5440542929370971,0.0734562019043365,10
ens_entropy_epistemic,0.21948429184694163,0.8763616557734205,1609,0.7719080174021131,0.5442731908200649,0.0733069652586652,10
ens_entropy_epistemic,0.21948431871018384,0.8769063180827886,1610,0.7720496894409938,0.5444916070880674,0.07315792297164736,10
ens_entropy_epistemic,0.21948544076471524,0.8774509803921569,1611,0.771570453134699,0.5436000634350708,0.07362978720623191,10
ens_entropy_epistemic,0.21948694999470553,0.8779956427015251,1612,0.771712158808933,0.543818258158681,0.07348071864513475,10
ens_entropy_epistemic,0.21948718865253913,0.8785403050108932,1613,0.7718536887786733,0.5441648300171251,0.07333183603485412,10
ens_entropy_epistemic,0.2194878821979588,0.8790849673202614,1614,0.7719950433705081,0.5445104471980527,0.07318314518781817,10
ens_entropy_epistemic,0.2194897195372382,0.8796296296296297,1615,0.7721362229102167,0.544728202001198,0.07303463016319839,10
ens_entropy_epistemic,0.2194912498558592,0.8801742919389978,1616,0.7716584158415841,0.5438394643917186,0.07309256310195092,10
ens_entropy_epistemic,0.21949179074481875,0.880718954248366,1617,0.7717996289424861,0.544056998892758,0.07294429669909083,10
ens_entropy_epistemic,0.21949222370894053,0.8812636165577342,1618,0.7719406674907293,0.5442740575074996,0.07238417554569868,10
ens_entropy_epistemic,0.21949224414571367,0.8818082788671024,1619,0.7714638665843113,0.5433874533119903,0.07244241161601805,10
ens_entropy_epistemic,0.21949331829581367,0.8823529411764706,1620,0.7716049382716049,0.5436042925866534,0.07229481656774686,10
ens_entropy_epistemic,0.2194935768611205,0.8828976034858388,1621,0.7711289327575571,0.5425860021920301,0.07276431033474752,10
ens_entropy_epistemic,0.2194938501364339,0.883442265795207,1622,0.7712700369913686,0.5428028305771624,0.0726166960344901,10
ens_entropy_epistemic,0.21949446275324527,0.8839869281045751,1623,0.7714109673444239,0.5430191866779294,0.07246926264633263,10
ens_entropy_epistemic,0.21949507119993958,0.8845315904139434,1624,0.771551724137931,0.5432350720357101,0.07232201635447086,10
ens_entropy_epistemic,0.21949512754273118,0.8850762527233116,1625,0.7716923076923077,0.5434504881851839,0.07176469102922586,10
ens_entropy_epistemic,0.21949545278916902,0.8856209150326797,1626,0.7718327183271833,0.543796575407731,0.07161805362949017,10
ens_entropy_epistemic,0.21949590735053795,0.8861655773420479,1627,0.7719729563614014,0.5440115429214621,0.07147160305016753,10
ens_entropy_epistemic,0.21949615344304751,0.8867102396514162,1628,0.7714987714987716,0.5429975429975431,0.07193958300099745,10
ens_entropy_epistemic,0.21949617249049136,0.8872549019607843,1629,0.7716390423572744,0.5432125008480134,0.07179310810833947,10
ens_entropy_epistemic,0.2194962468099674,0.8877995642701525,1630,0.7711656441717791,0.5423312883435583,0.07226031664934371,10
ens_entropy_epistemic,0.21949634650580443,0.8883442265795207,1631,0.7713059472716125,0.5426773943053709,0.07211383147023434,10
ens_entropy_epistemic,0.21949750966457224,0.8888888888888888,1632,0.7708333333333334,0.5417981013351911,0.07258026644972032,10
ens_entropy_epistemic,0.21949787992433753,0.8894335511982571,1633,0.7709736680955297,0.5421435832541179,0.07243376274571935,10
ens_entropy_epistemic,0.2194978816922538,0.8899782135076253,1634,0.7705018359853121,0.541266202604994,0.07249142759511562,10
ens_entropy_epistemic,0.21949799084516938,0.8905228758169934,1635,0.7700305810397553,0.5403904094738967,0.07295677953345045,10
ens_entropy_epistemic,0.21949809841783638,0.8910675381263616,1636,0.7701711491442543,0.5406059374943989,0.07281031015077019,10
ens_entropy_epistemic,0.21949810441712067,0.8916122004357299,1637,0.7697006719609041,0.5395987493836066,0.07286764523105867,10
ens_entropy_epistemic,0.2194985413814784,0.8921568627450981,1638,0.7698412698412699,0.5398142641884007,0.0727214127377454,10
ens_entropy_epistemic,0.2194992017070174,0.8927015250544662,1639,0.7699816961561928,0.5400293147073033,0.07257535065964059,10
ens_entropy_epistemic,0.21949921776875814,0.8932461873638344,1640,0.7695121951219512,0.5391566668103891,0.0726327198068216,10
ens_entropy_epistemic,0.21949930655484737,0.8937908496732027,1641,0.7690432663010359,0.5382855946566534,0.0726900230008724,10
ens_entropy_epistemic,0.21949940715364571,0.8943355119825708,1642,0.769183922046285,0.5385006711309855,0.07213823808535144,10
ens_entropy_epistemic,0.21949941351583876,0.894880174291939,1643,0.768715763846622,0.5376314144624781,0.07260153331574996,10
ens_entropy_epistemic,0.21949946761559988,0.8954248366013072,1644,0.7688564476885644,0.5378462713000404,0.07245599239842702,10
ens_entropy_epistemic,0.21949948647685263,0.8959694989106753,1645,0.7683890577507598,0.5368446956008947,0.07291853118197114,10
ens_entropy_epistemic,0.21949961834707765,0.8965141612200436,1646,0.7685297691373025,0.537192095323701,0.07277297456412715,10
ens_entropy_epistemic,0.21949982977765206,0.8970588235294118,1647,0.7686703096539163,0.5374069571743143,0.0726275998895115,10
ens_entropy_epistemic,0.21950036670467865,0.8976034858387799,1648,0.7682038834951457,0.53654087115027,0.07308919262683276,10
ens_entropy_epistemic,0.2195006687161345,0.8981481481481481,1649,0.7677380230442693,0.535542489860604,0.07355022548483915,10
ens_entropy_epistemic,0.21950082804786977,0.8986928104575164,1650,0.7672727272727272,0.5346787697188683,0.07401069956127916,10
ens_entropy_epistemic,0.21950096812049555,0.8992374727668845,1651,0.7674136886735312,0.5350264469550066,0.07386492359943923,10
ens_entropy_epistemic,0.21950107455069676,0.8997821350762527,1652,0.7675544794188862,0.5353731850515042,0.07371932317318872,10
ens_entropy_epistemic,0.21950127416435627,0.9003267973856209,1653,0.7676950998185118,0.5355885477484439,0.07357390313035514,10
ens_entropy_epistemic,0.21950141726020433,0.900871459694989,1654,0.7678355501813785,0.5359343695977158,0.07342865459222146,10
ens_entropy_epistemic,0.21950217230753857,0.9014161220043573,1655,0.7673716012084593,0.5349403288681864,0.07388781344632331,10
ens_entropy_epistemic,0.21950239420029485,0.9019607843137255,1656,0.767512077294686,0.5351556917836383,0.07374255079822717,10
ens_entropy_epistemic,0.21950256941758473,0.9025054466230937,1657,0.7676523838261919,0.5355011813703897,0.07359746730360553,10
ens_entropy_epistemic,0.2195026215960526,0.9030501089324618,1658,0.7677925211097708,0.535716104068021,0.07345255673100451,10
ens_entropy_epistemic,0.21950299421863448,0.9035947712418301,1659,0.7673297166968053,0.5347248560305855,0.07391059152062272,10
ens_entropy_epistemic,0.21950308670649724,0.9041394335511983,1660,0.7674698795180723,0.5349397590361447,0.07376566561210335,10
ens_entropy_epistemic,0.21950327069893097,0.9046840958605664,1661,0.7676098735701384,0.535284933758754,0.0736209137738671,10
ens_entropy_epistemic,0.21950327320378918,0.9052287581699346,1662,0.7671480144404332,0.5344268228243011,0.07367689488528134,10
ens_entropy_epistemic,0.21950336074728835,0.9057734204793029,1663,0.7666867107636801,0.5335702430589693,0.07373280975760595,10
ens_entropy_epistemic,0.21950351417484967,0.906318082788671,1664,0.7668269230769231,0.5337851792050768,0.07358833853494964,10
ens_entropy_epistemic,0.21950388622633035,0.9068627450980392,1665,0.7663663663663663,0.53293036196031,0.0736442387167035,10
ens_entropy_epistemic,0.21950417907288663,0.9074074074074074,1666,0.7665066026410564,0.5331450758912814,0.07349999720822034,10
ens_entropy_epistemic,0.21950458575497248,0.9079520697167756,1667,0.7666466706658668,0.5333593352527738,0.07335592572335742,10
ens_entropy_epistemic,0.21950460961590632,0.9084967320261438,1668,0.7667865707434053,0.5337045383987399,0.0732120269771899,10
ens_entropy_epistemic,0.21950475500052066,0.909041394335512,1669,0.7669263031755542,0.5339183633326322,0.07306830369357267,10
ens_entropy_epistemic,0.21950478895900852,0.9095860566448801,1670,0.767065868263473,0.534131736526946,0.07292475135618358,10
ens_entropy_epistemic,0.2195050480588455,0.9101307189542484,1671,0.7672052663076002,0.5343446594117297,0.0727813716701398,10
ens_entropy_epistemic,0.21950510457438532,0.9106753812636166,1672,0.7673444976076556,0.5345571334110018,0.07263816349324284,10
ens_entropy_epistemic,0.21950530975670193,0.9112200435729847,1673,0.7674835624626419,0.5347691599427823,0.07249512613401446,10
ens_entropy_epistemic,0.21950547379608912,0.9117647058823529,1674,0.7676224611708483,0.53511353268482,0.07235226009167564,10
ens_entropy_epistemic,0.21950551916327687,0.9123093681917211,1675,0.7677611940298508,0.5354569857017072,0.07220956463337898,10
ens_entropy_epistemic,0.21950607021835944,0.9128540305010894,1676,0.7673031026252983,0.5346062052505967,0.07266369605100803,10
ens_entropy_epistemic,0.2195061413291855,0.9133986928104575,1677,0.7674418604651163,0.5348180539216454,0.07252098235158638,10
ens_entropy_epistemic,0.21950623795781274,0.9139433551198257,1678,0.767580452920143,0.5350294576551535,0.07198113950349153,10
ens_entropy_epistemic,0.2195064828631974,0.914488017429194,1679,0.7671232876712328,0.5340497187572084,0.07243459663999095,10
ens_entropy_epistemic,0.21950653376078855,0.9150326797385621,1680,0.7666666666666667,0.5332016824472889,0.0728875141520612,10
ens_entropy_epistemic,0.21950670798008476,0.9155773420479303,1681,0.7668054729327781,0.5334132984772163,0.0727450088085077,10
ens_entropy_epistemic,0.21950678116385944,0.9161220043572985,1682,0.7669441141498217,0.5336244714456889,0.07260267316727732,10
ens_entropy_epistemic,0.2195067848251905,0.9166666666666666,1683,0.7670825906120023,0.5339682378221674,0.0724605061973654,10
ens_entropy_epistemic,0.21950686922697915,0.9172113289760349,1684,0.7666270783847982,0.5329919866321557,0.07291233269188788,10
ens_entropy_epistemic,0.21950722422006685,0.9177559912854031,1685,0.7661721068249259,0.5320170306354063,0.07336362086423531,10
ens_entropy_epistemic,0.2195072614696462,0.9183006535947712,1686,0.7663107947805456,0.5322286255091176,0.07322125511479963,10
ens_entropy_epistemic,0.21950749811176848,0.9188453159041394,1687,0.7658565500889153,0.5313846047819003,0.07367182505813867,10
ens_entropy_epistemic,0.2195075123932068,0.9193899782135077,1688,0.7659952606635071,0.5315959850281565,0.0735294458467753,10
ens_entropy_epistemic,0.21950769195448958,0.9199346405228758,1689,0.7661338069863824,0.5318069247001839,0.07338723362356954,10
ens_entropy_epistemic,0.21950786982004994,0.920479302832244,1690,0.7662721893491125,0.5320174251739643,0.07324519133448697,10
ens_entropy_epistemic,0.219507937602233,0.9210239651416122,1691,0.7658190419869899,0.5311755686711053,0.07369468310314128,10
ens_entropy_epistemic,0.21950801827965757,0.9215686274509803,1692,0.7659574468085106,0.5315201933121059,0.07355262700407242,10
ens_entropy_epistemic,0.21950808484042986,0.9221132897603486,1693,0.7660956881275842,0.531730499247755,0.07341073872921643,10
ens_entropy_epistemic,0.21950817542454187,0.9226579520697168,1694,0.7662337662337663,0.5320742292893754,0.07326901630060886,10
ens_entropy_epistemic,0.2195081877826295,0.923202614379085,1695,0.7663716814159292,0.5322841163903331,0.07312746258629156,10
ens_entropy_epistemic,0.21950834353074258,0.9237472766884531,1696,0.7659198113207547,0.5313156062926354,0.0735756970199467,10
ens_entropy_epistemic,0.21950881195245514,0.9242919389978214,1697,0.7660577489687684,0.531658997803964,0.0734341292723296,10
ens_entropy_epistemic,0.2195088203461498,0.9248366013071896,1698,0.7656065959952886,0.530692318482891,0.07388165543101564,10
ens_entropy_epistemic,0.21950883681160802,0.9253812636165577,1699,0.7657445556209534,0.5309026178359149,0.07374007320842954,10
ens_entropy_epistemic,0.2195089480151727,0.9259259259259259,1700,0.7658823529411765,0.5312456699459609,0.07359865842548649,10
ens_entropy_epistemic,0.2195089814331699,0.9264705882352942,1701,0.7660199882422105,0.5315878182029526,0.07345740540999979,10
ens_entropy_epistemic,0.21950904274506877,0.9270152505446623,1702,0.7661574618096357,0.5319290661743163,0.0733163218021577,10
ens_entropy_epistemic,0.21950906324630445,0.9275599128540305,1703,0.7662947739283618,0.5322694174087303,0.0731754038891302,10
ens_entropy_epistemic,0.21950911016468674,0.9281045751633987,1704,0.7658450704225352,0.5313066137237872,0.07362150584350532,10
ens_entropy_epistemic,0.21950914661125037,0.9286492374727668,1705,0.7659824046920821,0.5316466153766717,0.07348057434714678,10
ens_entropy_epistemic,0.21950916891012548,0.9291938997821351,1706,0.7655334114888629,0.5306856226393296,0.07392597488776424,10
ens_entropy_epistemic,0.2195092336646359,0.9297385620915033,1707,0.7656707674282367,0.5308963946076444,0.0737850311417687,10
ens_entropy_epistemic,0.21950938338805806,0.9302832244008714,1708,0.765807962529274,0.5311067308695389,0.07364425224867452,10
ens_entropy_epistemic,0.2195094140345746,0.9308278867102396,1709,0.7659449970743125,0.5313166327746522,0.07350363755709295,10
ens_entropy_epistemic,0.21950945773941863,0.9313725490196079,1710,0.7654970760233918,0.5304829033084142,0.07394798238017405,10
ens_entropy_epistemic,0.21950950710608955,0.931917211328976,1711,0.7650496785505553,0.5295251488740567,0.0743918077278617,10
ens_entropy_epistemic,0.2195095444543907,0.9324618736383442,1712,0.7646028037383178,0.5286936087657459,0.07483511462246285,10
ens_entropy_epistemic,0.2195095710301392,0.9330065359477124,1713,0.7647402218330415,0.5289039292638338,0.07469413288564385,10
ens_entropy_epistemic,0.2195098064653539,0.9335511982570807,1714,0.76487747957993,0.5291138170479476,0.0745533163707157,10
ens_entropy_epistemic,0.21950988520420076,0.9340958605664488,1715,0.7644314868804665,0.5282841596723329,0.07460702685103192,10
ens_entropy_epistemic,0.21951007899581912,0.934640522875817,1716,0.7645687645687645,0.5286252794534406,0.07446642489074598,10
ens_entropy_epistemic,0.21951011493629116,0.9351851851851852,1717,0.7647058823529411,0.528834972558822,0.0739377123736845,10
ens_entropy_epistemic,0.21951012010591917,0.9357298474945533,1718,0.7642607683352736,0.5278817068156189,0.07437973542496992,10
ens_entropy_epistemic,0.2195101761077203,0.9362745098039216,1719,0.7643979057591623,0.5282224865062666,0.07423951092395263,10
ens_entropy_epistemic,0.2195103157589958,0.9368191721132898,1720,0.763953488372093,0.5272710041226365,0.07468084388499607,10
ens_entropy_epistemic,0.21951034751599618,0.9373638344226579,1721,0.7635095874491574,0.5263207723888694,0.07512166449106492,10
ens_entropy_epistemic,0.21951038222651223,0.9379084967320261,1722,0.7636469221835076,0.5265312574733797,0.07498125298233166,10
ens_entropy_epistemic,0.21951045235205632,0.9384531590413944,1723,0.763203714451538,0.5257062280305228,0.0750344655056394,10
ens_entropy_epistemic,0.21951050348054754,0.9389978213507625,1724,0.7633410672853829,0.5260474712586366,0.0748942679005964,10
ens_entropy_epistemic,0.2195106275096095,0.9395424836601307,1725,0.7634782608695653,0.5263878290151048,0.07475423258957593,10
ens_entropy_epistemic,0.21951064803268439,0.9400871459694989,1726,0.7636152954808807,0.5265981333039338,0.07461435991848041,10
ens_entropy_epistemic,0.21951076143207243,0.940631808278867,1727,0.7637521713954835,0.5268080076826475,0.07408862300723043,10
ens_entropy_epistemic,0.21951079481589372,0.9411764705882353,1728,0.7633101851851852,0.525861999565277,0.07452800107189865,10
ens_entropy_epistemic,0.21951084617070957,0.9417211328976035,1729,0.763447079236553,0.5262020305024265,0.07438850150389185,10
ens_entropy_epistemic,0.2195109071385052,0.9422657952069716,1730,0.7635838150289017,0.5265411818236565,0.07424916331434844,10
ens_entropy_epistemic,0.2195109609510613,0.9428104575163399,1731,0.7637203928365107,0.5267510563189632,0.07410998601253001,10
ens_entropy_epistemic,0.21951098603242458,0.9433551198257081,1732,0.7638568129330254,0.5270893471799788,0.07397096987327531,10
ens_entropy_epistemic,0.21951099973502894,0.9438997821350763,1733,0.7634160415464513,0.5262684867500791,0.0740244584411247,10
ens_entropy_epistemic,0.21951100704554635,0.9444444444444444,1734,0.7635524798154556,0.5264781655374894,0.07388565152068449,10
ens_entropy_epistemic,0.2195110202379679,0.9449891067538126,1735,0.7631123919308357,0.5256589262278015,0.07432337348482436,10
ens_entropy_epistemic,0.219511053382316,0.9455337690631809,1736,0.7632488479262672,0.525996906838438,0.07418455438145556,10
ens_entropy_epistemic,0.21951105806211602,0.946078431372549,1737,0.7628094415659182,0.5251793405998455,0.07462160029533252,10
ens_entropy_epistemic,0.219511084780635,0.9466230936819172,1738,0.7623705408515535,0.5242395922398309,0.07505814326167388,10
ens_entropy_epistemic,0.21951109299079485,0.9471677559912854,1739,0.7625071880391029,0.5245774890760463,0.07491914130115454,10
ens_entropy_epistemic,0.21951112176554025,0.9477124183006536,1740,0.7626436781609195,0.524914518726547,0.07478029886385419,10
ens_entropy_epistemic,0.21951117476119678,0.9482570806100218,1741,0.7627800114876507,0.5252506845254011,0.0746416162513557,10
ens_entropy_epistemic,0.2195111961271243,0.94880174291939,1742,0.7623421354764638,0.5244360332082637,0.0746944435249992,10
ens_entropy_epistemic,0.2195112099371567,0.9493464052287581,1743,0.7624784853700516,0.5246463842659442,0.07455596922704263,10
ens_entropy_epistemic,0.21951130892904533,0.9498910675381264,1744,0.7626146788990825,0.5249819733995799,0.07441765346939336,10
ens_entropy_epistemic,0.21951131483700798,0.9504357298474946,1745,0.7627507163323782,0.5251919133498081,0.07427949626782882,10
ens_entropy_epistemic,0.219511327935807,0.9509803921568627,1746,0.7628865979381443,0.5255266609166203,0.07414149730175174,10
ens_entropy_epistemic,0.21951133832262057,0.9515250544662309,1747,0.7624499141385231,0.5245921848740046,0.07457606614029562,10
ens_entropy_epistemic,0.2195113575013722,0.9520697167755992,1748,0.7625858123569794,0.5249265863504313,0.07443805547226405,10
ens_entropy_epistemic,0.2195113812180184,0.9526143790849673,1749,0.7627215551743853,0.5252601361361126,0.07430020268602822,10
ens_entropy_epistemic,0.2195113949427077,0.9531590413943355,1750,0.7628571428571429,0.5255928374806809,0.07416250739065013,10
ens_entropy_epistemic,0.21951144531857134,0.9537037037037037,1751,0.7629925756710452,0.5258028035559652,0.0740249694467623,10
ens_entropy_epistemic,0.21951144974929246,0.954248366013072,1752,0.7625570776255708,0.5248714445151398,0.07445836465466082,10
ens_entropy_epistemic,0.21951146585346973,0.9547930283224401,1753,0.7626925270964061,0.5250813729793516,0.07432081493151935,10
ens_entropy_epistemic,0.21951148642288834,0.9553376906318083,1754,0.7622576966932725,0.5242716931062069,0.07475354724932892,10
ens_entropy_epistemic,0.21951149133249015,0.9558823529411765,1755,0.7623931623931623,0.5246043485123971,0.07461598585094083,10
ens_entropy_epistemic,0.21951149927714783,0.9564270152505446,1756,0.7625284738041003,0.5248140793521007,0.07447858133632027,10
ens_entropy_epistemic,0.2195115126757354,0.9569716775599129,1757,0.7626636311895276,0.525023386797205,0.07434133293784738,10
ens_entropy_epistemic,0.21951151775721991,0.9575163398692811,1758,0.7622298065984073,0.5242157605423151,0.0743938502138274,10
ens_entropy_epistemic,0.21951152625653064,0.9580610021786492,1759,0.7623649801023309,0.524547867112247,0.07425680630406306,10
ens_entropy_epistemic,0.21951153816896127,0.9586056644880174,1760,0.7625,0.5247569780001136,0.07411991795708253,10
ens_entropy_epistemic,0.21951153974673532,0.9591503267973857,1761,0.7626348665530949,0.5249656678506527,0.07398318520587203,10
ens_entropy_epistemic,0.21951157235542798,0.9596949891067538,1762,0.7627695800227015,0.5252969649313902,0.07384660746765877,10
ens_entropy_epistemic,0.2195115998228476,0.960239651416122,1763,0.7623369256948384,0.5244916442922994,0.07389925649922557,10
ens_entropy_epistemic,0.2195116104573829,0.9607843137254902,1764,0.7619047619047619,0.5235669969441614,0.07432977484564267,10
ens_entropy_epistemic,0.21951161866437144,0.9613289760348583,1765,0.7620396600566572,0.5238982158225328,0.07419323295257715,10
ens_entropy_epistemic,0.2195116998662907,0.9618736383442266,1766,0.7621744054360136,0.5241071073396013,0.0740568458145545,10
ens_entropy_epistemic,0.21951171902087638,0.9624183006535948,1767,0.7617430673457838,0.5233042986795031,0.07410925646856355,10
ens_entropy_epistemic,0.21951172291188661,0.9629629629629629,1768,0.7613122171945701,0.5223824034005069,0.07453868197314106,10
ens_entropy_epistemic,0.21951173686328293,0.9635076252723311,1769,0.7614471452798192,0.5225914632586554,0.0744023308098913,10
ens_entropy_epistemic,0.21951176641355552,0.9640522875816994,1770,0.7615819209039548,0.5228001042640948,0.07426613368215076,10
ens_entropy_epistemic,0.21951180912747503,0.9645969498910676,1771,0.7617165443252399,0.5231312865773199,0.07413009031060377,10
ens_entropy_epistemic,0.21951181648878712,0.9651416122004357,1772,0.7618510158013544,0.5234616365026765,0.07399420052102923,10
ens_entropy_epistemic,0.21951184954676675,0.9656862745098039,1773,0.7619853355893965,0.5236698897102825,0.07385846402166099,10
ens_entropy_epistemic,0.21951186150562638,0.9662309368191722,1774,0.7615558060879368,0.5228702482670393,0.07391077976797972,10
ens_entropy_epistemic,0.21951188194536755,0.9667755991285403,1775,0.7611267605633802,0.5219523349763706,0.0743386234498824,10
ens_entropy_epistemic,0.21951188594120874,0.9673202614379085,1776,0.7606981981981982,0.5211547099141528,0.074765985329603,10
ens_entropy_epistemic,0.21951188677451988,0.9678649237472767,1777,0.7608328643781654,0.521485247445144,0.0746301200931597,10
ens_entropy_epistemic,0.21951189788482295,0.9684095860566448,1778,0.7609673790776152,0.5216938866193287,0.07411945449105534,10
ens_entropy_epistemic,0.2195119013221435,0.9689542483660131,1779,0.7611017425519955,0.5220236119671897,0.07398410540838748,10
ens_entropy_epistemic,0.2195119156905262,0.9694989106753813,1780,0.7612359550561798,0.5222318498627009,0.07384890841223321,10
ens_entropy_epistemic,0.21951193966011154,0.9700435729847494,1781,0.7613700168444694,0.5224396728545353,0.07371386316795843,10
ens_entropy_epistemic,0.21951196529110778,0.9705882352941176,1782,0.7609427609427609,0.5216445006244634,0.07376602523240768,10
ens_entropy_epistemic,0.2195119745211021,0.9711328976034859,1783,0.7610768367919237,0.5218521134474253,0.07363117798052611,10
ens_entropy_epistemic,0.21951198629942217,0.971677559912854,1784,0.7606502242152466,0.5209391948321141,0.07405701999208461,10
ens_entropy_epistemic,0.21951198913163963,0.9722222222222222,1785,0.7607843137254902,0.5211467674053486,0.07392216079849198,10
ens_entropy_epistemic,0.2195119924773056,0.9727668845315904,1786,0.7609182530795073,0.5213539280356998,0.07378745261036697,10
ens_entropy_epistemic,0.21951199321928314,0.9733115468409586,1787,0.7604924454392837,0.520561358111522,0.07383942754400274,10
ens_entropy_epistemic,0.21951202748704,0.9738562091503268,1788,0.7606263982102909,0.5207683097286168,0.07370491631039723,10
ens_entropy_epistemic,0.21951202838129044,0.974400871459695,1789,0.7607602012297373,0.5210982893955032,0.07357055545379473,10
ens_entropy_epistemic,0.21951202954957907,0.9749455337690632,1790,0.7608938547486034,0.5213048460605061,0.07343634471166961,10
ens_entropy_epistemic,0.21951203582853837,0.9754901960784313,1791,0.7610273590173088,0.5216340183346543,0.07330228384476739,10
ens_entropy_epistemic,0.21951206028667525,0.9760348583877996,1792,0.7611607142857143,0.5219623715895904,0.0731683726138106,10
ens_entropy_epistemic,0.21951206803646842,0.9765795206971678,1793,0.7612939208031233,0.522168548966572,0.07303461074952,10
ens_entropy_epistemic,0.21951209151240755,0.9771241830065359,1794,0.7608695652173914,0.5213786515721958,0.07345841159815902,10
ens_entropy_epistemic,0.2195147127154791,0.9776688453159041,1795,0.7610027855153203,0.5215846222186327,0.07332463594472126,10
ens_entropy_epistemic,0.21954086554197375,0.9782135076252724,1796,0.7611358574610245,0.5217901865956962,0.07319100037665043,10
ens_entropy_epistemic,0.21954115065472316,0.9787581699346405,1797,0.7612687813021702,0.5219953459042282,0.07305751356601306,10
ens_entropy_epistemic,0.21957328358211609,0.9793028322440087,1798,0.760845383759733,0.5212073546077769,0.07310962551731866,10
ens_entropy_epistemic,0.21961252612885368,0.9798474945533769,1799,0.7609783212896053,0.5215354507983788,0.07297630719486795,10
ens_entropy_epistemic,0.22435767373319804,0.9803921568627451,1800,0.7605555555555555,0.5206305580409003,0.07339706234629176,10
ens_entropy_epistemic,0.2377892537043296,0.9809368191721133,1801,0.7606885063853415,0.5208358925386843,0.07325750791613757,10
ens_entropy_epistemic,0.26069525795696435,0.9814814814814815,1802,0.7608213096559379,0.5210408236009477,0.07298562940990475,10
ens_entropy_epistemic,0.32647491252126365,0.9820261437908496,1803,0.7609539656128674,0.5213686110818546,0.07264297317884447,10
ens_entropy_epistemic,0.3347704584410938,0.9825708061002179,1804,0.7610864745011087,0.5216955875549957,0.0723029131372713,10
ens_entropy_epistemic,0.4546222814680183,0.9831154684095861,1805,0.7612188365650969,0.5220217560265299,0.07198522986725377,10
ens_entropy_epistemic,0.4600473597808775,0.9836601307189542,1806,0.7613510520487264,0.522347119487778,0.07166837750454581,10
ens_entropy_epistemic,0.46183997853815406,0.9842047930283224,1807,0.7614831211953514,0.5225517055775263,0.0713520270726746,10
ens_entropy_epistemic,0.4620020201898213,0.9847494553376906,1808,0.7616150442477876,0.5227558904659948,0.07103601632901604,10
ens_entropy_epistemic,0.46203459386225254,0.9852941176470589,1809,0.7611940298507462,0.521971891637958,0.07127314166163096,10
ens_entropy_epistemic,0.4620749844765406,0.985838779956427,1810,0.7613259668508288,0.5221758743792846,0.07095752165917174,10
ens_entropy_epistemic,0.4620752126772065,0.9863834422657952,1811,0.7614577581446714,0.5223794581262744,0.07064224924971839,10
ens_entropy_epistemic,0.46207790918914093,0.9869281045751634,1812,0.7615894039735099,0.5225826440484453,0.07032732553860407,10
ens_entropy_epistemic,0.46208729174346796,0.9874727668845316,1813,0.761169332597904,0.5218005220405265,0.07056432152084734,10
ens_entropy_epistemic,0.4620877270762681,0.9880174291938998,1814,0.7607497243660419,0.5210196818057373,0.07080105517518896,10
ens_entropy_epistemic,0.4620895459789611,0.988562091503268,1815,0.7603305785123967,0.5202401214826572,0.07103752851706072,10
ens_entropy_epistemic,0.46208962634295636,0.9891067538126361,1816,0.7599118942731278,0.5194618392096553,0.07127374119984954,10
ens_entropy_epistemic,0.4620947077504053,0.9896514161220044,1817,0.759493670886076,0.5186848331249125,0.07150969580785378,10
ens_entropy_epistemic,0.4620950334326711,0.9901960784313726,1818,0.759075907590759,0.5177894048397645,0.07174538913156625,10
ens_entropy_epistemic,0.46213155568884023,0.9907407407407407,1819,0.7586586036283672,0.5168950987183404,0.07198247113374719,10
ens_entropy_epistemic,0.5100879017982646,0.9912854030501089,1820,0.7587912087912088,0.5170995754721542,0.07177673224597449,10
ens_entropy_epistemic,0.5324485832602701,0.9918300653594772,1821,0.7583745194947831,0.5162067478906049,0.07194460258569042,10
ens_entropy_epistemic,0.6022412750152732,0.9923747276688453,1822,0.7585071350164654,0.5165342535312514,0.071725457225948,10
ens_entropy_epistemic,0.6075479158753914,0.9929193899782135,1823,0.7586396050466264,0.5167387031978435,0.07150594810391793,10
ens_entropy_epistemic,0.6172997079970028,0.9934640522875817,1824,0.7587719298245614,0.5169427561275971,0.0712856410020014,10
ens_entropy_epistemic,0.6356332596349739,0.9940087145969498,1825,0.7589041095890411,0.5172694886663532,0.07106387474254547,10
ens_entropy_epistemic,0.635698407820126,0.9945533769063181,1826,0.7590361445783133,0.517595422368192,0.07084245310893725,10
ens_entropy_epistemic,0.6362784812590555,0.9950980392156863,1827,0.759168035030104,0.5179205601591819,0.07062124033229521,10
ens_entropy_epistemic,0.6363104340954527,0.9956427015250545,1828,0.7587527352297593,0.5170314027721862,0.0707649487004712,10
ens_entropy_epistemic,0.6363731771599879,0.9961873638344226,1829,0.758337889557135,0.5162597490877713,0.07109075074796979,10
ens_entropy_epistemic,0.6363780459791625,0.9967320261437909,1830,0.7584699453551913,0.5165847886111808,0.07086974993393617,10
ens_entropy_epistemic,0.6365106334344276,0.9972766884531591,1831,0.7580557072637902,0.515814626208698,0.07119514426784898,10
ens_entropy_epistemic,0.6365121859138847,0.9978213507625272,1832,0.7581877729257642,0.5161391099462707,0.07097433183635136,10
ens_entropy_epistemic,0.6365124089195842,0.9983660130718954,1833,0.7577741407528642,0.5153704338878409,0.07129931406465236,10
ens_entropy_epistemic,0.6365125436937765,0.9989106753812637,1834,0.7579062159214831,0.5155750841486442,0.0710786856209371,10
ens_entropy_epistemic,0.6365126078672402,0.9994553376906318,1835,0.7574931880108992,0.5146901939575117,0.07140325676839339,10
ens_entropy_epistemic,0.6365134400683994,1.0,1836,0.7570806100217865,0.5139235817606778,0.07172747431632381,10
